tick,pop_boss,pop_worker,avg_nrg_boss,avg_nrg_worker,contracts
1,20,180,1263.0,58.7,180
2,20,180,1524.7,67.3,180
3,20,180,1785.0,75.9,180
4,20,180,2044.1,84.4,180
5,20,180,2301.9,92.9,180
6,20,180,2558.4,101.3,180
7,20,180,2813.6,109.7,180
8,20,180,3067.5,118.1,180
9,20,180,3320.2,126.4,180
10,20,180,3571.5,134.7,180
11,20,180,3821.7,142.9,180
12,20,180,4070.6,151.1,180
13,20,180,4318.2,159.3,180
14,20,180,4564.6,167.4,180
15,20,180,4809.8,175.5,180
16,20,180,5053.7,183.5,180
17,20,180,5296.5,191.5,180
18,20,180,5538.0,199.5,180
19,20,180,5648.4,202.6,93
20,20,180,5683.7,202.9,43
21,20,180,5711.3,202.9,38
22,20,180,5738.8,203.0,38
23,20,180,5758.7,202.8,33
24,20,180,5790.5,203.0,41
25,20,180,5822.1,203.2,41
26,20,180,5841.6,203.0,33
27,20,180,5862.4,202.8,34
28,20,180,5881.7,202.6,33
29,20,180,5920.3,203.1,46
30,20,180,5952.7,203.3,42
31,20,180,5973.1,203.2,34
32,20,180,5988.8,202.8,31
33,20,180,6006.0,202.5,32
34,20,180,6043.9,203.0,46
35,20,180,6063.8,202.8,34
36,20,180,6098.5,203.2,44
37,20,180,6116.6,203.0,33
38,20,180,6139.1,202.9,36
39,20,180,6161.5,202.9,36
40,20,180,6186.7,202.9,38
41,20,180,6216.3,203.1,41
42,20,180,6239.8,203.1,37
43,20,180,6260.2,203.0,35
44,20,180,6280.5,202.9,35
45,20,180,6306.6,203.0,39
46,20,180,6326.7,202.9,35
47,20,180,6355.6,203.1,41
48,20,180,6372.4,202.9,33
49,20,180,6399.6,203.0,40
50,20,180,6423.6,203.1,38
51,20,180,6443.9,203.0,36
52,20,180,6460.5,202.8,34
53,20,180,6483.8,202.8,39
54,20,180,6510.8,203.0,42
55,20,180,6526.5,202.8,35
56,20,180,6553.5,203.0,43
57,20,180,6572.1,202.9,38
58,20,180,6585.6,202.6,35
59,20,180,6604.2,202.5,39
60,20,180,6634.0,202.9,47
61,20,180,6643.6,202.5,34
62,20,180,6670.3,202.7,46
63,20,180,6691.7,202.8,43
64,20,180,6706.3,202.6,39
65,20,180,6726.2,202.6,43
66,20,180,6740.7,202.4,40
67,20,180,6767.9,202.8,49
68,20,180,6783.8,202.7,42
69,20,180,6794.4,202.4,39
70,20,180,6817.7,202.6,48
71,20,180,6843.1,202.9,50
72,20,180,6843.8,202.2,34
73,20,180,6858.7,202.1,44
74,20,180,6889.2,202.6,55
75,20,180,6903.9,202.6,45
76,20,180,6916.3,202.4,44
77,20,180,6927.8,202.2,44
78,20,180,6953.5,202.6,54
79,20,180,6958.9,202.2,41
80,20,180,6980.0,202.4,52
81,20,180,6982.3,202.0,40
82,20,180,7009.2,202.4,57
83,20,180,7011.4,201.9,41
84,20,180,7039.6,202.5,59
85,20,180,7054.9,202.5,51
86,20,180,7053.1,201.9,40
87,20,180,7069.9,202.1,53
88,20,180,7096.2,202.6,60
89,20,180,7099.3,202.2,45
90,20,180,7104.6,201.9,47
91,20,180,7128.5,202.3,60
92,20,180,7133.6,202.1,48
93,20,180,7143.8,202.0,52
94,20,180,7157.8,202.1,55
95,20,180,7163.4,201.9,50
96,20,180,7174.2,201.9,54
97,20,180,7188.6,202.1,57
98,20,180,7197.7,202.0,54
99,20,180,7200.1,201.7,50
100,20,180,7218.0,202.0,61
101,20,180,7224.6,201.9,54
102,20,180,7236.4,202.0,58
103,20,180,7241.4,201.9,54
104,20,180,7253.0,202.0,59
105,20,180,7265.2,202.1,60
106,20,180,7258.8,201.6,48
107,20,180,7276.9,201.9,65
108,20,180,7279.3,201.7,55
109,20,180,7274.9,201.3,51
110,20,180,7296.6,201.8,69
111,20,180,7299.5,201.7,57
112,20,180,7300.2,201.5,56
113,20,180,7316.4,201.8,67
114,20,180,7309.4,201.4,52
115,20,180,7325.5,201.7,68
116,20,180,7325.9,201.5,58
117,20,180,7332.9,201.6,63
118,20,180,7336.2,201.5,61
119,20,180,7340.1,201.5,62
120,20,180,7341.8,201.4,61
121,20,180,7348.6,201.5,65
122,20,180,7350.2,201.4,62
123,20,180,7358.4,201.6,67
124,20,180,7353.9,201.3,59
125,20,180,7365.0,201.6,70
126,20,180,7364.8,201.4,63
127,20,180,7361.0,201.2,61
128,20,180,7369.7,201.4,70
129,20,180,7362.9,201.1,60
130,20,180,7370.1,201.2,70
131,20,180,7378.0,201.5,71
132,20,180,7371.7,201.2,62
133,20,180,7378.1,201.3,71
134,20,180,7379.2,201.3,68
135,20,180,7372.2,201.0,63
136,20,180,7379.3,201.3,73
137,20,180,7372.2,201.0,64
138,20,180,7374.8,201.1,71
139,20,180,7376.7,201.1,71
140,20,180,7367.4,200.8,64
141,20,180,7387.1,201.5,84
142,20,180,7374.7,201.0,63
143,20,180,7370.6,200.9,69
144,20,180,7374.7,201.1,75
145,20,180,7357.3,200.5,61
146,20,180,7371.9,201.1,83
147,20,180,7372.2,201.1,74
148,20,180,7368.9,201.0,72
149,20,180,7369.3,201.1,75
150,20,180,7363.0,200.9,71
151,20,180,7361.9,201.0,75
152,20,180,7354.3,200.8,71
153,20,180,7348.9,200.6,73
154,20,180,7344.4,200.6,74
155,20,180,7353.9,201.0,84
156,20,180,7340.4,200.6,69
157,20,180,7350.0,201.1,85
158,20,180,7330.7,200.5,66
159,20,180,7346.3,201.2,90
160,20,180,7328.5,200.6,68
161,20,180,7320.5,200.5,75
162,20,180,7331.1,201.0,88
163,20,180,7314.3,200.5,70
164,20,180,7320.5,200.9,86
165,20,180,7296.5,200.1,66
166,20,180,7311.9,200.8,93
167,20,180,7296.8,200.4,73
168,20,180,7291.5,200.4,80
169,20,180,7282.7,200.2,78
170,20,180,7290.9,200.7,90
171,20,180,7271.7,200.2,72
172,20,180,7281.6,200.7,92
173,20,180,7267.0,200.4,76
174,20,180,7269.6,200.6,88
175,20,180,7246.4,200.0,71
176,20,180,7252.3,200.4,91
177,20,180,7244.1,200.3,82
178,20,180,7241.2,200.4,86
179,20,180,7233.2,200.3,83
180,20,180,7229.0,200.3,86
181,20,180,7227.1,200.4,88
182,20,180,7220.1,200.4,85
183,20,180,7206.6,200.1,81
184,20,180,7207.3,200.4,91
185,20,180,7189.7,199.9,79
186,20,180,7199.5,200.5,98
187,20,180,7179.1,200.0,78
188,20,180,7189.1,200.6,99
189,20,180,7173.3,200.2,82
190,20,180,7173.2,200.4,93
191,20,180,7157.6,200.1,83
192,20,180,7154.9,200.2,92
193,20,180,7144.1,200.1,87
194,20,180,7135.8,200.0,89
195,20,180,7128.4,200.0,90
196,20,180,7121.8,200.0,91
197,20,180,7116.1,200.0,92
198,20,180,7111.3,200.1,93
199,20,180,7102.9,200.0,91
200,20,180,7094.0,199.9,91
201,20,180,7096.3,200.2,99
202,20,180,7080.1,199.9,87
203,20,180,7075.4,200.0,95
204,20,180,7064.1,199.8,91
205,20,180,7052.3,199.6,91
206,20,180,7056.2,200.0,102
207,20,180,7040.2,199.7,89
208,20,180,7034.1,199.7,96
209,20,180,7020.1,199.5,91
210,20,180,7021.8,199.8,102
211,20,180,7009.6,199.6,93
212,20,180,7007.1,199.8,100
213,20,180,6984.9,199.2,87
214,20,180,6991.9,199.7,107
215,20,180,6965.7,199.0,85
216,20,180,6983.3,199.9,115
217,20,180,6954.4,199.1,84
218,20,180,6972.3,200.0,116
219,20,180,6943.7,199.2,85
220,20,180,6945.8,199.6,106
221,20,180,6932.4,199.3,96
222,20,180,6926.0,199.4,101
223,20,180,6916.1,199.3,99
224,20,180,6901.3,199.0,96
225,20,180,6909.6,199.5,112
226,20,180,6893.5,199.2,96
227,20,180,6893.2,199.4,107
228,20,180,6879.1,199.2,98
229,20,180,6883.6,199.6,111
230,20,180,6868.2,199.3,98
231,20,180,6861.3,199.3,104
232,20,180,6846.5,199.0,99
233,20,180,6843.1,199.1,107
234,20,180,6831.7,199.0,102
235,20,180,6827.2,199.1,107
236,20,180,6823.6,199.2,108
237,20,180,6813.6,199.1,104
238,20,180,6804.5,199.0,105
239,20,180,6806.7,199.3,113
240,20,180,6794.9,199.1,104
241,20,180,6787.1,199.1,107
242,20,180,6778.8,199.1,107
243,20,180,6762.7,198.7,102
244,20,180,6768.3,199.2,117
245,20,180,6736.4,198.2,92
246,20,180,6755.9,199.2,127
247,20,180,6752.2,199.3,112
248,20,180,6731.8,198.8,101
249,20,180,6734.7,199.2,117
250,20,180,6703.1,198.2,94
251,20,180,6714.1,198.9,123
252,20,180,6702.2,198.7,108
253,20,180,6694.2,198.6,111
254,20,180,6694.6,198.9,117
255,20,180,6688.4,198.9,113
256,20,180,6686.0,199.0,116
257,20,180,6669.9,198.7,107
258,20,180,6669.6,198.9,118
259,20,180,6655.5,198.6,109
260,20,180,6645.4,198.5,112
261,20,180,6649.5,198.8,122
262,20,180,6631.0,198.4,107
263,20,180,6634.1,198.7,122
264,20,180,6636.5,199.0,122
265,20,180,6619.1,198.6,109
266,20,180,6607.4,198.4,113
267,20,180,6601.1,198.4,117
268,20,180,6597.3,198.5,119
269,20,180,6595.8,198.7,121
270,20,180,6580.5,198.3,112
271,20,180,6581.0,198.5,123
272,20,180,6577.9,198.6,121
273,20,180,6568.4,198.5,117
274,20,180,6559.9,198.4,118
275,20,180,6551.0,198.3,118
276,20,180,6546.0,198.3,121
277,20,180,6546.3,198.5,125
278,20,180,6531.4,198.2,115
279,20,180,6533.7,198.5,127
280,20,180,6525.1,198.4,120
281,20,180,6508.7,198.0,115
282,20,180,6511.1,198.3,128
283,20,180,6501.1,198.1,120
284,20,180,6499.4,198.2,126
285,20,180,6486.9,198.0,119
286,20,180,6491.6,198.3,131
287,20,180,6482.4,198.2,122
288,20,180,6468.4,197.9,119
289,20,180,6471.7,198.2,131
290,20,180,6461.0,198.0,122
291,20,180,6460.2,198.1,129
292,20,180,6444.2,197.7,119
293,20,180,6445.5,198.0,131
294,20,180,6447.5,198.2,132
295,20,180,6427.0,197.6,117
296,20,180,6429.7,197.9,133
297,20,180,6427.3,198.0,130
298,20,180,6415.5,197.8,124
299,20,180,6406.4,197.6,126
300,20,180,6410.0,197.9,135
301,20,180,6412.8,198.2,135
302,20,180,6395.9,197.7,122
303,20,180,6399.3,198.0,136
304,20,180,6380.1,197.5,121
305,20,180,6388.4,198.0,140
306,20,180,6379.9,197.8,129
307,20,180,6362.2,197.3,123
308,20,180,6367.7,197.7,139
309,20,180,6357.8,197.5,129
310,20,180,6366.4,198.0,142
311,20,180,6340.7,197.2,119
312,20,180,6351.5,197.8,144
313,20,180,6340.9,197.5,130
314,20,180,6337.3,197.6,135
315,20,180,6325.9,197.3,130
316,20,180,6334.5,197.8,144
317,20,180,6324.8,197.6,132
318,20,180,6323.4,197.7,138
319,20,180,6315.6,197.5,134
320,20,180,6304.5,197.3,132
321,20,180,6297.5,197.2,135
322,20,180,6300.2,197.4,142
323,20,180,6305.1,197.7,144
324,20,180,6293.2,197.4,133
325,20,180,6279.5,197.1,132
326,20,180,6287.5,197.5,147
327,20,180,6281.5,197.4,138
328,20,180,6279.3,197.5,141
329,20,180,6267.9,197.2,135
330,20,180,6266.4,197.3,142
331,20,180,6257.0,197.1,137
332,20,180,6250.2,197.0,139
333,20,180,6258.9,197.4,150
334,20,180,6253.7,197.4,141
335,20,180,6245.0,197.2,139
336,20,180,6240.4,197.1,142
337,20,180,6228.0,196.8,137
338,20,180,6237.1,197.3,152
339,20,180,6226.5,197.0,139
340,20,180,6235.8,197.5,153
341,20,180,6219.5,197.0,136
342,20,180,6206.1,196.7,138
343,20,180,6212.8,197.0,152
344,20,180,6211.3,197.1,147
345,20,180,6200.6,196.8,141
346,20,180,6204.0,197.1,151
347,20,180,6198.0,197.0,145
348,20,180,6187.3,196.7,142
349,20,180,6189.3,196.9,151
350,20,180,6181.9,196.7,145
351,20,180,6178.5,196.7,148
352,20,180,6186.1,197.1,156
353,20,180,6176.9,196.9,145
354,20,180,6171.7,196.8,148
355,20,180,6166.1,196.7,148
356,20,180,6151.3,196.3,142
357,20,180,6152.4,196.4,153
358,20,180,6161.4,196.9,159
359,20,180,6163.7,197.1,155
360,20,180,6149.4,196.7,144
361,20,180,6153.7,196.9,157
362,20,180,6141.4,196.6,146
363,20,180,6136.1,196.5,151
364,20,180,6137.6,196.7,156
365,20,180,6128.2,196.4,149
366,20,180,6128.7,196.5,156
367,20,180,6134.3,196.9,160
368,20,180,6133.3,196.9,156
369,20,180,6114.4,196.3,144
370,20,180,6109.9,196.3,154
371,20,180,6112.2,196.4,159
372,20,180,6108.1,196.4,155
373,20,180,6103.4,196.3,155
374,20,180,6112.7,196.8,165
375,20,180,6105.2,196.6,154
376,20,180,6101.6,196.5,157
377,20,180,6093.2,196.3,154
378,20,180,6087.4,196.2,156
379,20,180,6088.4,196.3,161
380,20,180,6090.1,196.5,162
381,20,180,6079.6,196.2,154
382,20,180,6081.9,196.4,163
383,20,180,6083.4,196.5,163
384,20,180,6074.2,196.3,156
385,20,180,6079.1,196.6,166
386,20,180,6070.2,196.3,157
387,20,180,6065.3,196.2,160
388,20,180,6054.3,195.9,156
389,20,180,6048.8,195.8,160
390,20,180,6048.6,195.9,164
391,20,180,6055.0,196.2,169
392,20,180,6060.6,196.5,169
393,20,180,6061.0,196.6,166
394,20,180,6057.8,196.6,164
395,20,180,6054.2,196.5,164
396,20,180,6041.4,196.1,158
397,20,180,6031.3,195.8,160
398,20,180,6025.4,195.7,163
399,20,180,6026.3,195.8,168
400,20,180,6026.5,195.9,168
401,20,180,6026.1,196.0,168
402,20,180,6029.4,196.2,171
403,20,180,6040.5,196.7,177
404,20,180,6036.2,196.6,167
405,20,180,6034.3,196.6,169
406,20,180,6029.0,196.5,167
407,20,180,6023.3,196.3,167
408,20,180,6014.3,196.1,165
409,20,180,6016.5,196.2,173
410,20,180,6016.6,196.3,172
411,20,180,6017.5,196.4,173
412,20,180,6004.8,196.0,164
413,20,180,6009.2,196.3,176
414,20,180,6010.0,196.4,174
415,20,180,6010.1,196.5,174
416,20,180,6013.9,196.7,177
417,20,180,6008.2,196.5,171
418,20,180,6003.6,196.4,172
419,20,180,6002.9,196.5,175
420,20,180,6004.5,196.6,177
421,20,180,6001.1,196.6,174
422,20,180,6000.0,196.6,176
423,20,180,5992.7,196.4,172
424,20,180,5993.6,196.5,178
425,20,180,5991.0,196.5,176
426,20,180,5989.3,196.5,177
427,20,180,5988.5,196.5,178
428,20,180,5981.4,196.3,174
429,20,180,5979.7,196.3,178
430,20,180,5980.3,196.4,180
431,20,180,5977.4,196.4,178
432,20,180,5975.4,196.4,179
433,20,180,5971.4,196.3,178
434,20,180,5969.9,196.3,180
435,20,180,5964.9,196.2,178
436,20,180,5958.1,196.0,177
437,20,180,5955.3,196.0,180
438,20,180,5950.5,195.8,179
439,20,180,5942.5,195.6,177
440,20,180,5938.5,195.5,180
441,20,180,5934.0,195.4,180
442,20,180,5929.2,195.3,180
443,20,180,5923.9,195.2,180
444,20,180,5918.2,195.0,180
445,20,180,5912.2,194.9,180
446,20,180,5905.8,194.7,180
447,20,180,5899.1,194.5,180
448,20,180,5892.1,194.3,180
449,20,180,5884.7,194.1,180
450,20,180,5877.1,193.9,180
451,20,180,5869.2,193.6,180
452,20,180,5861.1,193.4,180
453,20,180,5852.7,193.1,180
454,20,180,5844.1,192.9,180
455,20,180,5835.2,192.6,180
456,20,180,5826.2,192.3,180
457,20,180,5816.9,192.1,180
458,20,180,5807.5,191.8,180
459,20,180,5797.9,191.5,180
460,20,180,5788.1,191.2,180
461,20,180,5778.1,190.8,180
462,20,180,5768.1,190.5,180
463,20,180,5757.8,190.2,180
464,20,180,5747.5,189.9,180
465,20,180,5737.0,189.5,180
466,20,180,5726.4,189.2,180
467,20,180,5715.8,188.9,180
468,20,180,5705.0,188.5,180
469,20,180,5694.1,188.2,180
470,20,180,5683.1,187.8,180
471,20,180,5672.1,187.5,180
472,20,180,5660.9,187.1,180
473,20,180,5649.8,186.8,180
474,20,180,5638.5,186.4,180
475,20,180,5627.2,186.0,180
476,20,180,5615.8,185.7,180
477,20,180,5604.4,185.3,180
478,20,180,5593.0,184.9,180
479,20,180,5581.5,184.5,180
480,20,180,5569.9,184.2,180
481,20,180,5558.4,183.8,180
482,20,180,5546.8,183.4,180
483,20,180,5535.2,183.0,180
484,20,180,5523.6,182.6,180
485,20,180,5511.9,182.3,180
486,20,180,5500.3,181.9,180
487,20,180,5488.6,181.5,180
488,20,180,5476.9,181.1,180
489,20,180,5465.2,180.7,180
490,20,180,5453.6,180.4,180
491,20,180,5441.9,180.0,180
492,20,180,5430.2,179.6,180
493,20,180,5418.5,179.2,180
494,20,180,5406.8,178.8,180
495,20,180,5395.2,178.4,180
496,20,180,5383.5,178.0,180
497,20,180,5371.9,177.7,180
498,20,180,5360.3,177.3,180
499,20,180,5348.7,176.9,180
500,20,180,5337.1,176.5,180
501,20,180,5325.5,176.1,180
502,20,180,5314.0,175.8,180
503,20,180,5302.4,175.4,180
504,20,180,5290.9,175.0,180
505,20,180,5279.4,174.6,180
506,20,180,5268.0,174.2,180
507,20,180,5256.5,173.9,180
508,20,180,5245.1,173.5,180
509,20,180,5233.8,173.1,180
510,20,180,5222.4,172.7,180
511,20,180,5211.1,172.3,180
512,20,180,5199.8,172.0,180
513,20,180,5188.6,171.6,180
514,20,180,5177.3,171.2,180
515,20,180,5166.1,170.9,180
516,20,180,5155.0,170.5,180
517,20,180,5143.8,170.1,180
518,20,180,5132.8,169.8,180
519,20,180,5121.7,169.4,180
520,20,180,5110.7,169.0,180
521,20,180,5099.7,168.7,180
522,20,180,5088.7,168.3,180
523,20,180,5077.8,167.9,180
524,20,180,5066.9,167.6,180
525,20,180,5056.1,167.2,180
526,20,180,5045.3,166.8,180
527,20,180,5034.5,166.5,180
528,20,180,5023.8,166.1,180
529,20,180,5013.1,165.8,180
530,20,180,5002.4,165.4,180
531,20,180,4991.8,165.1,180
532,20,180,4981.2,164.7,180
533,20,180,4970.7,164.4,180
534,20,180,4960.2,164.0,180
535,20,180,4949.7,163.7,180
536,20,180,4939.3,163.3,180
537,20,180,4928.9,163.0,180
538,20,180,4918.5,162.6,180
539,20,180,4908.2,162.3,180
540,20,180,4897.9,162.0,180
541,20,180,4887.7,161.6,180
542,20,180,4877.5,161.3,180
543,20,180,4867.3,160.9,180
544,20,180,4857.2,160.6,180
545,20,180,4847.1,160.3,180
546,20,180,4837.0,159.9,180
547,20,180,4827.0,159.6,180
548,20,180,4817.1,159.3,180
549,20,180,4807.1,158.9,180
550,20,180,4797.2,158.6,180
551,20,180,4787.4,158.3,180
552,20,180,4777.5,158.0,180
553,20,180,4767.8,157.6,180
554,20,180,4758.0,157.3,180
555,20,180,4748.3,157.0,180
556,20,180,4738.6,156.7,180
557,20,180,4729.0,156.3,180
558,20,180,4719.4,156.0,180
559,20,180,4709.8,155.7,180
560,20,180,4700.3,155.4,180
561,20,180,4690.8,155.1,180
562,20,180,4681.4,154.8,180
563,20,180,4671.9,154.4,180
564,20,180,4662.6,154.1,180
565,20,180,4653.2,153.8,180
566,20,180,4643.9,153.5,180
567,20,180,4634.6,153.2,180
568,20,180,4625.4,152.9,180
569,20,180,4616.2,152.6,180
570,20,180,4607.0,152.3,180
571,20,180,4597.9,152.0,180
572,20,180,4588.8,151.7,180
573,20,180,4579.7,151.4,180
574,20,180,4570.7,151.1,180
575,20,180,4561.7,150.8,180
576,20,180,4552.7,150.5,180
577,20,180,4543.8,150.2,180
578,20,180,4534.9,149.9,180
579,20,180,4526.0,149.6,180
580,20,180,4517.2,149.3,180
581,20,180,4508.4,149.0,180
582,20,180,4499.7,148.7,180
583,20,180,4490.9,148.4,180
584,20,180,4482.2,148.1,180
585,20,180,4473.6,147.8,180
586,20,180,4464.9,147.6,180
587,20,180,4456.4,147.3,180
588,20,180,4447.8,147.0,180
589,20,180,4439.3,146.7,180
590,20,180,4430.7,146.4,180
591,20,180,4422.3,146.1,180
592,20,180,4413.8,145.9,180
593,20,180,4405.4,145.6,180
594,20,180,4397.1,145.3,180
595,20,180,4388.7,145.0,180
596,20,180,4380.4,144.7,180
597,20,180,4372.1,144.5,180
598,20,180,4363.9,144.2,180
599,20,180,4355.6,143.9,180
600,20,180,4347.4,143.6,180
601,20,180,4339.3,143.4,180
602,20,180,4331.1,143.1,180
603,20,180,4323.0,142.8,180
604,20,180,4315.0,142.6,180
605,20,180,4306.9,142.3,180
606,20,180,4298.9,142.0,180
607,20,180,4290.9,141.8,180
608,20,180,4282.9,141.5,180
609,20,180,4275.0,141.2,180
610,20,180,4267.1,141.0,180
611,20,180,4259.2,140.7,180
612,20,180,4251.4,140.4,180
613,20,180,4243.6,140.2,180
614,20,180,4235.8,139.9,180
615,20,180,4228.0,139.7,180
616,20,180,4220.3,139.4,180
617,20,180,4212.6,139.2,180
618,20,180,4204.9,138.9,180
619,20,180,4197.2,138.6,180
620,20,180,4189.6,138.4,180
621,20,180,4182.0,138.1,180
622,20,180,4174.5,137.9,180
623,20,180,4166.9,137.6,180
624,20,180,4159.4,137.4,180
625,20,180,4151.9,137.1,180
626,20,180,4144.4,136.9,180
627,20,180,4137.0,136.6,180
628,20,180,4129.6,136.4,180
629,20,180,4122.2,136.1,180
630,20,180,4114.8,135.9,180
631,20,180,4107.5,135.7,180
632,20,180,4100.2,135.4,180
633,20,180,4092.9,135.2,180
634,20,180,4085.6,134.9,180
635,20,180,4078.4,134.7,180
636,20,180,4071.2,134.5,180
637,20,180,4064.0,134.2,180
638,20,180,4056.8,134.0,180
639,20,180,4049.7,133.7,180
640,20,180,4042.6,133.5,180
641,20,180,4035.5,133.3,180
642,20,180,4028.4,133.0,180
643,20,180,4021.4,132.8,180
644,20,180,4014.3,132.6,180
645,20,180,4007.3,132.3,180
646,20,180,4000.4,132.1,180
647,20,180,3993.4,131.9,180
648,20,180,3986.5,131.6,180
649,20,180,3979.6,131.4,180
650,20,180,3972.7,131.2,180
651,20,180,3965.9,130.9,180
652,20,180,3959.0,130.7,180
653,20,180,3952.2,130.5,180
654,20,180,3945.4,130.3,180
655,20,180,3938.7,130.0,180
656,20,180,3931.9,129.8,180
657,20,180,3925.2,129.6,180
658,20,180,3918.5,129.4,180
659,20,180,3911.8,129.1,180
660,20,180,3905.2,128.9,180
661,20,180,3898.5,128.7,180
662,20,180,3891.9,128.5,180
663,20,180,3885.3,128.3,180
664,20,180,3878.7,128.0,180
665,20,180,3872.2,127.8,180
666,20,180,3865.7,127.6,180
667,20,180,3859.2,127.4,180
668,20,180,3852.7,127.2,180
669,20,180,3846.2,127.0,180
670,20,180,3839.8,126.8,180
671,20,180,3833.4,126.5,180
672,20,180,3827.0,126.3,180
673,20,180,3820.6,126.1,180
674,20,180,3814.2,125.9,180
675,20,180,3807.9,125.7,180
676,20,180,3801.5,125.5,180
677,20,180,3795.2,125.3,180
678,20,180,3789.0,125.1,180
679,20,180,3782.7,124.9,180
680,20,180,3776.5,124.6,180
681,20,180,3770.2,124.4,180
682,20,180,3764.0,124.2,180
683,20,180,3757.9,124.0,180
684,20,180,3751.7,123.8,180
685,20,180,3745.6,123.6,180
686,20,180,3739.4,123.4,180
687,20,180,3733.3,123.2,180
688,20,180,3727.2,123.0,180
689,20,180,3721.2,122.8,180
690,20,180,3715.1,122.6,180
691,20,180,3709.1,122.4,180
692,20,180,3703.1,122.2,180
693,20,180,3697.1,122.0,180
694,20,180,3691.1,121.8,180
695,20,180,3685.2,121.6,180
696,20,180,3679.2,121.4,180
697,20,180,3673.3,121.2,180
698,20,180,3667.4,121.0,180
699,20,180,3661.5,120.8,180
700,20,180,3655.7,120.6,180
701,20,180,3649.8,120.4,180
702,20,180,3644.0,120.2,180
703,20,180,3638.2,120.0,180
704,20,180,3632.4,119.9,180
705,20,180,3626.6,119.7,180
706,20,180,3620.9,119.5,180
707,20,180,3615.1,119.3,180
708,20,180,3609.4,119.1,180
709,20,180,3603.7,118.9,180
710,20,180,3598.0,118.7,180
711,20,180,3592.3,118.5,180
712,20,180,3586.7,118.3,180
713,20,180,3581.0,118.1,180
714,20,180,3575.4,118.0,180
715,20,180,3569.8,117.8,180
716,20,180,3564.2,117.6,180
717,20,180,3558.7,117.4,180
718,20,180,3553.1,117.2,180
719,20,180,3547.6,117.0,180
720,20,180,3542.0,116.8,180
721,20,180,3536.5,116.7,180
722,20,180,3531.1,116.5,180
723,20,180,3525.6,116.3,180
724,20,180,3520.1,116.1,180
725,20,180,3514.7,115.9,180
726,20,180,3509.3,115.8,180
727,20,180,3503.9,115.6,180
728,20,180,3498.5,115.4,180
729,20,180,3493.1,115.2,180
730,20,180,3487.7,115.0,180
731,20,180,3482.4,114.9,180
732,20,180,3477.0,114.7,180
733,20,180,3471.7,114.5,180
734,20,180,3466.4,114.3,180
735,20,180,3461.1,114.2,180
736,20,180,3455.9,114.0,180
737,20,180,3450.6,113.8,180
738,20,180,3445.4,113.6,180
739,20,180,3440.2,113.5,180
740,20,180,3435.0,113.3,180
741,20,180,3429.8,113.1,180
742,20,180,3424.6,112.9,180
743,20,180,3419.4,112.8,180
744,20,180,3414.3,112.6,180
745,20,180,3409.1,112.4,180
746,20,180,3404.0,112.3,180
747,20,180,3398.9,112.1,180
748,20,180,3393.8,111.9,180
749,20,180,3388.7,111.7,180
750,20,180,3383.7,111.6,180
751,20,180,3378.6,111.4,180
752,20,180,3373.6,111.2,180
753,20,180,3368.6,111.1,180
754,20,180,3363.6,110.9,180
755,20,180,3358.6,110.7,180
756,20,180,3353.6,110.6,180
757,20,180,3348.6,110.4,180
758,20,180,3343.7,110.2,180
759,20,180,3338.8,110.1,180
760,20,180,3333.8,109.9,180
761,20,180,3328.9,109.8,180
762,20,180,3324.0,109.6,180
763,20,180,3319.2,109.4,180
764,20,180,3314.3,109.3,180
765,20,180,3309.4,109.1,180
766,20,180,3304.6,108.9,180
767,20,180,3299.8,108.8,180
768,20,180,3294.9,108.6,180
769,20,180,3290.1,108.5,180
770,20,180,3285.4,108.3,180
771,20,180,3280.6,108.1,180
772,20,180,3275.8,108.0,180
773,20,180,3271.1,107.8,180
774,20,180,3266.3,107.7,180
775,20,180,3261.6,107.5,180
776,20,180,3256.9,107.4,180
777,20,180,3252.2,107.2,180
778,20,180,3247.5,107.0,180
779,20,180,3242.9,106.9,180
780,20,180,3238.2,106.7,180
781,20,180,3233.5,106.6,180
782,20,180,3228.9,106.4,180
783,20,180,3224.3,106.3,180
784,20,180,3219.7,106.1,180
785,20,180,3215.1,106.0,180
786,20,180,3210.5,105.8,180
787,20,180,3205.9,105.7,180
788,20,180,3201.4,105.5,180
789,20,180,3196.8,105.4,180
790,20,180,3192.3,105.2,180
791,20,180,3187.8,105.1,180
792,20,180,3183.3,104.9,180
793,20,180,3178.8,104.8,180
794,20,180,3174.3,104.6,180
795,20,180,3169.8,104.5,180
796,20,180,3165.3,104.3,180
797,20,180,3160.9,104.2,180
798,20,180,3156.4,104.0,180
799,20,180,3152.0,103.9,180
800,20,180,3147.6,103.7,180
801,20,180,3143.2,103.6,180
802,20,180,3138.8,103.4,180
803,20,180,3134.4,103.3,180
804,20,180,3130.0,103.1,180
805,20,180,3125.7,103.0,180
806,20,180,3121.3,102.8,180
807,20,180,3117.0,102.7,180
808,20,180,3112.7,102.6,180
809,20,180,3108.4,102.4,180
810,20,180,3104.1,102.3,180
811,20,180,3099.8,102.1,180
812,20,180,3095.5,102.0,180
813,20,180,3091.2,101.8,180
814,20,180,3087.0,101.7,180
815,20,180,3082.7,101.6,180
816,20,180,3078.5,101.4,180
817,20,180,3074.2,101.3,180
818,20,180,3070.0,101.1,180
819,20,180,3065.8,101.0,180
820,20,180,3061.6,100.9,180
821,20,180,3057.4,100.7,180
822,20,180,3053.3,100.6,180
823,20,180,3049.1,100.4,180
824,20,180,3045.0,100.3,180
825,20,180,3040.8,100.2,180
826,20,180,3036.7,100.0,180
827,20,180,3032.6,99.9,180
828,20,180,3028.5,99.8,180
829,20,180,3024.4,99.6,180
830,20,180,3020.3,99.5,180
831,20,180,3016.2,99.3,180
832,20,180,3012.1,99.2,180
833,20,180,3008.1,99.1,180
834,20,180,3004.0,98.9,180
835,20,180,3000.0,98.8,180
836,20,180,2996.0,98.7,180
837,20,180,2991.9,98.5,180
838,20,180,2987.9,98.4,180
839,20,180,2983.9,98.3,180
840,20,180,2980.0,98.1,180
841,20,180,2976.0,98.0,180
842,20,180,2972.0,97.9,180
843,20,180,2968.0,97.7,180
844,20,180,2964.1,97.6,180
845,20,180,2960.2,97.5,180
846,20,180,2956.2,97.4,180
847,20,180,2952.3,97.2,180
848,20,180,2948.4,97.1,180
849,20,180,2944.5,97.0,180
850,20,180,2940.6,96.8,180
851,20,180,2936.7,96.7,180
852,20,180,2932.9,96.6,180
853,20,180,2929.0,96.4,180
854,20,180,2925.2,96.3,180
855,20,180,2921.3,96.2,180
856,20,180,2917.5,96.1,180
857,20,180,2913.7,95.9,180
858,20,180,2909.8,95.8,180
859,20,180,2906.0,95.7,180
860,20,180,2902.2,95.6,180
861,20,180,2898.5,95.4,180
862,20,180,2894.7,95.3,180
863,20,180,2890.9,95.2,180
864,20,180,2887.2,95.1,180
865,20,180,2883.4,94.9,180
866,20,180,2879.7,94.8,180
867,20,180,2875.9,94.7,180
868,20,180,2872.2,94.6,180
869,20,180,2868.5,94.4,180
870,20,180,2864.8,94.3,180
871,20,180,2861.1,94.2,180
872,20,180,2857.4,94.1,180
873,20,180,2853.7,93.9,180
874,20,180,2850.1,93.8,180
875,20,180,2846.4,93.7,180
876,20,180,2842.7,93.6,180
877,20,180,2839.1,93.5,180
878,20,180,2835.5,93.3,180
879,20,180,2831.8,93.2,180
880,20,180,2828.2,93.1,180
881,20,180,2824.6,93.0,180
882,20,180,2821.0,92.9,180
883,20,180,2817.4,92.7,180
884,20,180,2813.8,92.6,180
885,20,180,2810.3,92.5,180
886,20,180,2806.7,92.4,180
887,20,180,2803.1,92.3,180
888,20,180,2799.6,92.1,180
889,20,180,2796.0,92.0,180
890,20,180,2792.5,91.9,180
891,20,180,2789.0,91.8,180
892,20,180,2785.5,91.7,180
893,20,180,2782.0,91.6,180
894,20,180,2778.5,91.4,180
895,20,180,2775.0,91.3,180
896,20,180,2771.5,91.2,180
897,20,180,2768.0,91.1,180
898,20,180,2764.5,91.0,180
899,20,180,2761.1,90.9,180
900,20,180,2757.6,90.7,180
901,20,180,2754.2,90.6,180
902,20,180,2750.7,90.5,180
903,20,180,2747.3,90.4,180
904,20,180,2743.9,90.3,180
905,20,180,2740.5,90.2,180
906,20,180,2737.1,90.1,180
907,20,180,2733.7,89.9,180
908,20,180,2730.3,89.8,180
909,20,180,2726.9,89.7,180
910,20,180,2723.5,89.6,180
911,20,180,2720.2,89.5,180
912,20,180,2716.8,89.4,180
913,20,180,2713.4,89.3,180
914,20,180,2710.1,89.2,180
915,20,180,2706.8,89.1,180
916,20,180,2703.4,88.9,180
917,20,180,2700.1,88.8,180
918,20,180,2696.8,88.7,180
919,20,180,2693.5,88.6,180
920,20,180,2690.2,88.5,180
921,20,180,2686.9,88.4,180
922,20,180,2683.6,88.3,180
923,20,180,2680.4,88.2,180
924,20,180,2677.1,88.1,180
925,20,180,2673.8,88.0,180
926,20,180,2670.6,87.8,180
927,20,180,2667.3,87.7,180
928,20,180,2664.1,87.6,180
929,20,180,2660.8,87.5,180
930,20,180,2657.6,87.4,180
931,20,180,2654.4,87.3,180
932,20,180,2651.2,87.2,180
933,20,180,2648.0,87.1,180
934,20,180,2644.8,87.0,180
935,20,180,2641.6,86.9,180
936,20,180,2638.4,86.8,180
937,20,180,2635.2,86.7,180
938,20,180,2632.1,86.6,180
939,20,180,2628.9,86.5,180
940,20,180,2625.8,86.4,180
941,20,180,2622.6,86.3,180
942,20,180,2619.5,86.1,180
943,20,180,2616.3,86.0,180
944,20,180,2613.2,85.9,180
945,20,180,2610.1,85.8,180
946,20,180,2607.0,85.7,180
947,20,180,2603.9,85.6,180
948,20,180,2600.8,85.5,180
949,20,180,2597.7,85.4,180
950,20,180,2594.6,85.3,180
951,20,180,2591.5,85.2,180
952,20,180,2588.4,85.1,180
953,20,180,2585.4,85.0,180
954,20,180,2582.3,84.9,180
955,20,180,2579.3,84.8,180
956,20,180,2576.2,84.7,180
957,20,180,2573.2,84.6,180
958,20,180,2570.1,84.5,180
959,20,180,2567.1,84.4,180
960,20,180,2564.1,84.3,180
961,20,180,2561.1,84.2,180
962,20,180,2558.1,84.1,180
963,20,180,2555.1,84.0,180
964,20,180,2552.1,83.9,180
965,20,180,2549.1,83.8,180
966,20,180,2546.1,83.7,180
967,20,180,2543.1,83.6,180
968,20,180,2540.2,83.5,180
969,20,180,2537.2,83.4,180
970,20,180,2534.3,83.3,180
971,20,180,2531.3,83.2,180
972,20,180,2528.4,83.1,180
973,20,180,2525.4,83.0,180
974,20,180,2522.5,82.9,180
975,20,180,2519.6,82.8,180
976,20,180,2516.7,82.7,180
977,20,180,2513.7,82.6,180
978,20,180,2510.8,82.5,180
979,20,180,2507.9,82.4,180
980,20,180,2505.0,82.3,180
981,20,180,2502.2,82.2,180
982,20,180,2499.3,82.1,180
983,20,180,2496.4,82.1,180
984,20,180,2493.5,82.0,180
985,20,180,2490.7,81.9,180
986,20,180,2487.8,81.8,180
987,20,180,2485.0,81.7,180
988,20,180,2482.1,81.6,180
989,20,180,2479.3,81.5,180
990,20,180,2476.4,81.4,180
991,20,180,2473.6,81.3,180
992,20,180,2470.8,81.2,180
993,20,180,2468.0,81.1,180
994,20,180,2465.2,81.0,180
995,20,180,2462.4,80.9,180
996,20,180,2459.6,80.8,180
997,20,180,2456.8,80.7,180
998,20,180,2454.0,80.6,180
999,20,180,2451.2,80.5,180
1000,20,180,2448.4,80.5,180
1001,20,180,2445.6,80.4,180
1002,20,180,2442.9,80.3,180
1003,20,180,2440.1,80.2,180
1004,20,180,2437.4,80.1,180
1005,20,180,2434.6,80.0,180
1006,20,180,2431.9,79.9,180
1007,20,180,2429.1,79.8,180
1008,20,180,2426.4,79.7,180
1009,20,180,2423.7,79.6,180
1010,20,180,2421.0,79.5,180
1011,20,180,2418.3,79.5,180
1012,20,180,2415.6,79.4,180
1013,20,180,2412.8,79.3,180
1014,20,180,2410.2,79.2,180
1015,20,180,2407.5,79.1,180
1016,20,180,2404.8,79.0,180
1017,20,180,2402.1,78.9,180
1018,20,180,2399.4,78.8,180
1019,20,180,2396.7,78.7,180
1020,20,180,2394.1,78.6,180
1021,20,180,2391.4,78.6,180
1022,20,180,2388.8,78.5,180
1023,20,180,2386.1,78.4,180
1024,20,180,2383.5,78.3,180
1025,20,180,2380.8,78.2,180
1026,20,180,2378.2,78.1,180
1027,20,180,2375.6,78.0,180
1028,20,180,2373.0,77.9,180
1029,20,180,2370.3,77.9,180
1030,20,180,2367.7,77.8,180
1031,20,180,2365.1,77.7,180
1032,20,180,2362.5,77.6,180
1033,20,180,2359.9,77.5,180
1034,20,180,2357.3,77.4,180
1035,20,180,2354.8,77.3,180
1036,20,180,2352.2,77.3,180
1037,20,180,2349.6,77.2,180
1038,20,180,2347.0,77.1,180
1039,20,180,2344.5,77.0,180
1040,20,180,2341.9,76.9,180
1041,20,180,2339.3,76.8,180
1042,20,180,2336.8,76.7,180
1043,20,180,2334.2,76.7,180
1044,20,180,2331.7,76.6,180
1045,20,180,2329.2,76.5,180
1046,20,180,2326.6,76.4,180
1047,20,180,2324.1,76.3,180
1048,20,180,2321.6,76.2,180
1049,20,180,2319.1,76.2,180
1050,20,180,2316.6,76.1,180
1051,20,180,2314.1,76.0,180
1052,20,180,2311.6,75.9,180
1053,20,180,2309.1,75.8,180
1054,20,180,2306.6,75.7,180
1055,20,180,2304.1,75.7,180
1056,20,180,2301.6,75.6,180
1057,20,180,2299.1,75.5,180
1058,20,180,2296.7,75.4,180
1059,20,180,2294.2,75.3,180
1060,20,180,2291.7,75.2,180
1061,20,180,2289.3,75.2,180
1062,20,180,2286.8,75.1,180
1063,20,180,2284.4,75.0,180
1064,20,180,2281.9,74.9,180
1065,20,180,2279.5,74.8,180
1066,20,180,2277.1,74.8,180
1067,20,180,2274.6,74.7,180
1068,20,180,2272.2,74.6,180
1069,20,180,2269.8,74.5,180
1070,20,180,2267.4,74.4,180
1071,20,180,2265.0,74.4,180
1072,20,180,2262.6,74.3,180
1073,20,180,2260.2,74.2,180
1074,20,180,2257.8,74.1,180
1075,20,180,2255.4,74.0,180
1076,20,180,2253.0,74.0,180
1077,20,180,2250.6,73.9,180
1078,20,180,2248.2,73.8,180
1079,20,180,2245.9,73.7,180
1080,20,180,2243.5,73.6,180
1081,20,180,2241.1,73.6,180
1082,20,180,2238.8,73.5,180
1083,20,180,2236.4,73.4,180
1084,20,180,2234.1,73.3,180
1085,20,180,2231.7,73.2,180
1086,20,180,2229.4,73.2,180
1087,20,180,2227.0,73.1,180
1088,20,180,2224.7,73.0,180
1089,20,180,2222.4,72.9,180
1090,20,180,2220.0,72.9,180
1091,20,180,2217.7,72.8,180
1092,20,180,2215.4,72.7,180
1093,20,180,2213.1,72.6,180
1094,20,180,2210.8,72.5,180
1095,20,180,2208.5,72.5,180
1096,20,180,2206.2,72.4,180
1097,20,180,2203.9,72.3,180
1098,20,180,2201.6,72.2,180
1099,20,180,2199.3,72.2,180
1100,20,180,2197.0,72.1,180
1101,20,180,2194.8,72.0,180
1102,20,180,2192.5,71.9,180
1103,20,180,2190.2,71.9,180
1104,20,180,2188.0,71.8,180
1105,20,180,2185.7,71.7,180
1106,20,180,2183.4,71.6,180
1107,20,180,2181.2,71.6,180
1108,20,180,2178.9,71.5,180
1109,20,180,2176.7,71.4,180
1110,20,180,2174.5,71.3,180
1111,20,180,2172.2,71.3,180
1112,20,180,2170.0,71.2,180
1113,20,180,2167.8,71.1,180
1114,20,180,2165.5,71.0,180
1115,20,180,2163.3,71.0,180
1116,20,180,2161.1,70.9,180
1117,20,180,2158.9,70.8,180
1118,20,180,2156.7,70.7,180
1119,20,180,2154.5,70.7,180
1120,20,180,2152.3,70.6,180
1121,20,180,2150.1,70.5,180
1122,20,180,2147.9,70.5,180
1123,20,180,2145.7,70.4,180
1124,20,180,2143.5,70.3,180
1125,20,180,2141.4,70.2,180
1126,20,180,2139.2,70.2,180
1127,20,180,2137.0,70.1,180
1128,20,180,2134.8,70.0,180
1129,20,180,2132.7,69.9,180
1130,20,180,2130.5,69.9,180
1131,20,180,2128.4,69.8,180
1132,20,180,2126.2,69.7,180
1133,20,180,2124.1,69.7,180
1134,20,180,2121.9,69.6,180
1135,20,180,2119.8,69.5,180
1136,20,180,2117.6,69.4,180
1137,20,180,2115.5,69.4,180
1138,20,180,2113.4,69.3,180
1139,20,180,2111.3,69.2,180
1140,20,180,2109.1,69.2,180
1141,20,180,2107.0,69.1,180
1142,20,180,2104.9,69.0,180
1143,20,180,2102.8,69.0,180
1144,20,180,2100.7,68.9,180
1145,20,180,2098.6,68.8,180
1146,20,180,2096.5,68.7,180
1147,20,180,2094.4,68.7,180
1148,20,180,2092.3,68.6,180
1149,20,180,2090.2,68.5,180
1150,20,180,2088.1,68.5,180
1151,20,180,2086.1,68.4,180
1152,20,180,2084.0,68.3,180
1153,20,180,2081.9,68.3,180
1154,20,180,2079.9,68.2,180
1155,20,180,2077.8,68.1,180
1156,20,180,2075.7,68.1,180
1157,20,180,2073.7,68.0,180
1158,20,180,2071.6,67.9,180
1159,20,180,2069.6,67.8,180
1160,20,180,2067.5,67.8,180
1161,20,180,2065.5,67.7,180
1162,20,180,2063.4,67.6,180
1163,20,180,2061.4,67.6,180
1164,20,180,2059.4,67.5,180
1165,20,180,2057.3,67.4,180
1166,20,180,2055.3,67.4,180
1167,20,180,2053.3,67.3,180
1168,20,180,2051.3,67.2,180
1169,20,180,2049.3,67.2,180
1170,20,180,2047.3,67.1,180
1171,20,180,2045.2,67.0,180
1172,20,180,2043.2,67.0,180
1173,20,180,2041.2,66.9,180
1174,20,180,2039.2,66.8,180
1175,20,180,2037.3,66.8,180
1176,20,180,2035.3,66.7,180
1177,20,180,2033.3,66.6,180
1178,20,180,2031.3,66.6,180
1179,20,180,2029.3,66.5,180
1180,20,180,2027.3,66.4,180
1181,20,180,2025.4,66.4,180
1182,20,180,2023.4,66.3,180
1183,20,180,2021.4,66.2,180
1184,20,180,2019.5,66.2,180
1185,20,180,2017.5,66.1,180
1186,20,180,2015.6,66.1,180
1187,20,180,2013.6,66.0,180
1188,20,180,2011.7,65.9,180
1189,20,180,2009.7,65.9,180
1190,20,180,2007.8,65.8,180
1191,20,180,2005.8,65.7,180
1192,20,180,2003.9,65.7,180
1193,20,180,2002.0,65.6,180
1194,20,180,2000.0,65.5,180
1195,20,180,1998.1,65.5,180
1196,20,180,1996.2,65.4,180
1197,20,180,1994.3,65.3,180
1198,20,180,1992.4,65.3,180
1199,20,180,1990.4,65.2,180
1200,20,180,1988.5,65.2,180
1201,20,180,1986.6,65.1,180
1202,20,180,1984.7,65.0,180
1203,20,180,1982.8,65.0,180
1204,20,180,1980.9,64.9,180
1205,20,180,1979.0,64.8,180
1206,20,180,1977.1,64.8,180
1207,20,180,1975.3,64.7,180
1208,20,180,1973.4,64.6,180
1209,20,180,1971.5,64.6,180
1210,20,180,1969.6,64.5,180
1211,20,180,1967.7,64.5,180
1212,20,180,1965.9,64.4,180
1213,20,180,1964.0,64.3,180
1214,20,180,1962.1,64.3,180
1215,20,180,1960.3,64.2,180
1216,20,180,1958.4,64.1,180
1217,20,180,1956.6,64.1,180
1218,20,180,1954.7,64.0,180
1219,20,180,1952.9,64.0,180
1220,20,180,1951.0,63.9,180
1221,20,180,1949.2,63.8,180
1222,20,180,1947.3,63.8,180
1223,20,180,1945.5,63.7,180
1224,20,180,1943.7,63.7,180
1225,20,180,1941.8,63.6,180
1226,20,180,1940.0,63.5,180
1227,20,180,1938.2,63.5,180
1228,20,180,1936.4,63.4,180
1229,20,180,1934.5,63.4,180
1230,20,180,1932.7,63.3,180
1231,20,180,1930.9,63.2,180
1232,20,180,1929.1,63.2,180
1233,20,180,1927.3,63.1,180
1234,20,180,1925.5,63.1,180
1235,20,180,1923.7,63.0,180
1236,20,180,1921.9,62.9,180
1237,20,180,1920.1,62.9,180
1238,20,180,1918.3,62.8,180
1239,20,180,1916.5,62.8,180
1240,20,180,1914.7,62.7,180
1241,20,180,1913.0,62.6,180
1242,20,180,1911.2,62.6,180
1243,20,180,1909.4,62.5,180
1244,20,180,1907.6,62.5,180
1245,20,180,1905.9,62.4,180
1246,20,180,1904.1,62.3,180
1247,20,180,1902.3,62.3,180
1248,20,180,1900.6,62.2,180
1249,20,180,1898.8,62.2,180
1250,20,180,1897.0,62.1,180
1251,20,180,1895.3,62.0,180
1252,20,180,1893.5,62.0,180
1253,20,180,1891.8,61.9,180
1254,20,180,1890.0,61.9,180
1255,20,180,1888.3,61.8,180
1256,20,180,1886.6,61.8,180
1257,20,180,1884.8,61.7,180
1258,20,180,1883.1,61.6,180
1259,20,180,1881.4,61.6,180
1260,20,180,1879.6,61.5,180
1261,20,180,1877.9,61.5,180
1262,20,180,1876.2,61.4,180
1263,20,180,1874.5,61.4,180
1264,20,180,1872.8,61.3,180
1265,20,180,1871.0,61.2,180
1266,20,180,1869.3,61.2,180
1267,20,180,1867.6,61.1,180
1268,20,180,1865.9,61.1,180
1269,20,180,1864.2,61.0,180
1270,20,180,1862.5,61.0,180
1271,20,180,1860.8,60.9,180
1272,20,180,1859.1,60.8,180
1273,20,180,1857.4,60.8,180
1274,20,180,1855.7,60.7,180
1275,20,180,1854.0,60.7,180
1276,20,180,1852.4,60.6,180
1277,20,180,1850.7,60.6,180
1278,20,180,1849.0,60.5,180
1279,20,180,1847.3,60.5,180
1280,20,180,1845.6,60.4,180
1281,20,180,1844.0,60.3,180
1282,20,180,1842.3,60.3,180
1283,20,180,1840.6,60.2,180
1284,20,180,1839.0,60.2,180
1285,20,180,1837.3,60.1,180
1286,20,180,1835.7,60.1,180
1287,20,180,1834.0,60.0,180
1288,20,180,1832.4,60.0,180
1289,20,180,1830.7,59.9,180
1290,20,180,1829.1,59.8,180
1291,20,180,1827.4,59.8,180
1292,20,180,1825.8,59.7,180
1293,20,180,1824.1,59.7,180
1294,20,180,1822.5,59.6,180
1295,20,180,1820.9,59.6,180
1296,20,180,1819.2,59.5,180
1297,20,180,1817.6,59.5,180
1298,20,180,1816.0,59.4,180
1299,20,180,1814.3,59.4,180
1300,20,180,1812.7,59.3,180
1301,20,180,1811.1,59.2,180
1302,20,180,1809.5,59.2,180
1303,20,180,1807.9,59.1,180
1304,20,180,1806.3,59.1,180
1305,20,180,1804.7,59.0,180
1306,20,180,1803.1,59.0,180
1307,20,180,1801.4,58.9,180
1308,20,180,1799.8,58.9,180
1309,20,180,1798.2,58.8,180
1310,20,180,1796.6,58.8,180
1311,20,180,1795.1,58.7,180
1312,20,180,1793.5,58.7,180
1313,20,180,1791.9,58.6,180
1314,20,180,1790.3,58.6,180
1315,20,180,1788.7,58.5,180
1316,20,180,1787.1,58.4,180
1317,20,180,1785.5,58.4,180
1318,20,180,1784.0,58.3,180
1319,20,180,1782.4,58.3,180
1320,20,180,1780.8,58.2,180
1321,20,180,1779.2,58.2,180
1322,20,180,1777.7,58.1,180
1323,20,180,1776.1,58.1,180
1324,20,180,1774.6,58.0,180
1325,20,180,1773.0,58.0,180
1326,20,180,1771.4,57.9,180
1327,20,180,1769.9,57.9,180
1328,20,180,1768.3,57.8,180
1329,20,180,1766.8,57.8,180
1330,20,180,1765.2,57.7,180
1331,20,180,1763.7,57.7,180
1332,20,180,1762.1,57.6,180
1333,20,180,1760.6,57.6,180
1334,20,180,1759.1,57.5,180
1335,20,180,1757.5,57.5,180
1336,20,180,1756.0,57.4,180
1337,20,180,1754.5,57.4,180
1338,20,180,1752.9,57.3,180
1339,20,180,1751.4,57.3,180
1340,20,180,1749.9,57.2,180
1341,20,180,1748.4,57.2,180
1342,20,180,1746.8,57.1,180
1343,20,180,1745.3,57.1,180
1344,20,180,1743.8,57.0,180
1345,20,180,1742.3,57.0,180
1346,20,180,1740.8,56.9,180
1347,20,180,1739.3,56.9,180
1348,20,180,1737.8,56.8,180
1349,20,180,1736.3,56.8,180
1350,20,180,1734.8,56.7,180
1351,20,180,1733.3,56.7,180
1352,20,180,1731.8,56.6,180
1353,20,180,1730.3,56.6,180
1354,20,180,1728.8,56.5,180
1355,20,180,1727.3,56.5,180
1356,20,180,1725.8,56.4,180
1357,20,180,1724.3,56.4,180
1358,20,180,1722.8,56.3,180
1359,20,180,1721.3,56.3,180
1360,20,180,1719.9,56.2,180
1361,20,180,1718.4,56.2,180
1362,20,180,1716.9,56.1,180
1363,20,180,1715.4,56.1,180
1364,20,180,1714.0,56.0,180
1365,20,180,1712.5,56.0,180
1366,20,180,1711.0,55.9,180
1367,20,180,1709.6,55.9,180
1368,20,180,1708.1,55.8,180
1369,20,180,1706.7,55.8,180
1370,20,180,1705.2,55.7,180
1371,20,180,1703.7,55.7,180
1372,20,180,1702.3,55.6,180
1373,20,180,1700.8,55.6,180
1374,20,180,1699.4,55.5,180
1375,20,180,1697.9,55.5,180
1376,20,180,1696.5,55.4,180
1377,20,180,1695.1,55.4,180
1378,20,180,1693.6,55.3,180
1379,20,180,1692.2,55.3,180
1380,20,180,1690.7,55.2,180
1381,20,180,1689.3,55.2,180
1382,20,180,1687.9,55.1,180
1383,20,180,1686.4,55.1,180
1384,20,180,1685.0,55.1,180
1385,20,180,1683.6,55.0,180
1386,20,180,1682.2,55.0,180
1387,20,180,1680.7,54.9,180
1388,20,180,1679.3,54.9,180
1389,20,180,1677.9,54.8,180
1390,20,180,1676.5,54.8,180
1391,20,180,1675.1,54.7,180
1392,20,180,1673.7,54.7,180
1393,20,180,1672.3,54.6,180
1394,20,180,1670.9,54.6,180
1395,20,180,1669.4,54.5,180
1396,20,180,1668.0,54.5,180
1397,20,180,1666.6,54.4,180
1398,20,180,1665.2,54.4,180
1399,20,180,1663.8,54.3,180
1400,20,180,1662.5,54.3,180
1401,20,180,1661.1,54.3,180
1402,20,180,1659.7,54.2,180
1403,20,180,1658.3,54.2,180
1404,20,180,1656.9,54.1,180
1405,20,180,1655.5,54.1,180
1406,20,180,1654.1,54.0,180
1407,20,180,1652.7,54.0,180
1408,20,180,1651.4,53.9,180
1409,20,180,1650.0,53.9,180
1410,20,180,1648.6,53.8,180
1411,20,180,1647.2,53.8,180
1412,20,180,1645.9,53.7,180
1413,20,180,1644.5,53.7,180
1414,20,180,1643.1,53.7,180
1415,20,180,1641.8,53.6,180
1416,20,180,1640.4,53.6,180
1417,20,180,1639.0,53.5,180
1418,20,180,1637.7,53.5,180
1419,20,180,1636.3,53.4,180
1420,20,180,1635.0,53.4,180
1421,20,180,1633.6,53.3,180
1422,20,180,1632.3,53.3,180
1423,20,180,1630.9,53.3,180
1424,20,180,1629.6,53.2,180
1425,20,180,1628.2,53.2,180
1426,20,180,1626.9,53.1,180
1427,20,180,1625.5,53.1,180
1428,20,180,1624.2,53.0,180
1429,20,180,1622.9,53.0,180
1430,20,180,1621.5,52.9,180
1431,20,180,1620.2,52.9,180
1432,20,180,1618.9,52.9,180
1433,20,180,1617.5,52.8,180
1434,20,180,1616.2,52.8,180
1435,20,180,1614.9,52.7,180
1436,20,180,1613.6,52.7,180
1437,20,180,1612.2,52.6,180
1438,20,180,1610.9,52.6,180
1439,20,180,1609.6,52.5,180
1440,20,180,1608.3,52.5,180
1441,20,180,1607.0,52.5,180
1442,20,180,1605.6,52.4,180
1443,20,180,1604.3,52.4,180
1444,20,180,1603.0,52.3,180
1445,20,180,1601.7,52.3,180
1446,20,180,1600.4,52.2,180
1447,20,180,1599.1,52.2,180
1448,20,180,1597.8,52.2,180
1449,20,180,1596.5,52.1,180
1450,20,180,1595.2,52.1,180
1451,20,180,1593.9,52.0,180
1452,20,180,1592.6,52.0,180
1453,20,180,1591.3,51.9,180
1454,20,180,1590.0,51.9,180
1455,20,180,1588.7,51.8,180
1456,20,180,1587.4,51.8,180
1457,20,180,1586.2,51.8,180
1458,20,180,1584.9,51.7,180
1459,20,180,1583.6,51.7,180
1460,20,180,1582.3,51.6,180
1461,20,180,1581.0,51.6,180
1462,20,180,1579.8,51.5,180
1463,20,180,1578.5,51.5,180
1464,20,180,1577.2,51.5,180
1465,20,180,1575.9,51.4,180
1466,20,180,1574.7,51.4,180
1467,20,180,1573.4,51.3,180
1468,20,180,1572.1,51.3,180
1469,20,180,1570.9,51.3,180
1470,20,180,1569.6,51.2,180
1471,20,180,1568.3,51.2,180
1472,20,180,1567.1,51.1,180
1473,20,180,1565.8,51.1,180
1474,20,180,1564.6,51.0,180
1475,20,180,1563.3,51.0,180
1476,20,180,1562.1,51.0,180
1477,20,180,1560.8,50.9,180
1478,20,180,1559.6,50.9,180
1479,20,180,1558.3,50.8,180
1480,20,180,1557.1,50.8,180
1481,20,180,1555.8,50.8,180
1482,20,180,1554.6,50.7,180
1483,20,180,1553.3,50.7,180
1484,20,180,1552.1,50.6,180
1485,20,180,1550.9,50.6,180
1486,20,180,1549.6,50.5,180
1487,20,180,1548.4,50.5,180
1488,20,180,1547.2,50.5,180
1489,20,180,1545.9,50.4,180
1490,20,180,1544.7,50.4,180
1491,20,180,1543.5,50.3,180
1492,20,180,1542.2,50.3,180
1493,20,180,1541.0,50.3,180
1494,20,180,1539.8,50.2,180
1495,20,180,1538.6,50.2,180
1496,20,180,1537.4,50.1,180
1497,20,180,1536.1,50.1,180
1498,20,180,1534.9,50.1,180
1499,20,180,1533.7,50.0,180
1500,20,180,1532.5,50.0,180
1501,20,180,1531.3,49.9,180
1502,20,180,1530.1,49.9,180
1503,20,180,1528.9,49.9,180
1504,20,180,1527.7,49.8,180
1505,20,180,1526.5,49.8,180
1506,20,180,1525.3,49.7,180
1507,20,180,1524.1,49.7,180
1508,20,180,1522.9,49.7,180
1509,20,180,1521.7,49.6,180
1510,20,180,1520.5,49.6,180
1511,20,180,1519.3,49.5,180
1512,20,180,1518.1,49.5,180
1513,20,180,1516.9,49.5,180
1514,20,180,1515.7,49.4,180
1515,20,180,1514.5,49.4,180
1516,20,180,1513.3,49.3,180
1517,20,180,1512.1,49.3,180
1518,20,180,1510.9,49.3,180
1519,20,180,1509.8,49.2,180
1520,20,180,1508.6,49.2,180
1521,20,180,1507.4,49.1,180
1522,20,180,1506.2,49.1,180
1523,20,180,1505.1,49.1,180
1524,20,180,1503.9,49.0,180
1525,20,180,1502.7,49.0,180
1526,20,180,1501.5,48.9,180
1527,20,180,1500.4,48.9,180
1528,20,180,1499.2,48.9,180
1529,20,180,1498.0,48.8,180
1530,20,180,1496.9,48.8,180
1531,20,180,1495.7,48.8,180
1532,20,180,1494.5,48.7,180
1533,20,180,1493.4,48.7,180
1534,20,180,1492.2,48.6,180
1535,20,180,1491.1,48.6,180
1536,20,180,1489.9,48.6,180
1537,20,180,1488.8,48.5,180
1538,20,180,1487.6,48.5,180
1539,20,180,1486.4,48.4,180
1540,20,180,1485.3,48.4,180
1541,20,180,1484.2,48.4,180
1542,20,180,1483.0,48.3,180
1543,20,180,1481.9,48.3,180
1544,20,180,1480.7,48.3,180
1545,20,180,1479.6,48.2,180
1546,20,180,1478.4,48.2,180
1547,20,180,1477.3,48.1,180
1548,20,180,1476.2,48.1,180
1549,20,180,1475.0,48.1,180
1550,20,180,1473.9,48.0,180
1551,20,180,1472.8,48.0,180
1552,20,180,1471.6,48.0,180
1553,20,180,1470.5,47.9,180
1554,20,180,1469.4,47.9,180
1555,20,180,1468.2,47.8,180
1556,20,180,1467.1,47.8,180
1557,20,180,1466.0,47.8,180
1558,20,180,1464.9,47.7,180
1559,20,180,1463.7,47.7,180
1560,20,180,1462.6,47.7,180
1561,20,180,1461.5,47.6,180
1562,20,180,1460.4,47.6,180
1563,20,180,1459.3,47.5,180
1564,20,180,1458.2,47.5,180
1565,20,180,1457.0,47.5,180
1566,20,180,1455.9,47.4,180
1567,20,180,1454.8,47.4,180
1568,20,180,1453.7,47.4,180
1569,20,180,1452.6,47.3,180
1570,20,180,1451.5,47.3,180
1571,20,180,1450.4,47.2,180
1572,20,180,1449.3,47.2,180
1573,20,180,1448.2,47.2,180
1574,20,180,1447.1,47.1,180
1575,20,180,1446.0,47.1,180
1576,20,180,1444.9,47.1,180
1577,20,180,1443.8,47.0,180
1578,20,180,1442.7,47.0,180
1579,20,180,1441.6,47.0,180
1580,20,180,1440.5,46.9,180
1581,20,180,1439.4,46.9,180
1582,20,180,1438.3,46.8,180
1583,20,180,1437.3,46.8,180
1584,20,180,1436.2,46.8,180
1585,20,180,1435.1,46.7,180
1586,20,180,1434.0,46.7,180
1587,20,180,1432.9,46.7,180
1588,20,180,1431.8,46.6,180
1589,20,180,1430.8,46.6,180
1590,20,180,1429.7,46.6,180
1591,20,180,1428.6,46.5,180
1592,20,180,1427.5,46.5,180
1593,20,180,1426.5,46.4,180
1594,20,180,1425.4,46.4,180
1595,20,180,1424.3,46.4,180
1596,20,180,1423.2,46.3,180
1597,20,180,1422.2,46.3,180
1598,20,180,1421.1,46.3,180
1599,20,180,1420.0,46.2,180
1600,20,180,1419.0,46.2,180
1601,20,180,1417.9,46.2,180
1602,20,180,1416.9,46.1,180
1603,20,180,1415.8,46.1,180
1604,20,180,1414.7,46.1,180
1605,20,180,1413.7,46.0,180
1606,20,180,1412.6,46.0,180
1607,20,180,1411.6,46.0,180
1608,20,180,1410.5,45.9,180
1609,20,180,1409.5,45.9,180
1610,20,180,1408.4,45.8,180
1611,20,180,1407.4,45.8,180
1612,20,180,1406.3,45.8,180
1613,20,180,1405.3,45.7,180
1614,20,180,1404.2,45.7,180
1615,20,180,1403.2,45.7,180
1616,20,180,1402.1,45.6,180
1617,20,180,1401.1,45.6,180
1618,20,180,1400.1,45.6,180
1619,20,180,1399.0,45.5,180
1620,20,180,1398.0,45.5,180
1621,20,180,1396.9,45.5,180
1622,20,180,1395.9,45.4,180
1623,20,180,1394.9,45.4,180
1624,20,180,1393.8,45.4,180
1625,20,180,1392.8,45.3,180
1626,20,180,1391.8,45.3,180
1627,20,180,1390.8,45.3,180
1628,20,180,1389.7,45.2,180
1629,20,180,1388.7,45.2,180
1630,20,180,1387.7,45.2,180
1631,20,180,1386.7,45.1,180
1632,20,180,1385.6,45.1,180
1633,20,180,1384.6,45.1,180
1634,20,180,1383.6,45.0,180
1635,20,180,1382.6,45.0,180
1636,20,180,1381.6,45.0,180
1637,20,180,1380.5,44.9,180
1638,20,180,1379.5,44.9,180
1639,20,180,1378.5,44.9,180
1640,20,180,1377.5,44.8,180
1641,20,180,1376.5,44.8,180
1642,20,180,1375.5,44.8,180
1643,20,180,1374.5,44.7,180
1644,20,180,1373.5,44.7,180
1645,20,180,1372.5,44.7,180
1646,20,180,1371.5,44.6,180
1647,20,180,1370.4,44.6,180
1648,20,180,1369.4,44.6,180
1649,20,180,1368.4,44.5,180
1650,20,180,1367.4,44.5,180
1651,20,180,1366.4,44.5,180
1652,20,180,1365.4,44.4,180
1653,20,180,1364.5,44.4,180
1654,20,180,1363.5,44.4,180
1655,20,180,1362.5,44.3,180
1656,20,180,1361.5,44.3,180
1657,20,180,1360.5,44.3,180
1658,20,180,1359.5,44.2,180
1659,20,180,1358.5,44.2,180
1660,20,180,1357.5,44.2,180
1661,20,180,1356.5,44.1,180
1662,20,180,1355.5,44.1,180
1663,20,180,1354.6,44.1,180
1664,20,180,1353.6,44.0,180
1665,20,180,1352.6,44.0,180
1666,20,180,1351.6,44.0,180
1667,20,180,1350.6,43.9,180
1668,20,180,1349.7,43.9,180
1669,20,180,1348.7,43.9,180
1670,20,180,1347.7,43.8,180
1671,20,180,1346.7,43.8,180
1672,20,180,1345.8,43.8,180
1673,20,180,1344.8,43.7,180
1674,20,180,1343.8,43.7,180
1675,20,180,1342.8,43.7,180
1676,20,180,1341.9,43.6,180
1677,20,180,1340.9,43.6,180
1678,20,180,1339.9,43.6,180
1679,20,180,1339.0,43.5,180
1680,20,180,1338.0,43.5,180
1681,20,180,1337.0,43.5,180
1682,20,180,1336.1,43.4,180
1683,20,180,1335.1,43.4,180
1684,20,180,1334.2,43.4,180
1685,20,180,1333.2,43.3,180
1686,20,180,1332.3,43.3,180
1687,20,180,1331.3,43.3,180
1688,20,180,1330.3,43.3,180
1689,20,180,1329.4,43.2,180
1690,20,180,1328.4,43.2,180
1691,20,180,1327.5,43.2,180
1692,20,180,1326.5,43.1,180
1693,20,180,1325.6,43.1,180
1694,20,180,1324.6,43.1,180
1695,20,180,1323.7,43.0,180
1696,20,180,1322.7,43.0,180
1697,20,180,1321.8,43.0,180
1698,20,180,1320.9,42.9,180
1699,20,180,1319.9,42.9,180
1700,20,180,1319.0,42.9,180
1701,20,180,1318.0,42.8,180
1702,20,180,1317.1,42.8,180
1703,20,180,1316.2,42.8,180
1704,20,180,1315.2,42.7,180
1705,20,180,1314.3,42.7,180
1706,20,180,1313.3,42.7,180
1707,20,180,1312.4,42.7,180
1708,20,180,1311.5,42.6,180
1709,20,180,1310.5,42.6,180
1710,20,180,1309.6,42.6,180
1711,20,180,1308.7,42.5,180
1712,20,180,1307.8,42.5,180
1713,20,180,1306.8,42.5,180
1714,20,180,1305.9,42.4,180
1715,20,180,1305.0,42.4,180
1716,20,180,1304.1,42.4,180
1717,20,180,1303.1,42.3,180
1718,20,180,1302.2,42.3,180
1719,20,180,1301.3,42.3,180
1720,20,180,1300.4,42.3,180
1721,20,180,1299.5,42.2,180
1722,20,180,1298.5,42.2,180
1723,20,180,1297.6,42.2,180
1724,20,180,1296.7,42.1,180
1725,20,180,1295.8,42.1,180
1726,20,180,1294.9,42.1,180
1727,20,180,1294.0,42.0,180
1728,20,180,1293.1,42.0,180
1729,20,180,1292.2,42.0,180
1730,20,180,1291.2,41.9,180
1731,20,180,1290.3,41.9,180
1732,20,180,1289.4,41.9,180
1733,20,180,1288.5,41.9,180
1734,20,180,1287.6,41.8,180
1735,20,180,1286.7,41.8,180
1736,20,180,1285.8,41.8,180
1737,20,180,1284.9,41.7,180
1738,20,180,1284.0,41.7,180
1739,20,180,1283.1,41.7,180
1740,20,180,1282.2,41.6,180
1741,20,180,1281.3,41.6,180
1742,20,180,1280.4,41.6,180
1743,20,180,1279.5,41.6,180
1744,20,180,1278.6,41.5,180
1745,20,180,1277.7,41.5,180
1746,20,180,1276.8,41.5,180
1747,20,180,1276.0,41.4,180
1748,20,180,1275.1,41.4,180
1749,20,180,1274.2,41.4,180
1750,20,180,1273.3,41.4,180
1751,20,180,1272.4,41.3,180
1752,20,180,1271.5,41.3,180
1753,20,180,1270.6,41.3,180
1754,20,180,1269.8,41.2,180
1755,20,180,1268.9,41.2,180
1756,20,180,1268.0,41.2,180
1757,20,180,1267.1,41.1,180
1758,20,180,1266.2,41.1,180
1759,20,180,1265.3,41.1,180
1760,20,180,1264.5,41.1,180
1761,20,180,1263.6,41.0,180
1762,20,180,1262.7,41.0,180
1763,20,180,1261.8,41.0,180
1764,20,180,1261.0,40.9,180
1765,20,180,1260.1,40.9,180
1766,20,180,1259.2,40.9,180
1767,20,180,1258.4,40.9,180
1768,20,180,1257.5,40.8,180
1769,20,180,1256.6,40.8,180
1770,20,180,1255.7,40.8,180
1771,20,180,1254.9,40.7,180
1772,20,180,1254.0,40.7,180
1773,20,180,1253.2,40.7,180
1774,20,180,1252.3,40.7,180
1775,20,180,1251.4,40.6,180
1776,20,180,1250.6,40.6,180
1777,20,180,1249.7,40.6,180
1778,20,180,1248.8,40.5,180
1779,20,180,1248.0,40.5,180
1780,20,180,1247.1,40.5,180
1781,20,180,1246.3,40.5,180
1782,20,180,1245.4,40.4,180
1783,20,180,1244.6,40.4,180
1784,20,180,1243.7,40.4,180
1785,20,180,1242.9,40.3,180
1786,20,180,1242.0,40.3,180
1787,20,180,1241.2,40.3,180
1788,20,180,1240.3,40.3,180
1789,20,180,1239.5,40.2,180
1790,20,180,1238.6,40.2,180
1791,20,180,1237.8,40.2,180
1792,20,180,1236.9,40.1,180
1793,20,180,1236.1,40.1,180
1794,20,180,1235.2,40.1,180
1795,20,180,1234.4,40.1,180
1796,20,180,1233.5,40.0,180
1797,20,180,1232.7,40.0,180
1798,20,180,1231.9,40.0,180
1799,20,180,1231.0,39.9,180
1800,20,180,1230.2,39.9,180
1801,20,180,1229.3,39.9,180
1802,20,180,1228.5,39.9,180
1803,20,180,1227.7,39.8,180
1804,20,180,1226.8,39.8,180
1805,20,180,1226.0,39.8,180
1806,20,180,1225.2,39.8,180
1807,20,180,1224.3,39.7,180
1808,20,180,1223.5,39.7,180
1809,20,180,1222.7,39.7,180
1810,20,180,1221.8,39.6,180
1811,20,180,1221.0,39.6,180
1812,20,180,1220.2,39.6,180
1813,20,180,1219.4,39.6,180
1814,20,180,1218.5,39.5,180
1815,20,180,1217.7,39.5,180
1816,20,180,1216.9,39.5,180
1817,20,180,1216.1,39.4,180
1818,20,180,1215.2,39.4,180
1819,20,180,1214.4,39.4,180
1820,20,180,1213.6,39.4,180
1821,20,180,1212.8,39.3,180
1822,20,180,1212.0,39.3,180
1823,20,180,1211.1,39.3,180
1824,20,180,1210.3,39.3,180
1825,20,180,1209.5,39.2,180
1826,20,180,1208.7,39.2,180
1827,20,180,1207.9,39.2,180
1828,20,180,1207.1,39.1,180
1829,20,180,1206.3,39.1,180
1830,20,180,1205.4,39.1,180
1831,20,180,1204.6,39.1,180
1832,20,180,1203.8,39.0,180
1833,20,180,1203.0,39.0,180
1834,20,180,1202.2,39.0,180
1835,20,180,1201.4,39.0,180
1836,20,180,1200.6,38.9,180
1837,20,180,1199.8,38.9,180
1838,20,180,1199.0,38.9,180
1839,20,180,1198.2,38.9,180
1840,20,180,1197.4,38.8,180
1841,20,180,1196.6,38.8,180
1842,20,180,1195.8,38.8,180
1843,20,180,1195.0,38.7,180
1844,20,180,1194.2,38.7,180
1845,20,180,1193.4,38.7,180
1846,20,180,1192.6,38.7,180
1847,20,180,1191.8,38.6,180
1848,20,180,1191.0,38.6,180
1849,20,180,1190.2,38.6,180
1850,20,180,1189.4,38.6,180
1851,20,180,1188.6,38.5,180
1852,20,180,1187.8,38.5,180
1853,20,180,1187.0,38.5,180
1854,20,180,1186.2,38.5,180
1855,20,180,1185.5,38.4,180
1856,20,180,1184.7,38.4,180
1857,20,180,1183.9,38.4,180
1858,20,180,1183.1,38.4,180
1859,20,180,1182.3,38.3,180
1860,20,180,1181.5,38.3,180
1861,20,180,1180.7,38.3,180
1862,20,180,1180.0,38.2,180
1863,20,180,1179.2,38.2,180
1864,20,180,1178.4,38.2,180
1865,20,180,1177.6,38.2,180
1866,20,180,1176.8,38.1,180
1867,20,180,1176.0,38.1,180
1868,20,180,1175.3,38.1,180
1869,20,180,1174.5,38.1,180
1870,20,180,1173.7,38.0,180
1871,20,180,1172.9,38.0,180
1872,20,180,1172.2,38.0,180
1873,20,180,1171.4,38.0,180
1874,20,180,1170.6,37.9,180
1875,20,180,1169.8,37.9,180
1876,20,180,1169.1,37.9,180
1877,20,180,1168.3,37.9,180
1878,20,180,1167.5,37.8,180
1879,20,180,1166.8,37.8,180
1880,20,180,1166.0,37.8,180
1881,20,180,1165.2,37.8,180
1882,20,180,1164.5,37.7,180
1883,20,180,1163.7,37.7,180
1884,20,180,1162.9,37.7,180
1885,20,180,1162.2,37.7,180
1886,20,180,1161.4,37.6,180
1887,20,180,1160.6,37.6,180
1888,20,180,1159.9,37.6,180
1889,20,180,1159.1,37.6,180
1890,20,180,1158.4,37.5,180
1891,20,180,1157.6,37.5,180
1892,20,180,1156.8,37.5,180
1893,20,180,1156.1,37.5,180
1894,20,180,1155.3,37.4,180
1895,20,180,1154.6,37.4,180
1896,20,180,1153.8,37.4,180
1897,20,180,1153.1,37.4,180
1898,20,180,1152.3,37.3,180
1899,20,180,1151.6,37.3,180
1900,20,180,1150.8,37.3,180
1901,20,180,1150.1,37.3,180
1902,20,180,1149.3,37.2,180
1903,20,180,1148.6,37.2,180
1904,20,180,1147.8,37.2,180
1905,20,180,1147.1,37.2,180
1906,20,180,1146.3,37.1,180
1907,20,180,1145.6,37.1,180
1908,20,180,1144.8,37.1,180
1909,20,180,1144.1,37.1,180
1910,20,180,1143.3,37.0,180
1911,20,180,1142.6,37.0,180
1912,20,180,1141.8,37.0,180
1913,20,180,1141.1,37.0,180
1914,20,180,1140.4,36.9,180
1915,20,180,1139.6,36.9,180
1916,20,180,1138.9,36.9,180
1917,20,180,1138.1,36.9,180
1918,20,180,1137.4,36.8,180
1919,20,180,1136.7,36.8,180
1920,20,180,1135.9,36.8,180
1921,20,180,1135.2,36.8,180
1922,20,180,1134.5,36.7,180
1923,20,180,1133.7,36.7,180
1924,20,180,1133.0,36.7,180
1925,20,180,1132.3,36.7,180
1926,20,180,1131.5,36.6,180
1927,20,180,1130.8,36.6,180
1928,20,180,1130.1,36.6,180
1929,20,180,1129.3,36.6,180
1930,20,180,1128.6,36.5,180
1931,20,180,1127.9,36.5,180
1932,20,180,1127.2,36.5,180
1933,20,180,1126.4,36.5,180
1934,20,180,1125.7,36.4,180
1935,20,180,1125.0,36.4,180
1936,20,180,1124.3,36.4,180
1937,20,180,1123.5,36.4,180
1938,20,180,1122.8,36.3,180
1939,20,180,1122.1,36.3,180
1940,20,180,1121.4,36.3,180
1941,20,180,1120.6,36.3,180
1942,20,180,1119.9,36.2,180
1943,20,180,1119.2,36.2,180
1944,20,180,1118.5,36.2,180
1945,20,180,1117.8,36.2,180
1946,20,180,1117.1,36.2,180
1947,20,180,1116.3,36.1,180
1948,20,180,1115.6,36.1,180
1949,20,180,1114.9,36.1,180
1950,20,180,1114.2,36.1,180
1951,20,180,1113.5,36.0,180
1952,20,180,1112.8,36.0,180
1953,20,180,1112.1,36.0,180
1954,20,180,1111.3,36.0,180
1955,20,180,1110.6,35.9,180
1956,20,180,1109.9,35.9,180
1957,20,180,1109.2,35.9,180
1958,20,180,1108.5,35.9,180
1959,20,180,1107.8,35.8,180
1960,20,180,1107.1,35.8,180
1961,20,180,1106.4,35.8,180
1962,20,180,1105.7,35.8,180
1963,20,180,1105.0,35.8,180
1964,20,180,1104.3,35.7,180
1965,20,180,1103.6,35.7,180
1966,20,180,1102.9,35.7,180
1967,20,180,1102.2,35.7,180
1968,20,180,1101.5,35.6,180
1969,20,180,1100.8,35.6,180
1970,20,180,1100.1,35.6,180
1971,20,180,1099.4,35.6,180
1972,20,180,1098.7,35.5,180
1973,20,180,1098.0,35.5,180
1974,20,180,1097.3,35.5,180
1975,20,180,1096.6,35.5,180
1976,20,180,1095.9,35.4,180
1977,20,180,1095.2,35.4,180
1978,20,180,1094.5,35.4,180
1979,20,180,1093.8,35.4,180
1980,20,180,1093.1,35.4,180
1981,20,180,1092.4,35.3,180
1982,20,180,1091.7,35.3,180
1983,20,180,1091.1,35.3,180
1984,20,180,1090.4,35.3,180
1985,20,180,1089.7,35.2,180
1986,20,180,1089.0,35.2,180
1987,20,180,1088.3,35.2,180
1988,20,180,1087.6,35.2,180
1989,20,180,1086.9,35.2,180
1990,20,180,1086.2,35.1,180
1991,20,180,1085.6,35.1,180
1992,20,180,1084.9,35.1,180
1993,20,180,1084.2,35.1,180
1994,20,180,1083.5,35.0,180
1995,20,180,1082.8,35.0,180
1996,20,180,1082.1,35.0,180
1997,20,180,1081.5,35.0,180
1998,20,180,1080.8,34.9,180
1999,20,180,1080.1,34.9,180
2000,20,180,1079.4,34.9,180
