tick,smart_bosses,dumb_bosses,avg_smart_energy,avg_dumb_energy
1,0,0,106.46425224079272,99.2916834991498
2,0,0,110.37204022934463,99.78407531480045
3,0,0,114.27592042990801,100.27597473863544
4,0,0,116.4758967502708,101.56738226304661
5,0,0,118.67367309431326,102.85749837993336
6,0,0,122.56925166201165,103.34632438070322
7,0,0,124.76093465114235,104.63466155547232
8,0,0,127.80042595728393,105.52171039306666
9,0,0,128.28687777211937,107.60787218182338
10,0,0,130.47284313513995,108.49194780879137
11,0,0,132.6566225327975,109.77513936013237
12,0,0,134.83821815105745,110.65704771992203
13,0,0,136.1676321736991,111.93807417135191
14,0,0,139.7199871941636,112.41781959633036
15,0,0,141.56878985960765,113.29708527588383
16,0,0,145.11574372238624,113.37547168975775
17,0,0,147.80915063130203,113.85377971721779
18,0,0,150.49986413330893,115.13160943665038
19,0,0,154.03788692181382,116.00816132636352
20,0,0,155.17002854072206,117.68383666418696
21,0,0,157.03506165815546,118.55783632667257
22,0,0,158.0165492491355,119.4309619894957
23,0,0,159.02873584586047,120.703214526656
24,0,0,161.00588661584464,121.17419481127914
25,0,0,163.39838662251432,122.44470411561765
26,0,0,164.93849412917731,123.31394291065185
27,1,0,170.3516003646218,123.78231246689099
28,1,0,175.7592934938308,123.8502136535739
29,1,0,178.6115789299106,124.31804693907011
30,1,0,181.20983850412267,125.18541239128085
31,1,0,186.37930037157224,125.65191047803937
32,1,0,189.69675688028062,126.91794206671113
33,1,0,193.8718538477822,126.98270762379421
34,1,0,200.2326893547678,127.44740841532023
35,1,0,207.06170286253456,127.51164450605471
36,1,0,210.2366592969006,129.17581636069843
37,1,0,213.90636414617046,130.03832404348753
38,1,0,218.66648813920804,131.69996921859385
39,1,0,224.6491956611584,132.97654700877186
40,1,0,231.18798543811022,134.25184822115972
41,1,0,238.60331949723235,135.10927987208834
42,2,0,244.49498449641126,136.38244835161285
43,4,0,249.06299960223407,138.85434366265784
44,5,0,253.5363779452714,140.1237670783918
45,5,0,259.28997599373463,142.17532681046322
46,7,0,263.7833532425356,145.44142924304936
47,7,0,269.3938970843846,147.9042655732029
48,7,0,275.7259768197568,150.3646390670263
49,7,0,282.0808506331251,152.42255218735588
50,7,0,288.0983643148446,153.67840739456514
51,7,0,291.70053028710674,155.71333891817247
52,7,0,295.7397038214173,159.32075192780175
53,9,0,299.2600105415339,162.46062988898402
54,9,0,303.2764746867965,164.18952271841408
55,9,0,307.83244493943533,167.5298588133808
56,11,0,309.43131195961735,171.05299670946067
57,11,0,313.3160817007419,175.17317527967833
58,12,0,316.0798956637893,177.92474839793638
59,12,0,319.15945061653616,182.2049792458117
60,12,1,321.3023179313567,186.89310958194844
61,12,2,322.54339259798917,191.56537868348772
62,12,2,325.8047544957333,196.78478578334148
63,12,2,328.8012564051441,201.11268844613016
64,13,2,331.3964422373971,206.86667047297806
65,13,2,334.62544650817745,213.03384167743428
66,13,2,337.3393640708057,216.64754196945853
67,13,3,340.5155061767767,220.01566075633616
68,13,3,342.32177536793836,223.84659168203473
69,14,3,344.36192155451687,228.0609523272627
70,14,3,345.5857478790301,231.8649359357537
71,14,3,347.88353731909984,236.99922994314053
72,15,4,349.76768455240006,240.76634908411145
73,15,5,350.78356198543133,246.00110157915273
74,15,5,353.01785536203244,250.9972592934308
75,17,5,354.6178432995162,256.17962636580995
76,18,6,356.16884936874465,261.5780582610528
77,18,6,360.32643280994523,266.9863614564227
78,18,6,361.2195275523239,271.6342265411912
79,18,6,363.49573363398554,275.53224136909404
80,18,6,363.7200889266965,279.49141987209595
81,18,6,363.7056085185567,284.2656832423875
82,18,6,364.62532627121374,289.4581986525767
83,19,6,365.47762725380255,292.8307431598818
84,19,7,365.96264138778304,298.25892221739997
85,19,8,366.006285482688,304.5551845500231
86,19,10,368.03603452208176,310.12864252039265
87,19,10,368.4258852701018,314.7381253046987
88,19,11,368.2377717139587,319.18982416578666
89,19,11,367.653350201131,325.3773822533338
90,19,11,368.2112570727271,328.8523172721689
91,19,12,367.17592165548893,332.1163124278593
92,19,12,368.39355817266545,335.3935488461718
93,19,13,367.31179329271515,338.85994834632146
94,19,13,367.01837741081715,342.15683632196607
95,19,14,369.33815993111085,344.1763244010646
96,19,15,369.79015576679103,349.2695288553282
97,19,16,369.76754940957886,352.9153309425281
98,20,16,368.8606280705088,355.32709343354776
99,19,16,368.09136635938626,357.87428221818016
100,20,16,367.7395358165683,360.4334174849289
101,20,17,368.8289703569769,362.1086480418672
102,20,17,369.23637129360543,365.4451316337366
103,20,17,369.47243109047287,367.4866889470027
104,20,17,370.12461101600957,370.57238697820003
105,21,18,371.0496742751823,371.9926610588414
106,21,18,372.1934857020183,373.5665623406734
107,21,18,371.5247091927123,373.749853323696
108,21,19,371.638098111217,374.85189916575104
109,21,20,371.2287906498904,378.3512117265856
110,21,20,369.86787759551964,378.9246953098719
111,21,21,370.59277682977705,380.3293893607265
112,21,21,371.28102919984525,382.08275924686234
113,21,22,371.8059728649737,382.7805916672164
114,21,22,371.7226749489639,385.66409493207925
115,21,22,372.5502523836724,387.081157595244
116,21,22,371.35800374401043,387.1036153542739
117,21,22,370.69035864296063,387.6388143660002
118,21,22,369.57729662852415,387.96646095773593
119,21,22,372.21899015103514,388.43295601814947
120,21,22,373.3147627134768,390.9827432644953
121,21,22,373.51487004714335,390.23265655398484
122,21,22,373.0549080486191,390.32154404334267
123,21,22,372.4998595044358,391.76718527283356
124,21,22,372.49573273421834,391.8718053513099
125,21,22,372.2076125487001,390.5025793590029
126,21,22,372.51079301132546,391.0104303972435
127,21,22,374.1460527428004,393.67835495573365
128,21,22,375.1490055331769,393.6975122611282
129,21,22,374.1928622891417,392.0658861537901
130,21,23,373.3168481427042,392.1664851336678
131,21,23,373.2902321840648,392.03136238748556
132,21,23,372.7654961356327,391.93912176846055
133,21,23,372.63255818825013,392.93353789099297
134,21,23,372.61542061186356,392.74019196887275
135,21,23,373.65086980496255,393.1903133000196
136,21,23,373.70799429034275,393.46542052306427
137,21,23,372.9988064434196,394.0699677380303
138,21,23,374.27458949740804,393.184863139916
139,21,24,374.3022182982522,393.5394056922661
140,21,24,373.55873260207875,393.3469175334294
141,21,24,374.71331810699434,393.7869568260579
142,21,24,374.97305673169524,394.9564982450324
143,21,24,374.1548421558838,396.298276188846
144,21,24,373.7037153390993,395.7804144401777
145,21,24,374.0853060536483,395.70995491639604
146,21,24,374.4179478876464,395.65767598094743
147,21,24,374.15021746730014,394.32827924021285
148,21,24,374.9225182289707,395.36268137960184
149,21,24,374.53430845678383,395.20079955925206
150,21,24,374.1467607488716,395.4720746728219
151,21,24,373.795348620818,395.81832102939006
152,21,24,374.11195111538456,396.86955147043034
153,21,24,374.550102697059,396.74568001504383
154,21,24,373.13904398432607,396.35040157327273
155,21,24,372.44281273693775,394.92838835203236
156,21,24,373.8971027177167,395.4179430412111
157,21,24,375.8098929902827,395.1193984423626
158,21,24,375.8597316152889,396.4390251128132
159,21,24,373.86140572864497,396.9824494593975
160,21,24,372.94406065730817,397.04431453209986
161,21,24,373.2382464828989,396.410755375941
162,21,24,374.1719597917554,396.15064673286184
163,21,24,373.73865686120473,397.8918990560007
164,21,24,373.9758227330281,396.41978299450574
165,21,24,373.8282128218867,396.2094077425645
166,21,24,372.8114764397267,396.1366745942473
167,21,24,373.9092281859168,396.0684335715391
168,21,24,374.3262437043122,396.8311737256988
169,21,24,374.1295912779486,397.02515615753805
170,21,24,372.73468625091033,396.3735175770574
171,21,24,374.5250743333371,396.09048365110874
172,21,24,373.4747717507271,397.0634987924215
173,21,24,373.0113893438204,396.09602603045875
174,21,24,373.7878036176335,397.090597137993
175,21,24,375.2385197680568,396.99118612274924
176,21,24,373.960783301097,396.34876845969103
177,21,24,373.1229364569869,397.4871056188585
178,21,24,372.5138545438335,396.60889608323544
179,21,24,371.08709712468277,396.31289682433606
180,21,24,372.0295440102449,398.42853730151757
181,21,24,373.8775213072743,398.18710388821205
182,21,24,374.2061672835225,398.2429394013208
183,21,24,372.80456742546426,396.542664788497
184,21,24,373.2353700206258,395.5182806503178
185,21,24,375.49229870111407,397.57366026292283
186,21,24,374.7708176977088,398.74511423144935
187,21,24,374.2001786368081,398.29750352401146
188,21,24,374.9127977327731,397.6267019733824
189,21,24,374.92473052243867,397.3558247845855
190,21,24,373.4306879288966,396.14686979486595
191,21,24,374.4144647162261,394.74448817969267
192,21,24,375.19651864966914,397.78422434569535
193,21,24,375.68369577576095,398.42722089124123
194,21,24,374.36242738642676,396.91646840326666
195,21,24,374.60464449269307,396.22165973016354
196,21,24,373.1221189605863,396.3655743946209
197,21,24,374.0044604259846,395.54139737748807
198,21,24,374.49005506685285,396.98971290436157
199,21,24,374.252760708174,396.2660209962709
200,21,24,373.4115784927929,397.1731019356493
201,21,24,373.28989543499995,398.80109041941046
202,21,24,374.36543653452645,396.97404748841166
203,21,24,374.0213214524964,396.13568992984557
204,21,24,373.32831890814737,398.9945883499031
205,21,24,373.80178303544596,398.15207292528174
206,21,24,376.076529175636,397.3275173627719
207,21,24,375.2542210191835,397.4175378140002
208,21,24,374.4378421748913,397.465109167518
209,21,24,373.5896329721405,397.7696083450285
210,21,24,373.42926432102917,396.8246137993557
211,21,24,375.9703707153587,398.3416204816933
212,21,24,374.1874128899478,398.76448529401887
213,21,24,373.255828331549,396.99742951937293
214,21,24,372.058285831146,395.43160164103995
215,21,24,373.63065535468206,396.7477677095634
216,21,24,375.73105671526594,396.6771943169544
217,21,24,376.5343328241808,397.2558886795052
218,21,24,375.43462967787787,398.00543031957284
219,21,24,374.19349678955587,397.1763579071195
220,21,24,374.46053634139787,395.88061202648373
221,21,24,374.5926353613041,396.50401902908305
222,21,24,373.7652937333316,396.9429138088473
223,21,24,374.1105218828269,396.95340604284587
224,21,24,373.7335005764099,397.8128635625659
225,21,24,372.6876663443567,398.2515388061462
226,21,24,373.66476677917285,397.7509661377607
227,21,24,373.589005028224,396.72979038664107
228,21,24,373.8751029273841,396.3474490517474
229,21,24,374.4917099918064,396.5909997941572
230,21,24,373.4422656603141,396.44232060260407
231,21,24,374.22161927719316,398.0391727345851
232,21,24,372.21655720958574,397.5274211475559
233,21,24,374.64682437589005,396.70469361444543
234,21,24,374.67495083681894,395.4442071765194
235,21,24,374.4117578750976,395.85587378868286
236,21,24,373.45628740256905,396.8672991031105
237,21,24,372.2635090080078,397.5006519660673
238,21,24,372.9435281907199,396.91447336953854
239,21,24,374.3114282153573,397.06573145160195
240,21,24,373.4642254433337,398.12341579420735
241,21,24,374.3043481016237,397.3777722619254
242,21,24,372.51015240118556,397.48211796133916
243,21,24,372.462798984201,397.048314368169
244,21,24,372.4923482899853,397.3880236897258
245,21,24,374.22465236554837,397.2891549435892
246,21,24,375.620468543751,396.46509587419905
247,21,24,374.8772915475967,395.712126401037
248,21,24,373.2881153241734,396.0909654567878
249,21,24,374.01537853809566,397.55771676519527
250,21,24,373.00421992310436,397.12758542784724
251,21,24,374.1661852307572,397.1640514080362
252,21,24,373.4297525607324,398.0945538368926
253,21,24,372.04155250990317,396.42311981218285
254,21,24,374.1948969322821,396.47625644885085
255,21,24,373.60026177321845,397.4777272107755
256,21,24,374.2574575448852,397.18492659085587
257,21,24,373.5272809784614,396.90276616905356
258,21,24,372.8901297983512,396.9423413920394
259,21,24,372.8917434776646,397.12383967190095
260,21,24,373.24082100687866,395.606772875183
261,21,24,373.0301085146056,397.3538919398077
262,21,24,373.2975166482805,397.84995514975043
263,21,24,373.509706314551,397.36247083179177
264,21,24,375.2264031947878,396.5523304685216
265,21,24,374.3299886956299,396.75574854389794
266,21,24,373.93535197900155,396.5494841421498
267,21,24,373.852546758149,397.50884626855856
268,21,24,374.93499426760906,398.01182159237675
269,21,24,375.4456109174335,396.1835598904957
270,21,24,374.18535281140976,396.8473322180316
271,21,24,372.95250970576313,395.6081031750227
272,21,24,372.9698138651332,396.4760109471837
273,21,24,374.2650754971818,398.25783039576106
274,21,24,373.5000241788854,396.9595811570083
275,21,24,372.8049784847905,396.28170818027155
276,21,24,373.1948385292334,396.07620768955496
277,21,24,372.9639710981726,395.99069479885844
278,21,24,372.07447404627334,397.2547584429646
279,21,24,373.9813593442826,397.907049417411
280,21,24,372.99704339311774,396.95045566458555
281,21,24,372.54919738647743,395.8048664272098
282,21,24,372.83948141089536,396.13784010135277
283,21,24,372.74764812920745,398.3585322149909
284,21,24,373.48990060799713,398.41036589680897
285,21,24,372.7284974896013,397.5462094889227
286,21,24,374.009673231348,396.56613765675166
287,21,24,372.2849557995608,397.19250076286494
288,21,24,373.9321547290531,396.0094997261129
289,21,24,374.58682282942345,396.6814972961246
290,21,24,373.71433226163,396.70343160449033
291,21,24,372.707454061376,395.74688676617814
292,21,24,371.7544336755831,396.86884046979736
293,21,24,375.8219631567466,396.91618951432594
294,21,24,375.0385482397885,396.5806324416165
295,21,24,373.97198249247487,397.3376588635494
296,21,24,373.4787986989349,397.793302653522
297,21,24,373.4359210747491,396.91772462415696
298,21,24,373.7696035518852,396.78409574492173
299,21,24,374.0932371957784,398.5357355395505
300,21,24,373.3258118875387,396.2318120444612
301,21,24,372.3685889393086,395.88793751317303
302,21,24,372.5987486193811,397.94080159827513
303,21,24,373.4983727291698,397.10940001586226
304,21,24,374.58548753564685,396.157784019261
305,21,24,374.3676533003547,397.2361097527507
306,21,24,372.7523947261557,396.541137778551
307,21,24,371.6953073694527,397.8465134582209
308,21,24,373.3129104068281,397.1647130630705
309,21,24,374.14607225729554,395.4417820873719
310,21,24,373.8825994417175,397.3027272873455
311,21,24,372.8406395580855,395.7062352452225
312,21,24,373.7017877619061,397.16934849033817
313,21,24,373.5598538622502,397.0195132547475
314,21,24,373.44006368889865,395.65223236988055
315,21,24,372.9668118089683,397.5899763643578
316,21,24,373.6772904868862,398.1643357787463
317,21,24,372.8477034710908,396.63660268021647
318,21,24,371.00526968780554,397.585391210917
319,21,24,372.6964372508559,397.18481266284624
320,21,24,373.3663789455283,397.9023762975516
321,21,24,372.30948280164927,396.0291598185416
322,21,24,372.51520201849155,397.1288293009644
323,21,24,372.2574860957209,396.7228466982705
324,21,24,371.01725952298665,394.98496894078374
325,21,24,373.03336179562876,397.0625385185182
326,21,24,372.2193581447002,397.58413662391666
327,21,24,372.83012407546283,396.18408981753873
328,21,24,371.73765409733795,396.2138943532437
329,21,24,372.70342530289673,396.25157094491306
330,21,24,372.1991388478613,398.62615802417275
331,21,24,371.44682658899677,397.77773267846084
332,21,24,373.48128086328325,396.7521127023773
333,21,24,374.0945139156665,396.10191987753336
334,21,24,372.7131115034695,396.79936209523845
335,21,24,371.32833918513114,398.96702016293733
336,21,24,372.50531247107966,397.54424066642036
337,21,24,371.68327628005926,396.42414189693716
338,21,24,371.64003204592274,397.2873362572668
339,21,24,371.5693899462328,395.9108058295802
340,21,24,373.456964170918,396.522579997509
341,21,24,371.3498629539543,398.05201741677206
342,21,24,371.80585573377624,395.9266520206681
343,21,24,371.9750569146862,396.5180869650957
344,21,24,371.0817905217262,397.5359042314287
345,21,24,369.9510393002571,396.7125975242369
346,21,24,370.36198026568024,397.1217446297845
347,21,24,370.9721844120717,398.63701639112566
348,21,24,370.6923162005636,397.5122197417915
349,21,24,370.1575984951189,396.3295947819819
350,21,24,370.49842735040943,397.43856520500094
351,21,24,368.8922649647362,398.5691214285614
352,21,24,367.5713682492034,396.78992483187864
353,21,24,367.9912889197168,395.81991679384413
354,21,24,368.34013618810087,396.87122881397704
355,21,24,370.6291955396022,394.5059544550858
356,21,24,369.5031583512025,395.69439875145616
357,21,24,369.6938139198634,396.2469129884193
358,21,24,370.9408198414719,396.08002379197643
359,21,24,372.0329770285979,397.74650655528234
360,21,24,369.0829536122367,396.3576213827477
361,21,24,370.39611459650706,395.7545364621674
362,21,24,368.95989608636114,397.04097413548413
363,21,24,370.1763357596963,397.3469106876272
364,21,24,370.2571894373876,397.9438447641312
365,21,24,369.6682373069884,397.1733594763848
366,21,24,368.7807029103545,396.39204442205926
367,21,24,370.7409273451305,396.36572537892033
368,21,24,372.70024783633073,397.30681621316444
369,21,24,370.3092321001924,396.11271811805966
370,21,24,368.7763051059348,394.83674019786093
371,21,24,370.910844214899,394.8091695694824
372,21,24,370.4605788753932,397.13280724528653
373,21,24,369.1309401546612,396.6877588763887
374,21,24,369.3988354642626,396.0219085627871
375,21,24,370.42759321864855,395.88977257707023
376,21,24,370.44601625280046,396.7535599856772
377,21,24,369.6232790322154,396.10606472553815
378,21,24,370.35548409850537,395.8342287438082
379,21,24,370.2770660744216,396.2281239486117
380,21,24,370.9233290364168,395.3309040630697
381,21,24,369.55542816887476,395.7307170001672
382,21,24,368.13707161612064,396.06469156029243
383,20,24,368.57712486154605,397.574442118074
384,20,24,369.32186385892487,396.0205373197811
385,20,24,369.8775685007951,396.6495413529407
386,20,24,368.68400643190347,396.73844934019763
387,20,24,368.37450169735206,398.345595878243
388,20,24,368.2815978308533,396.5173453398785
389,20,24,368.93297138858804,395.67589032183525
390,20,24,369.8977000685017,397.8349918609097
391,20,24,368.3201966151464,395.5055957054693
392,20,24,371.13163288551453,395.1627290117829
393,20,24,369.8492819760288,395.78043483613186
394,20,24,369.1463177001035,395.5576352312264
395,20,24,369.95395221804057,396.73912484674975
396,20,24,370.31012364335083,396.39205007630596
397,20,24,369.0139860024199,395.9173151208678
398,20,24,370.0141780512778,394.5275185132294
399,20,24,369.29480333898925,396.3635470076341
400,20,24,370.35534273782804,396.51662405240427
401,20,24,368.9549130814799,396.75756800052676
402,20,24,370.00562984780714,395.8481372899303
403,20,24,368.2510992234289,395.3809790998809
404,20,24,370.7400436997507,395.59404718325555
405,20,24,369.9272716399842,397.0379739172545
406,20,24,368.74481818817475,395.50450884700297
407,20,24,369.30442645518065,395.75257464839723
408,20,24,368.6929896901377,397.66310854598015
409,20,24,370.58568020326584,396.67120725926475
410,20,24,369.02601883587033,394.5456632588337
411,20,24,367.4021719479431,395.16074258291894
412,20,24,367.35982088116145,396.90857046929796
413,20,24,369.1845828426628,397.6500944658458
414,20,24,367.353152588594,396.43216874110556
415,20,24,366.33311817562225,395.34169279584546
416,20,24,367.5816989858629,394.8654723748582
417,20,24,366.9327505415845,395.2990618488816
418,20,24,368.32068456782775,395.81034633211516
419,20,24,366.6514634208152,394.26025669434347
420,20,24,366.28898237084553,397.5328976872718
421,20,24,367.8020734825909,396.55301468331754
422,20,24,367.0404753565528,396.2272751339158
423,20,24,366.6114569349789,397.2350467931908
424,19,24,367.7084293047707,395.81634166689014
425,19,24,367.5933612952252,395.9937305407185
426,19,24,365.43805425095,396.43117043493106
427,19,24,367.100574509098,396.9989873908636
428,20,24,367.82524350322745,396.02935104047305
429,20,24,367.8797969183811,395.0939604338479
430,20,24,366.67539193209325,395.7551802033359
431,20,24,365.52331801908167,395.1786835350281
432,19,24,368.13799357187685,394.8907497772108
433,19,24,366.53036869426137,395.49016189149654
434,19,24,365.1840614294037,394.820542095177
435,19,24,368.0278531278532,395.12653875562575
436,19,24,365.09689167143654,396.195394786067
437,19,24,366.1910414265575,394.75225031339517
438,19,24,366.3666542821146,396.32509209235513
439,19,24,364.8540630685069,395.19470946609465
440,19,24,365.73680440293896,394.9238369771748
441,19,24,365.02158043043204,395.56735403933016
442,19,24,366.71475754983214,396.75440489885534
443,19,24,365.9869906625233,395.6513963310153
444,19,24,366.88522830069365,395.7410914108247
445,19,24,364.9952688888048,395.854139305277
446,19,24,366.6447553899168,396.2610644532559
447,19,24,364.65668957112973,394.89706423819393
448,19,24,366.05771763460575,396.0774410726961
449,19,24,364.30777475087024,396.2455010414655
450,19,24,363.8471096605987,394.31244844294014
451,19,24,366.42998484316735,395.0067276791806
452,19,24,366.98707803473724,395.33751196498
453,19,24,365.04713281849695,394.5348052767793
454,19,24,366.2906780363899,394.2136047808364
455,19,24,365.045870431206,393.4011913389343
456,19,24,365.08284084558164,395.69260977030564
457,19,24,366.4090375259343,394.9213655306633
458,19,24,365.6037035246206,394.5160669746215
459,19,24,363.61429672536724,394.0546031340985
460,19,24,365.4278101488504,391.3269452456553
461,19,24,364.7853647308914,393.4767010674511
462,19,24,363.22075598698507,393.1931150249068
463,19,24,364.49903400537744,393.841309839215
464,19,24,364.5437249167823,394.40660384556173
465,19,24,363.7868034568584,394.27390482105807
466,19,24,362.5150403750113,393.25668021892415
467,19,24,363.4779989667069,392.601120512293
468,19,24,362.6370314705841,393.76589302324425
469,19,24,362.97462334895283,393.1634706204791
470,19,24,363.52954032654327,393.59997468207644
471,19,24,363.66339336997834,392.2564970753761
472,19,24,362.4733468959809,392.0502016395575
473,19,24,363.26985587007755,391.9823150515243
474,19,24,363.75601435091136,392.28209348804654
475,19,23,365.0546646348847,392.7720955023849
476,19,23,364.75778736691535,392.88100029641316
477,19,23,366.4661466332838,392.09877733800096
478,19,23,365.28855425614125,391.57597122319174
479,19,23,364.41690317457824,391.98924927163574
480,19,23,363.32656924566663,391.16713997126175
481,19,23,365.3385723689183,391.60182727269313
482,19,23,364.3717648192224,391.56872566669887
483,19,23,364.53446249708526,390.9049443150048
484,19,23,364.4935662196685,391.50961162566887
485,19,23,363.8797748934362,392.3759237082243
486,19,23,364.19040577977603,390.9643998011257
487,19,23,364.9907654399314,390.7987080720584
488,19,23,364.1455055026243,391.32562446283083
489,18,23,364.8724128570611,390.67209620452115
490,18,23,365.18936496335283,391.8334086147524
491,18,23,362.7452479515191,391.8024034455793
492,18,23,363.7662211559539,391.54531758883206
493,18,23,363.15672714313706,389.3279900016022
494,18,23,364.44392918590614,390.8022583091401
495,18,23,362.150566924138,390.99379398375396
496,18,23,363.7376698460664,391.01977736847493
497,18,23,364.45426465852483,391.18440203127847
498,18,23,362.96082026443213,392.9782172364692
499,18,23,363.18458848520834,390.55388234720675
500,18,23,362.36325541598325,391.3881222905013
501,18,23,362.3519017451351,390.99563958656034
502,18,23,363.3975079390104,390.77074686796936
503,18,23,363.2172165510968,390.2871669763501
504,18,23,362.54152405282196,392.27015910357017
505,18,23,360.7803676207389,391.2363743949034
506,18,23,362.527906374111,390.86186639134223
507,18,23,361.9027365769609,391.62369898915773
508,18,23,363.04708667528325,390.43016831950354
509,18,23,362.40727511833506,391.3618197370496
510,18,23,361.4385203959122,390.9561134380905
511,18,23,360.81332671474,389.86932400721804
512,18,23,360.76658451415875,390.7448534573109
513,18,23,359.56202934762683,391.0865235607379
514,18,23,360.45579112518493,389.71375267243883
515,18,23,359.3999895020517,390.60769597003235
516,18,23,360.4034813201484,389.10229361623186
517,18,23,359.8879113458064,389.91488194301496
518,18,23,361.09923840843504,389.3319301072382
519,18,23,361.84443455399713,390.01656685011056
520,18,23,360.1557463433651,391.1764646567293
521,18,23,361.97452388495594,387.7459941373432
522,18,23,361.2486068855982,388.6295424436982
523,18,23,360.76600281580926,390.78926688605594
524,18,23,361.651429162383,389.7626414526711
525,18,23,360.9298099688849,388.29100627941364
526,18,23,359.1974495742799,388.3114071135095
527,18,23,356.9899461685591,388.80176656025566
528,18,23,359.77413522050415,389.43627009573737
529,18,23,358.7519053873481,389.7410819779922
530,18,23,357.3546809988593,389.6043443351102
531,18,23,358.6356720536785,388.08422369513426
532,18,23,359.82834346878934,388.0934014473098
533,18,23,358.5004271571292,388.00944711972414
534,18,23,360.3865723921513,389.4856487643974
535,18,23,359.50404574337506,388.92424486409175
536,18,23,358.3996715140915,388.8172589105273
537,18,23,356.81270410812493,388.6435665521398
538,18,23,358.3895694929562,389.46106765951356
539,18,23,358.4060097834562,389.01949678254664
540,18,23,357.12955881905293,389.22763498864805
541,18,23,359.8753762512705,389.1351170996091
542,18,23,358.8011423779895,389.0883361638144
543,18,23,356.9624913589999,388.4081601590176
544,18,23,358.20548900964,387.22464718252405
545,18,23,358.1764951721911,389.2765837970815
546,18,23,356.3855773542728,389.0812827206343
547,18,23,357.4813519096807,387.4174887056566
548,18,23,356.3727197537294,388.00591172676764
549,18,23,356.8045098361327,387.3223698768261
550,18,23,357.8324362607668,389.2985341730686
551,18,22,358.0528261228259,388.09810837514357
552,18,22,356.8590617889524,387.51701445772096
553,18,22,355.8975407916376,387.98796195701163
554,18,22,356.85237267963765,387.4897042545508
555,18,23,356.4473694261899,386.539515737787
556,18,23,356.099327590583,386.7214096230284
557,18,23,355.3003505284449,387.14128064776986
558,18,23,356.15035463380593,386.367045153475
559,18,23,356.9862755907732,386.46682267919766
560,18,23,356.61670588351774,386.79921126690084
561,18,23,355.9062141798783,386.06844827372544
562,18,23,358.38363119925316,385.88933185596665
563,18,22,357.90610729548087,386.7324236357307
564,18,22,357.82652111424386,385.43405075736916
565,18,22,357.264335717726,385.7255336972976
566,18,22,357.40487070220064,387.73888200462375
567,18,22,357.85488293174996,385.0496565776167
568,18,22,357.2794921829407,385.1670242114558
569,18,22,356.53360084509984,383.0629970867293
570,18,21,356.70670534152976,386.58483547400465
571,18,21,356.3638093346338,385.3836564649655
572,18,21,356.7231832601931,384.41127778903484
573,18,21,357.3931954999744,386.410440302472
574,18,21,357.01177150048204,384.83178526263015
575,18,21,356.0470370626267,385.85956563143407
576,18,21,355.25603961641326,384.06388829055396
577,18,21,356.4842816775139,385.80317798468377
578,18,21,356.194788512155,384.1917462257834
579,18,21,355.17631159386553,383.5384004604118
580,18,21,356.73239331085273,385.5441577205143
581,18,21,355.7542775450502,383.76312275835943
582,18,21,356.1783336376915,383.6658442860703
583,18,21,355.85861558582167,382.8273930269705
584,18,20,355.06765720580853,381.4791691924866
585,18,20,354.96434178428086,381.2374902925029
586,18,20,355.9635754850674,381.7334558211821
587,18,20,356.3414886213786,383.3869497395128
588,18,20,354.15625133724666,381.5032905822408
589,18,20,356.3496684343762,381.8499274110862
590,18,21,354.7364855258333,381.59545394230065
591,18,21,354.0477710998271,380.05592594183344
592,18,20,355.6401402047224,382.8710204627577
593,18,20,354.86298726787874,380.80581686570355
594,18,20,354.58572875332385,381.56346179251733
595,18,20,354.17219241469314,382.3758313229487
596,18,20,354.94558775537627,382.3922470746675
597,18,20,354.9237808659254,381.3142849828008
598,18,20,354.4124010062607,382.1238685035198
599,18,20,354.9156063588017,379.9261686507405
600,18,20,356.2014845831464,381.57491180173275
601,18,20,355.491336976507,380.509359892545
602,18,20,354.59778602903185,379.82675525957194
603,18,20,352.7665202318217,380.0563661980981
604,18,20,353.7839102457719,379.4172905757549
605,18,20,352.6848260019221,379.3765146301896
606,18,20,353.61151685993804,379.18721660540103
607,18,20,352.5481335412097,380.8176253677775
608,18,20,353.16498151821634,379.5855107752584
609,18,20,350.94734069360123,379.5853858345157
610,18,20,351.7497772621278,379.6783063619041
611,18,20,351.16152981866605,379.9577833748325
612,18,20,352.0590490931238,379.5986846361362
613,18,20,350.8020558190581,380.2086730083683
614,18,20,353.3156720249526,380.3392276547411
615,18,20,352.25345711667006,378.1704713039446
616,18,20,353.3832418083307,380.69944748884376
617,18,20,352.14015815026704,380.4085315621385
618,18,20,351.93213059034355,378.8196481514765
619,18,20,352.4503089783851,379.0697144565464
620,18,20,352.252874625102,377.71652051123584
621,18,20,351.7790405774494,379.2205850673895
622,18,20,351.32546363396824,380.16521271720234
623,18,20,351.8682698593807,379.639564048485
624,18,20,352.33510286650176,380.29293814342867
625,18,20,351.8499437318684,380.9699517732818
626,18,20,352.0353514363129,379.91930599802083
627,18,20,352.7651530813406,379.45182948304404
628,18,20,350.22136688573687,379.64998496871357
629,18,20,352.93889898736745,379.72062899981495
630,18,20,351.6679185949825,379.8547699564107
631,18,20,349.2619357949531,379.3206286235165
632,18,20,350.25092958660355,379.6949181350764
633,18,20,350.8003361940293,379.57400308240767
634,18,20,348.93829437434385,378.675480707885
635,18,20,351.00336939566046,378.9812224267766
636,18,20,350.3955284024521,376.5376754693819
637,18,20,349.13940265553373,378.8771323972876
638,18,20,350.87833622029996,376.72584646552446
639,18,20,350.81088037637414,378.65999692774335
640,18,20,349.11642729576056,378.0251221673884
641,18,20,351.4009992791316,376.8785515081307
642,18,20,350.29644043113234,377.86963677712197
643,18,20,352.15798142556173,378.1106429409858
644,18,20,351.79969500869015,377.3727741952544
645,18,20,351.65761800157713,376.70084891934584
646,18,20,351.8822785748293,376.90956275602787
647,18,20,350.19129936945336,376.3964618439936
648,18,20,350.1292071930703,376.7921702048218
649,18,20,350.9940861785415,377.40601208166385
650,18,20,350.1829979126132,375.5006043888227
651,18,20,350.82593991214384,378.1380591030551
652,18,20,352.08947342546196,376.51594655516215
653,18,20,350.4598445349614,375.54455293882296
654,18,20,349.44900891425476,376.3200712781859
655,18,20,350.3820008469817,376.36218589845333
656,18,20,349.74695115197795,375.3783608824488
657,18,20,349.676591251082,377.0379505245795
658,18,20,349.6570256804749,377.98256850492265
659,18,20,349.04654990158923,376.1713188658978
660,18,20,349.6104291530387,377.2021623284184
661,18,20,351.03861895412155,376.0794768287916
662,18,20,350.49315086716723,373.7528363031599
663,18,20,349.5561204951146,375.9454593105018
664,18,20,349.8979647572784,376.87378149528786
665,18,20,348.90730801381807,375.5816047991115
666,18,20,348.2320574583043,376.4534304965927
667,18,20,348.6500951234275,375.9381787589055
668,18,20,348.7740214542198,374.83823040816054
669,18,20,348.43177808457693,373.9891071572629
670,18,20,350.41201196086473,374.9773850373456
671,18,20,348.82523917156436,375.0834169548705
672,18,20,349.58264157752166,374.08878364762893
673,18,20,348.1354792884657,375.29903658154944
674,18,20,348.12068589817363,375.3287058113245
675,18,20,348.4638547760923,374.16421036077554
676,18,20,348.3780166022083,373.6367490487369
677,18,20,349.18084836032835,375.9644988505175
678,18,20,348.81781772412774,375.04987478241566
679,18,20,349.09868631667734,376.174931613546
680,18,20,347.6694834972111,374.3436244806592
681,18,20,347.5249442360249,375.6245007044888
682,18,20,347.4883846309129,375.3057910633942
683,18,20,348.9444026108973,375.4296478126993
684,18,20,348.46463715478575,375.8724327143505
685,18,20,348.244983038664,377.05310027257605
686,18,20,347.7581468642648,374.81748260701346
687,18,20,348.3244293318236,375.77027170344735
688,18,20,346.9952394558542,375.6494279599974
689,18,20,347.2933499164332,374.5064477309986
690,18,20,347.4306801129564,374.4046836734112
691,18,20,347.38983698405355,375.1510208508578
692,18,20,347.07761730297784,374.2631409939527
693,18,20,346.75948301212316,374.8242062179433
694,18,20,348.1918968297224,374.95931748210774
695,18,20,348.87282918099777,372.2095804620141
696,18,20,347.32911863439574,372.5659069492144
697,18,20,347.81374467457533,371.95054017349497
698,18,20,345.3424228872586,372.51382301336315
699,18,20,346.54307175962765,373.1212223634453
700,18,20,347.9674187599674,372.34652081338174
701,18,20,348.2953474747108,373.54456024399474
702,18,20,348.61022693998547,373.05529040938126
703,18,20,347.27225656633647,371.21649815923666
704,18,20,347.8543505670754,371.5292880348384
705,18,20,346.453137133935,371.65237022964624
706,18,20,345.4949551878725,371.6459684731589
707,18,20,344.1088259438133,371.6773113241375
708,18,20,346.55923011212684,372.09662500668145
709,18,20,347.2298101745252,368.4067550427226
710,18,20,345.97809160606914,370.0180447889473
711,18,20,343.9219995260233,371.4689731053357
712,18,20,345.5323479900786,368.9426248294953
713,18,20,345.76040618176245,368.9241253628481
714,18,20,346.06614101874334,370.3654863690832
715,18,20,344.5511573484258,369.19413283284723
716,17,20,344.23174099287576,370.16478798492506
717,17,20,345.606746195018,368.27100730465247
718,18,20,344.32510176897165,369.22643459564375
719,18,20,348.44947426435584,368.45904997987645
720,18,20,345.88902474684454,368.0599145686085
721,18,20,345.7759346233831,369.07427700814117
722,17,20,345.7664722184261,367.5868193650947
723,17,20,346.07070879525236,366.18103451577326
724,17,20,346.7318562709527,367.76725641381705
725,17,20,346.39331099462123,368.9487290871964
726,17,20,346.3236641824974,367.8875492588633
727,18,20,347.93330927321233,367.0132080510622
728,18,20,346.8872036465676,366.62349627514993
729,18,20,347.0594563726687,366.7732221041797
730,18,20,345.52128715817287,366.13976049333746
731,18,20,346.6483183526173,365.7801526878975
732,18,20,345.7058964941493,366.05423232592614
733,18,20,346.8161457434253,367.22101348567355
734,18,20,345.9978008980132,367.64063156433605
735,18,20,346.6597740642829,368.0940098587276
736,18,20,347.3376490560832,366.8947624553923
737,18,20,347.35602531854835,367.0402212239733
738,18,20,346.60627504293376,367.8291701325912
739,18,20,346.30344062206933,367.08866088255655
740,18,20,346.4338248509529,366.30011341816424
741,18,20,347.4080065264087,367.35875162994273
742,18,20,347.7533249740489,367.9164393826908
743,18,20,347.5601692016679,368.84823069739554
744,18,20,347.0430134219268,367.7436847649306
745,18,20,346.88396601406725,366.56177672873133
746,18,20,346.26207638405293,366.2062884455737
747,18,20,346.21598733184913,365.14953234014627
748,18,20,347.2353122894295,366.03981373759206
749,18,20,348.41923794838715,364.9141587021001
750,18,20,348.43773895864723,363.7585651212294
751,18,20,346.4265766275768,365.09145748454455
752,18,20,346.6289583952027,364.79172869672726
753,18,20,347.2051587813747,364.2286285669003
754,18,20,344.07292149215976,366.9784159526171
755,18,20,345.6652274781552,364.83209169854086
756,18,20,346.84667875027884,363.21266645697096
757,18,20,344.7482341426895,364.4062268981738
758,18,20,345.54893540395017,363.1801745654945
759,18,20,343.55773047288517,364.5534147009044
760,18,20,345.8468238635456,363.7504442450035
761,18,20,347.4528663457994,363.9778154566193
762,18,20,344.59792734908103,365.38131504961865
763,18,20,345.5097473802671,365.5006329708986
764,18,20,343.42762100991024,365.2216738368357
765,18,20,345.3631203803785,364.8674325811926
766,18,20,345.0075770642933,364.19643401424133
767,18,20,344.66119946167566,363.7941089609436
768,18,20,345.2559133454037,362.6025937017957
769,17,20,344.1380985802151,363.9985732001876
770,17,20,344.65287052926703,364.28824544790774
771,16,20,343.52138422677905,363.9116894601225
772,16,20,344.7806541738673,365.00547788814544
773,17,20,344.24614440197973,363.2786203024583
774,17,20,343.5893085330077,362.7895452976219
775,17,20,343.3261297539516,363.6778392095276
776,17,20,345.82395872279625,363.57789580567754
777,17,20,345.14591749111196,364.79967288243796
778,17,20,345.06629884255,363.87663936600393
779,17,20,344.7947343702116,364.6273395378873
780,17,20,342.91372437956727,362.54698146502335
781,17,20,343.88644012169595,362.62613237964797
782,17,20,343.4289492402901,361.7387961958514
783,17,20,343.0858690147441,364.13807169513126
784,17,20,343.5553941788021,362.3384886372226
785,17,20,342.1719634706912,363.7598453098498
786,17,20,344.1125698787322,364.3759129914014
787,17,20,344.2125702606368,364.1444404384597
788,17,20,342.87432357992265,362.4510691508663
789,17,20,341.88036470976544,361.1009894859201
790,17,20,343.2945113021591,363.32855317326977
791,17,20,343.973566348797,363.82678377383183
792,17,20,343.53414987223886,362.3339082475386
793,17,20,342.89391032585985,362.9449502162574
794,17,20,342.74292516978096,362.8648201770465
795,17,20,341.4450384367958,362.6490321282015
796,17,20,342.7841408816816,361.74043519641634
797,17,20,342.8428213352084,364.3798375551101
798,17,20,343.36714457192,362.1532607786187
799,17,20,343.7038899421826,362.63051754240684
800,17,20,341.46672330881944,360.5548838738255
801,17,20,341.0802884286507,360.0259203659729
802,17,20,341.58194540922614,360.7460339230722
803,17,20,342.1163538589358,361.038267674553
804,17,20,342.592456150904,361.23449173071
805,17,20,342.7009915160097,362.3885481063476
806,17,20,343.9028881228225,360.38071042767405
807,17,20,343.77892125639585,362.89446440762197
808,17,20,343.64605417861054,360.8715802695683
809,17,20,342.947143059614,360.49852083247225
810,17,20,342.3012812784392,362.1959594897386
811,17,20,340.87903430100204,360.66242224056396
812,17,20,341.32040804664666,360.9223236574389
813,17,20,341.473192121286,362.49945495569006
814,17,20,341.7709337633485,362.52336714892203
815,17,20,342.7468011626464,363.76027850431655
816,17,20,342.123236496304,362.95575952478697
817,17,20,342.38844853965736,364.17927833597065
818,17,20,341.26142045793466,362.71184165207234
819,17,20,340.66283416469844,360.9350910200019
820,17,20,340.9885139254268,362.2610668496698
821,17,20,342.7199650323587,361.22773854748453
822,17,20,343.5682010822899,360.11028506603805
823,17,20,344.54649035171644,359.6560626400318
824,17,20,344.7413238251996,360.24410404689746
825,17,20,343.42680540533115,359.3827734378874
826,17,20,342.763732226575,360.0014388145342
827,17,20,343.54103944538764,360.34332752655655
828,17,20,342.2821616891632,360.41850300891196
829,17,20,342.64341515333405,360.5620646047567
830,17,20,342.286539508832,359.5712599752108
831,17,20,340.9607937276028,358.169449651336
832,17,20,340.36397554933916,358.9924477022579
833,17,20,340.4480944631161,358.76450831523596
834,17,20,340.31865238129603,359.2020731874197
835,17,20,337.47891051709223,358.35547290822467
836,17,20,340.4357205637935,359.5364805628934
837,16,20,337.7518871274579,358.26779950345485
838,16,20,337.0265224932133,357.638555968504
839,16,20,337.75548799256615,360.0171676060309
840,16,20,339.5663702217004,357.51500415358333
841,16,20,340.0389700839131,359.512649473131
842,16,20,341.44955342386277,359.3008215831677
843,16,20,340.5177522957422,357.265589204416
844,16,20,342.6107897057599,357.46314009542084
845,16,20,341.9635647554212,357.4216767569522
846,16,20,341.91734066422345,357.81358265086163
847,16,20,340.50807521631936,359.1543623863037
848,16,20,338.25090709949615,357.5997738790183
849,16,20,335.3705738660386,359.29742393743436
850,16,20,337.66936575898876,357.3842859055167
851,16,20,336.9049689538061,360.7656226141662
852,16,20,336.02819294506907,358.7234548720183
853,16,20,336.36889816528793,361.68915807378824
854,16,20,335.98658146657493,359.3406415781348
855,16,20,336.20179628967253,358.8712064516495
856,16,20,335.60298334746255,358.35426420751287
857,16,20,335.8078658620244,358.57541286463726
858,16,20,334.5041143791293,357.4822909596179
859,16,20,335.7863487907154,357.29050895396244
860,16,20,335.66996119212706,356.88757092022297
861,16,20,338.6255135166092,356.5049971832582
862,16,20,334.90810099647945,357.1139878845601
863,16,20,336.45397935375087,357.65301057968975
864,16,20,336.12588411962287,357.178015804773
865,16,20,340.34801885403175,355.4802039306
866,16,20,339.0806216376601,356.68739294745995
867,16,20,336.10058907551934,356.8191787778629
868,16,20,337.06296327417624,357.2871288269544
869,16,19,336.3735985400321,355.8346371067982
870,16,19,335.59819690506396,356.21808482954305
871,16,18,335.93339321776193,354.4961718177625
872,16,18,336.39784512503394,355.3134218330655
873,16,18,336.91097251503095,354.56684187744526
874,16,19,337.8173631353719,354.6569259611951
875,16,18,338.3293454823692,354.69202549950586
876,16,18,336.0914533200735,353.0682854335987
877,15,18,335.1732728776034,353.3867562981492
878,15,18,337.7859568531019,351.71008245428874
879,15,18,337.9668657239413,351.7169302055892
880,15,18,338.14520777843677,351.3556278118908
881,15,18,338.224684228242,350.77561228479095
882,15,18,337.34136047883976,351.00014316362547
883,15,18,336.0786035688961,348.7241026048353
884,15,18,334.6478009091971,351.6032256753654
885,15,18,332.9498042360818,349.92469699414397
886,15,18,333.2873562019798,347.7613910283716
887,15,18,333.2702333192398,349.57819935700974
888,15,18,332.7915017286748,350.3974695936071
889,15,18,331.96501533052907,348.61618347595817
890,15,18,332.6381206412593,348.5022358613958
891,15,18,333.22786831324845,346.8183690419219
892,15,18,333.0000644006891,345.5580082194081
893,15,18,334.2179253839941,345.13177896433746
894,15,18,332.31353409357405,346.9023848118727
895,15,18,330.94357406527894,346.6185948116125
896,15,18,329.7385354346218,348.2846096200738
897,15,18,329.58499634511566,347.5761573575726
898,15,18,327.6444712925108,348.56090550166516
899,15,18,329.05126129874606,347.68781836714294
900,15,18,331.26417587275944,346.3265307074048
901,15,18,332.93878006112595,344.8567139277294
902,15,18,332.8588039458004,344.1844109062507
903,15,18,333.653706089324,345.0604763182688
904,15,18,332.3320455870922,345.03820879156154
905,15,18,332.27166305611144,344.1393903557901
906,15,18,331.53456809079006,342.8758929993319
907,15,18,331.81744746326683,342.5193829784294
908,15,18,330.1311556851596,342.16667286780284
909,15,18,330.1063996592095,342.24551143399947
910,15,18,328.6126629862059,341.54743395471047
911,15,18,331.2915004662478,341.6025416652597
912,15,18,329.13314575577914,341.8256276029859
913,15,18,330.41255461628015,342.18474389881663
914,15,18,329.08113306013723,343.0285577898845
915,15,18,328.87525546714426,341.25111356139075
916,15,18,328.7481426242281,342.2132906887227
917,15,18,329.3633659818835,341.6245914944291
918,15,18,328.51019270447154,343.04566034075094
919,15,18,328.7758389471458,342.31346046816446
920,15,18,330.29818759660014,342.7616434536369
921,15,18,330.17848714134425,339.3156234267238
922,15,18,328.1655453065447,341.2506597416737
923,15,18,328.8323329377635,340.7718227369506
924,15,18,329.23591783301794,339.2300599557993
925,15,18,329.0834125908497,339.27540855972666
926,15,18,328.6160077987417,339.70369972265394
927,15,18,328.7173139342451,339.33110214591943
928,15,18,328.0053429515517,339.0366256770448
929,15,18,327.92608203509093,337.2528441209399
930,15,18,326.0863544266761,338.5863029419053
931,15,18,326.2808546153748,339.0698370156553
932,15,18,326.82929807330953,337.688150223417
933,15,18,327.844594747613,338.44699324689884
934,15,18,326.01696308904076,337.0811156330151
935,15,18,327.6611935767316,335.86838378487755
936,15,18,325.9959138968922,337.5530120996956
937,15,18,326.1398920533851,335.0957491259281
938,15,18,326.8334371187926,333.70249217480784
939,15,18,325.36193474771244,334.30200309058773
940,15,18,323.8093762232612,333.08840191869416
941,15,18,323.71709146754483,334.22533172705926
942,15,18,323.594623560971,332.9166311940436
943,15,18,323.8644811123973,334.41670837731925
944,15,18,323.43690785973575,333.9771279177046
945,15,18,324.2151807687553,332.9150357134572
946,15,18,323.9095626264021,333.1729564091545
947,15,18,325.12046519090035,331.9237910415488
948,15,18,326.902479343636,331.1846531543662
949,15,18,327.41468015153646,330.71708281277813
950,15,17,327.60495560873176,329.92725798982843
951,15,17,328.67872808959845,329.7541640763377
952,15,17,328.6777652949664,329.89415476084235
953,15,17,328.3690976576184,328.34838725981166
954,15,18,327.10571038677887,329.8720065425218
955,15,17,325.61635859485864,330.98112275388513
956,15,17,326.37461443234986,329.0133304800944
957,15,17,326.4204920487221,330.69270444466474
958,14,17,324.43790050874776,329.34706600528915
959,14,17,324.4111830865234,331.4260205733723
960,14,17,325.30116084505306,329.1326748636231
961,14,17,324.22289978016033,327.7334141725548
962,14,17,323.65004684059846,329.19646607957065
963,14,17,324.48242640110226,329.6112733073236
964,14,17,324.8009258130695,329.1524620457175
965,14,17,326.071741936145,328.67179178714133
966,14,17,326.05520257419846,329.26066637890034
967,14,17,323.6736588366046,329.2722297738155
968,14,17,324.4454223473294,329.1840536115532
969,14,17,325.73459982076633,326.48857661006485
970,14,17,326.7417407647141,327.15165452703616
971,14,17,325.0944640577563,327.44663356063745
972,14,17,326.9062309073041,327.961393323972
973,14,17,327.59789003349965,329.0739608273384
974,14,17,326.10578958423434,328.65767438931897
975,14,17,325.9610731763968,327.3057973411201
976,14,17,324.72117942733246,326.94249912485213
977,14,17,325.8527666252249,326.12831888138743
978,14,17,322.28708907304156,326.7038133567714
979,14,17,321.4636925798229,325.561405692517
980,14,18,319.89474588922695,325.8270548548273
981,13,17,319.33630803475415,326.2930377860498
982,13,17,320.7041168495025,324.39410709624684
983,13,17,321.10107624891293,323.6140619631069
984,14,17,321.89350987017895,322.8363139381179
985,14,17,323.2659467817356,321.35247260275366
986,13,17,322.8150122272413,320.62411971950837
987,13,17,323.2126890121314,320.0946763666283
988,13,17,322.6840276191607,319.93011687853436
989,13,17,323.845281329089,320.069048679905
990,13,17,323.0219195360219,318.3289609911968
991,13,17,321.67866714044237,320.26511406199097
992,13,16,320.8401539622721,320.1869940531681
993,13,16,320.472531951447,320.1176362596865
994,13,16,319.95477985116315,319.64630740408853
995,13,16,319.32217680072205,321.04290417701054
996,13,16,318.73605058344924,319.4373467217214
997,13,14,318.3044177793399,318.6008719939701
998,14,16,318.8969495808271,320.43079717623266
999,14,16,317.81741012198586,320.7224176726299
1000,13,17,316.39024865407583,321.0286319895356
1001,13,17,316.9523208598816,320.59817818311114
1002,13,16,315.7078691532233,318.98605255514
1003,13,16,314.2478075563328,320.74775517856847
1004,13,16,313.20378993328757,320.708514720908
1005,14,16,313.81832718103834,321.62221424373246
1006,14,16,310.9295032392588,320.0201959156278
1007,14,16,312.65137897577137,321.7836300026292
1008,14,16,310.6759656780581,320.8786402629575
1009,14,16,311.0570217716506,319.30224299372827
1010,14,16,310.3810634370793,319.97489618762137
1011,13,16,309.90174330949833,317.24313199771467
1012,13,15,307.566823529475,317.5047254414086
1013,13,15,308.9075113852853,315.0296937731253
1014,13,15,307.83743006366797,317.1475460096452
1015,13,14,306.8908046077972,315.8296646959646
1016,13,16,306.197612009646,317.0877759987181
1017,13,16,307.66374349589483,316.3606893598169
1018,13,16,309.38224465602775,316.2692705515186
1019,13,16,308.8716027794506,317.1424444888332
1020,13,16,307.06065284840724,317.58090440081975
1021,14,16,306.88105784716424,318.5351621643463
1022,14,16,308.60408946646214,318.6097865183019
1023,14,17,307.45975723072416,319.0291203835259
1024,14,17,306.471749836157,318.8976934422211
1025,14,17,306.47953214877174,319.08128057978143
1026,14,17,307.42492516595723,318.288128282779
1027,13,17,308.85277959362855,316.92784027125714
1028,13,17,308.1301693440665,317.72068537353556
1029,13,17,308.0850668632001,318.3336078465692
1030,13,16,307.74256504645234,318.3228496151833
1031,13,17,306.3109054578247,315.9733102743534
1032,13,17,307.3968536541935,317.14048055135663
1033,12,16,306.7267187455987,315.1418003574312
1034,13,16,306.1797542052905,314.3673570660422
1035,13,16,306.6040995905236,314.27376929908525
1036,13,16,306.3096997060882,314.1290895530019
1037,12,15,304.6307010751025,313.7099282723799
1038,12,16,304.56137071141563,313.55170268958597
1039,13,15,304.42563338314636,311.0978315508925
1040,14,15,302.6996207212764,310.53320966736436
1041,14,15,300.3477152761228,311.8689039388085
1042,14,15,300.6691363517131,310.0226130474533
1043,14,15,300.14279148253695,309.0375089754422
1044,13,16,301.7919077132344,322.90887441935945
1045,13,16,302.1898963170994,320.7150291389274
1046,13,15,303.49454981076195,320.55040413295814
1047,13,15,302.03049185585405,321.12073299770356
1048,13,15,302.6116427643015,321.6420687822839
1049,13,15,300.543095667839,320.910681503855
1050,13,15,302.47919368916143,318.79800741895207
1051,13,14,301.6542157124885,319.53458119614737
1052,13,15,301.1247151087615,318.2054918972206
1053,13,15,301.64311974604124,319.2215338556833
1054,13,15,302.3982033952475,319.322079819042
1055,13,14,300.54263217057473,319.2783928224229
1056,13,14,300.07401668125664,317.6715323767776
1057,13,14,298.2181115403527,317.57803691781623
1058,13,14,298.2733774579128,317.63095122645547
1059,13,15,300.56023851988226,317.26846455821703
1060,13,15,299.37502053196437,317.95976244653787
1061,13,15,298.8186637491955,318.4176968680678
1062,13,15,299.66706752576306,317.37631677320326
1063,13,14,298.8113439541266,316.04153771862144
1064,13,14,299.2410274687101,314.89056430205943
1065,13,14,300.0865105911057,315.23473732438026
1066,13,15,300.430482420067,316.7789512492412
1067,13,14,298.8718828943,314.9643381459316
1068,12,15,298.97981175774396,314.33848082339125
1069,13,14,300.5145257401306,312.945537562705
1070,13,14,300.06159573501355,315.10756055111455
1071,13,14,301.0000685222952,313.6802199136069
1072,13,14,299.5860128185825,313.8689533454826
1073,13,14,299.9391893840392,312.03136973189237
1074,13,14,299.6545347773529,314.85266761771874
1075,13,14,299.0896426988486,313.4514126194753
1076,13,14,298.5129410326045,326.69948316717097
1077,13,14,300.74348694745885,327.701086463362
1078,13,14,300.47117554125293,327.3290803684872
1079,13,14,299.99639993551295,327.16627526811516
1080,14,14,299.78046729380054,328.29042630783385
1081,14,13,300.2589009418782,326.5288909285888
1082,14,13,299.9525859229513,326.7747660901526
1083,13,13,300.55269482290674,326.1962279996769
1084,13,13,300.764259691355,326.74457652428634
1085,13,13,298.7272635089973,325.6807859434843
1086,13,13,295.49804461098654,327.5260676026394
1087,13,13,294.7440762547752,327.54072076218876
1088,13,13,295.4166201484811,329.2382724047509
1089,13,14,296.21772198278165,329.3526817539804
1090,13,14,293.801053991552,328.97887825798466
1091,13,14,294.16728930159934,330.05435667418215
1092,13,14,294.17799520803976,329.5317606403831
1093,13,14,294.3354554094571,328.3476093956868
1094,12,15,296.79599340748,327.70047276757884
1095,12,14,294.5506113480871,328.5849592932076
1096,12,14,296.2725839639117,328.8141424013603
1097,12,14,295.2506391360722,328.98919241198513
1098,12,14,295.7882061882375,328.3766897886148
1099,12,14,292.74209226997243,328.4535938513354
1100,13,14,293.9444133089009,327.7864870721598
1101,12,14,296.29923263664125,328.7680989461822
1102,12,14,294.3697545779827,327.4250640512029
1103,12,14,296.43262292508854,325.2812974902714
1104,12,14,294.84611800813394,325.76517108226733
1105,12,14,293.94344128092973,327.0066564688556
1106,12,14,295.845130327644,324.26919736109954
1107,13,14,295.17853729939856,326.00498015447545
1108,13,14,294.3564185457201,326.66072401815444
1109,13,14,295.55832895818776,326.06712487132955
1110,13,14,295.20302570378294,324.74861137948045
1111,13,14,292.9411470050357,324.44451805721445
1112,12,14,292.1335923469953,323.72572778188044
1113,12,13,294.33313337683205,324.18748368359684
1114,12,14,293.0623725868072,325.3129781684205
1115,13,14,294.06630314767085,325.58882027581257
1116,13,14,294.30796048219673,325.8632099366011
1117,13,13,295.58866933049603,324.65992888727425
1118,13,13,295.03137548512285,324.59056291703985
1119,13,13,294.5717838980648,322.47824893053456
1120,13,14,293.2283052288614,323.2610986964194
1121,13,13,292.090838659451,323.1988333825158
1122,13,13,295.42547785345755,322.2104933693786
1123,13,13,295.98708134166566,321.17096047761527
1124,13,13,294.65398429953785,321.2215820523673
1125,13,13,296.1160414908947,321.11714712621443
1126,12,13,296.0671558988392,320.77389539405607
1127,12,13,298.0897880482055,318.69876706434263
1128,12,13,298.02783161636364,317.96506281587057
1129,12,13,298.6085829169361,320.3470500838629
1130,12,13,297.9614659293567,320.53281740333523
1131,12,13,297.6176193520698,319.73496593469935
1132,12,13,299.84922580633406,321.04229697073345
1133,13,13,300.32959630590057,321.98456687732715
1134,12,13,300.5824775244159,320.9036386464846
1135,12,13,300.0109529912016,319.60648699416583
1136,12,13,297.38851062462305,319.3539196801496
1137,12,13,298.33123432705975,320.8367476014338
1138,12,13,296.71838705518337,319.47678595251097
1139,12,13,297.3676114216595,319.70883600866074
1140,12,13,296.30919133602197,320.8867653076393
1141,12,13,293.9419427679438,319.3019155368225
1142,12,13,295.10176245019846,320.6929965479612
1143,12,13,294.95214626102796,320.6455795335345
1144,12,13,293.36426048208796,322.3676888000403
1145,12,13,292.606038685984,319.28263466346584
1146,12,13,294.6279009083048,318.90128427705974
1147,12,13,296.5881616702826,321.26862902695785
1148,12,13,295.8873224982806,319.3557276668863
1149,12,12,293.98879900657056,318.60703440699456
1150,12,12,293.5071741246765,332.672174691783
1151,12,12,293.5377406978927,330.6661451860404
1152,12,12,293.10583160604784,328.62155198305476
1153,12,12,293.52488368630657,329.1617574849709
1154,12,12,294.1043370990653,327.10090229913584
1155,12,12,293.54018072143623,327.39702920392614
1156,12,12,294.22599833817765,328.0592472188041
1157,12,12,294.821043480805,327.57730232195064
1158,12,12,294.1869965201349,327.5053904188008
1159,12,12,295.52820718878826,329.3477863056699
1160,12,12,295.92676352701034,332.20782427403344
1161,12,12,295.00368065941876,329.09330641359657
1162,12,12,292.7177643232072,331.27104486504464
1163,12,12,291.1283488171918,330.6981987628533
1164,12,12,292.63106911348956,331.25727941039264
1165,12,12,293.0754578107076,329.0832811564088
1166,12,12,291.4425169451534,330.8274222258429
1167,12,12,290.9989225428528,332.330435311306
1168,12,12,290.74492624068233,331.57674939105806
1169,12,12,290.4939022163692,330.59770889390444
1170,12,12,290.16571070038395,330.50390718541445
1171,12,12,291.2450899310051,330.9726008351241
1172,12,12,290.4708874361375,327.77866042640693
1173,12,12,289.195172137684,329.5300886961656
1174,12,12,289.6223947474679,327.9487940923342
1175,12,12,287.65429433645687,329.41675574287063
1176,12,12,289.1322404317271,328.94561448647084
1177,12,12,288.66188044090427,328.1491149716352
1178,12,12,286.4068641922697,330.4845160965583
1179,12,12,288.4742072599867,329.8091098842192
1180,12,12,286.0349211710932,329.4567968782316
1181,12,12,288.0995932584026,328.19989303279306
1182,12,12,289.2866736378559,330.1501004865796
1183,12,12,286.9714659288996,328.7755224988284
1184,12,12,287.6646058369609,329.40452276711596
1185,12,12,288.0955422546259,328.12546957953515
1186,12,12,288.3537188510091,329.20427840630686
1187,12,12,284.6524461006064,330.3816986337542
1188,12,12,285.6691701214984,327.8583428036304
1189,12,12,287.1131245973573,329.4808376505256
1190,12,12,287.7208303897659,329.0385659780642
1191,12,12,284.7332739996224,330.1785768303553
1192,12,12,287.20775562085254,331.21311235130116
1193,12,12,287.45365382457794,332.0229010091735
1194,12,12,289.66624066484445,329.88259021683876
1195,12,12,288.52481001751823,330.61790094729605
1196,12,12,288.1505562633584,329.2297454055482
1197,12,12,288.6418297370454,328.4845951221383
1198,12,12,287.81500209144446,331.0606581340492
1199,12,12,287.08557744885616,330.46677172550795
1200,12,12,288.26818105975536,330.5996369406098
1201,12,12,287.11550626705554,330.76535528183723
1202,12,12,284.1338471962272,332.4801421820972
1203,12,12,286.96840375805664,331.00178396496256
1204,12,12,285.37293419100564,329.4874329997194
1205,12,12,285.2533849557882,331.7776275391068
1206,12,12,285.48899923992514,331.521456269862
1207,12,12,284.4185365937193,329.7222533934452
1208,12,12,284.29689791771017,329.96661818333183
1209,12,12,284.73625174674333,331.7353796560834
1210,12,12,285.9604193354441,331.92574425031495
1211,12,12,286.82173446458876,332.3240093652549
1212,12,12,286.941019292849,332.9836625376416
1213,12,12,285.98253984655645,332.17526888143465
1214,12,12,285.8501468685223,332.5798099089793
1215,12,12,286.2579960278559,332.6004859676585
1216,12,12,285.12141019161953,333.0532250447128
1217,12,12,281.7047128751452,333.66763909706043
1218,12,12,283.01104919695064,331.49118046719184
1219,12,12,282.8766081336623,332.0199628137484
1220,12,12,282.2553682724132,331.4187922538222
1221,12,12,282.6797191591191,334.2809974121844
1222,12,12,283.0102020743796,332.9496003387627
1223,12,12,282.882012145799,333.14502398136494
1224,12,12,282.6975749575964,334.1547146335696
1225,11,12,282.9851526882319,332.97698990495195
1226,11,12,282.58888186993414,334.65805218353603
1227,12,12,281.0276175433491,334.0951872233041
1228,11,12,278.48232276841753,334.7667874457766
1229,11,12,279.9835053638524,332.516195356566
1230,11,12,279.8434873826818,333.10479667721125
1231,11,12,279.9758568941972,331.36728138787953
1232,11,12,279.4094224938933,333.74752872751503
1233,11,12,279.6297401280571,334.34753294234997
1234,11,12,279.2819128858694,334.62915093410766
1235,11,12,278.35211859810636,335.0015088246348
1236,11,13,277.64080775371747,333.76255037035475
1237,12,13,277.920365082908,333.40166835017556
1238,12,13,278.2938675884572,333.431050569762
1239,12,13,280.1094939699728,332.41996267899907
1240,12,13,278.9680538079913,334.02964696716464
1241,11,13,278.5538623248976,334.1773533469719
1242,11,12,279.5783427563124,331.84652852865236
1243,12,12,278.8683480084431,331.6599911208972
1244,11,12,279.2898991224137,331.1141695387105
1245,11,12,278.0031103396969,330.85368182343706
1246,11,12,276.9970482623584,332.2165134253621
1247,11,12,278.0122991746707,331.73052720859226
1248,12,12,277.5699982305489,329.68461425484315
1249,12,12,275.3051512051303,328.9120791549501
1250,11,12,274.1344270061664,330.5825754946516
1251,11,12,271.44651431331266,329.2514690504239
1252,11,12,272.0232569127729,329.9073141210228
1253,10,12,271.2222506947089,328.3034658039921
1254,11,12,270.97756660510277,329.38271950040564
1255,12,12,270.73291653624494,330.10030570381934
1256,11,12,271.3830815684229,329.6369323023336
1257,11,12,271.9864098237975,328.757835740414
1258,11,12,270.0966461822151,326.4387892285708
1259,11,12,270.44769051991796,324.9641560137862
1260,10,12,268.9539795827249,323.84347839950823
1261,11,12,268.50217358509155,323.41726015513296
1262,11,12,269.33916084541545,322.58245928674
1263,11,12,268.2178265898364,318.78155425483
1264,10,11,268.5428348338129,318.45977349062343
1265,10,11,270.11454276404174,317.70170216025383
1266,10,11,268.2049930743375,318.03129597995957
1267,11,11,268.5840763901103,318.6581976618711
1268,10,11,269.60140599868976,317.01369806940795
1269,9,11,268.19332123213695,317.908426284921
1270,10,11,266.94690003397096,319.0777024455028
1271,9,11,267.08591250649073,321.14471223482894
1272,9,11,266.2042404007671,320.7250078808664
1273,9,11,263.793829243722,320.6481964977632
1274,9,11,264.3624015973225,319.9633923587904
1275,9,11,264.8513033052019,320.16104726864637
1276,9,11,265.1642902256769,321.3036419611282
1277,9,11,266.3865392976353,320.72662398814174
1278,9,11,266.70600175749775,319.4239710455138
1279,9,11,265.53014825382036,320.7806043393117
1280,9,11,266.9823090580816,318.3560995576439
1281,9,11,266.6362558922823,318.2724035823269
1282,9,11,267.3279499450368,318.58433474746147
1283,9,11,267.4960531846921,318.2848193494393
1284,9,11,268.9936539304208,319.26470733247385
1285,10,11,269.15081377420074,317.91646812050425
1286,10,11,267.05355533251316,318.13516402646695
1287,10,11,265.5938798407451,318.52691493960816
1288,10,11,265.6545338714129,318.8924009743782
1289,11,11,266.0653186152512,317.39057007184516
1290,11,11,264.89821041079614,319.5998406374631
1291,11,11,264.8923783304611,317.8967429887069
1292,11,11,265.12566445241885,316.7568259206804
1293,11,11,263.30676157037794,316.5178295585609
1294,11,11,262.8631831330842,314.0531926368856
1295,11,11,262.55529266931893,312.80562665213085
1296,11,11,262.5346792740855,313.23119261220177
1297,11,11,261.84484476060527,310.5037293042676
1298,11,11,261.0625413487818,311.49930254202377
1299,11,11,260.47030665560214,312.6039411027794
1300,11,11,261.26207351003467,312.46532085597113
1301,11,11,259.8313429783525,313.1818944486559
1302,11,11,258.4785356798192,312.9782833114045
1303,11,11,258.55198278709406,313.80936486824527
1304,11,11,257.08110342862045,313.60727750712545
1305,11,11,256.820086096587,312.2074275186422
1306,11,11,256.77746724301426,313.22582689781535
1307,11,11,256.81727862801745,311.59908494628974
1308,11,11,257.1187951917931,311.5315229507861
1309,11,11,256.5245057576386,314.331079745135
1310,11,12,255.56719256287747,312.7811715078189
1311,11,11,256.7232341774555,312.17889489672274
1312,11,11,257.25426693440244,311.2653147646257
1313,11,11,255.93116925636193,311.4085255279405
1314,11,11,257.01564618146836,312.560289548422
1315,11,11,255.11748646413108,311.4584398886108
1316,11,11,255.67499513973664,310.2819659890368
1317,11,11,257.30326729922484,310.36633753327783
1318,11,11,256.5287159562967,311.16545929090336
1319,11,12,257.0617147998509,313.06592502974127
1320,11,12,257.2085133568969,311.78225252977444
1321,11,12,254.85513464976952,313.1170204814391
1322,11,12,255.38414871126366,313.2959124356363
1323,11,12,256.2412762121336,310.4968117518379
1324,10,12,254.1065964864076,307.7830768357956
1325,10,12,253.47107028775326,307.1410711787006
1326,10,11,252.66360957949198,309.393637244513
1327,11,12,252.02313579605516,308.2872817543568
1328,11,12,251.64824356583185,306.57303409642583
1329,10,12,250.7743054039503,307.72093509654087
1330,10,12,250.12908843695197,307.62184743925485
1331,10,12,249.58937683625527,307.38732167809894
1332,10,11,250.542290216073,306.4330331669414
1333,11,11,251.55594542727792,306.61964964678117
1334,11,12,251.7296728829438,304.2599098869984
1335,11,11,251.51477903247954,301.1269270158828
1336,11,10,249.8659714075303,302.13172544652633
1337,11,10,250.6517220235343,300.0616758797132
1338,11,10,250.78667275488124,300.3507863026465
1339,11,10,253.9935370944159,300.3112127334811
1340,11,10,253.97822260145702,301.05627467391116
1341,11,10,254.31589473947503,301.81259601490154
1342,11,10,254.73848155974812,300.2348220719378
1343,11,10,264.36550042734814,300.2295286347012
1344,11,10,264.092285659166,299.9524535015381
1345,11,10,265.34133629015315,299.4188342090497
1346,11,10,264.8720701049859,298.33101866459344
1347,11,10,264.69911623733407,296.21562399775627
1348,11,9,264.156951609183,296.3543405457901
1349,11,10,264.2154743622891,296.97530699563924
1350,11,9,265.0939703553739,294.8245686696937
1351,11,9,273.4454002184537,295.90961291434405
1352,11,10,275.6833245220355,294.8117945062722
1353,11,10,274.87767387936543,294.6127453632007
1354,10,10,272.5470588306409,295.04623841390884
1355,10,10,273.17042782624253,295.1264134051726
1356,10,10,274.20690999801155,309.6988081033606
1357,11,10,275.0122316431765,310.1932700811159
1358,10,10,271.35249519779296,308.38888778697424
1359,10,10,272.9382480873096,308.45943400565045
1360,10,10,269.94997585698263,308.9075980030975
1361,10,9,270.0360178969938,308.48258159041364
1362,10,9,270.5921652303746,308.2977625893965
1363,10,9,271.54395991539326,306.12153515658815
1364,10,9,271.61160319267157,305.7443292619972
1365,10,9,271.7822873618409,305.6548412180381
1366,11,9,270.49195065190696,304.3335480774607
1367,11,9,270.51255767231646,302.60418657036536
1368,11,8,268.9023556869003,300.55682111045616
1369,11,8,267.2255307106182,301.21536655422454
1370,11,8,269.27232838704225,299.6373704445578
1371,11,9,268.91682029449316,300.6596168602104
1372,11,8,270.1686890380939,301.05069429925214
1373,10,8,269.4103973064,302.84972214941587
1374,10,8,269.4410799712584,303.94103057741836
1375,10,8,270.0427596456465,301.97212132228844
1376,10,9,268.5902812333098,300.86921540695954
1377,11,9,269.5330748828554,302.2134488632613
1378,11,8,270.5435766920881,302.40235819224785
1379,11,8,271.8607203557341,301.8643743002183
1380,11,8,270.1043602249305,300.67186134717343
1381,11,8,270.5251693640165,300.5222699249853
1382,11,8,271.4414731403267,300.6700302714468
1383,10,8,269.1377996192017,301.4006155829203
1384,10,8,266.7232044821008,300.65843055443895
1385,9,8,267.19508180222783,301.8447928584189
1386,10,8,266.25065491734705,301.6077822695315
1387,10,8,265.22071863740945,302.0948628807507
1388,11,8,264.40964094832697,301.8992899133967
1389,11,8,263.93981743657605,302.79687182575555
1390,11,8,264.3314037156004,304.61849357091256
1391,10,8,264.8161238091348,304.8407493337977
1392,10,8,264.86400841704597,303.908821965777
1393,10,8,266.40993714637386,319.5375746411126
1394,11,8,267.1702197287064,318.7529615222371
1395,11,8,267.1203946639959,318.0557837401017
1396,11,8,267.69431563202113,318.239373521358
1397,11,9,266.3737956792579,318.91706087393544
1398,10,9,266.87241972320317,317.0173734224775
1399,10,9,268.6573795720249,316.3276717910298
1400,10,9,270.6557285266407,316.4979256652696
1401,10,10,270.1040349393115,315.2202283218209
1402,11,10,269.46529966594437,315.64836863305095
1403,10,10,270.5929949013248,315.60634771752405
1404,10,11,271.14161133665914,315.26204990662075
1405,10,11,271.82362815800366,314.8320373528252
1406,9,11,270.46830796487046,315.14223075872553
1407,9,10,269.14280263884604,314.6747299570636
1408,9,10,270.4359325909692,314.2594022898298
1409,9,11,269.41692823809507,311.3457598072619
1410,9,11,269.70371008838214,312.6096145546677
1411,9,11,270.0287115929578,313.21751692888625
1412,8,10,268.648544536961,313.88785279789533
1413,8,10,268.9566596734708,312.68126063843073
1414,9,10,270.5172670203696,312.8694603034614
1415,9,10,271.9870479252256,312.1245070735946
1416,9,10,271.77796593497345,310.745997675394
1417,8,11,270.0340266505883,312.15462859882985
1418,8,11,270.9467870899073,313.40250412235616
1419,8,11,271.3709833362672,313.44728825957526
1420,8,11,271.97446204851184,315.2430791540188
1421,8,11,271.5723906745145,315.08711490075143
1422,8,10,272.08307640377353,314.4887879742379
1423,8,10,273.74471903727704,312.8141075840525
1424,8,9,272.1368071709621,312.0951505854467
1425,8,9,270.98354831814953,313.3726384925491
1426,9,9,272.74993599872386,310.996019556727
1427,9,9,273.38554581509385,309.1312120705702
1428,8,9,268.9492089446008,306.1282958505612
1429,8,9,269.2238238666341,306.0206491550052
1430,8,9,272.3865719087319,307.96425639484846
1431,8,9,272.09534856906146,308.6470551643616
1432,8,9,270.504076209502,308.077112852419
1433,8,9,268.9032490782536,308.65758123798855
1434,8,9,269.62993724769353,308.78650813322145
1435,8,9,269.7672249278101,309.7272689360285
1436,8,9,269.49888240294774,309.51797676012484
1437,8,9,270.13285403473145,308.8737661910917
1438,8,9,269.614959277703,308.20620771374143
1439,8,9,268.8870053708636,306.80587667850386
1440,8,9,269.47119672538145,305.457246329194
1441,8,9,271.323209873164,303.9267950859508
1442,8,9,269.25211640442205,306.3902256687429
1443,9,9,269.96612434245145,307.292255158235
1444,9,9,269.5108409211673,307.11156411001014
1445,9,9,268.369654023875,307.4215473433522
1446,9,9,268.49883434604754,307.73750019260467
1447,9,9,266.8683694851857,309.0448533592482
1448,9,9,265.2746168856863,309.47369786580975
1449,9,9,266.8390086410161,307.91654138959734
1450,9,9,266.99110810696965,309.03853023049305
1451,9,9,266.67259798901887,305.1844517356624
1452,9,9,266.44937687435623,305.01138658718236
1453,9,9,265.99594655186877,304.4110997039114
1454,8,9,266.03069527754104,306.7753655555066
1455,8,9,265.35945770961854,305.83345671522966
1456,8,9,263.6351395794736,306.32474318043944
1457,9,9,262.77704320903626,307.5667799470052
1458,9,9,264.52300169,306.92232248228885
1459,9,9,265.3694062938425,306.3087066745017
1460,9,9,265.96489816829796,308.0414434953132
1461,9,9,266.07774307042166,306.58103430475387
1462,9,9,265.1412324377488,308.83314549266777
1463,9,9,262.963461231009,307.5621053236494
1464,8,9,263.32691883226727,306.8572457483277
1465,9,9,264.39017561929563,307.03040612668633
1466,9,9,263.4379104402048,305.49626494553075
1467,9,9,260.81205606023224,307.7616838850998
1468,9,9,261.63582803878046,309.04599840337323
1469,8,9,259.79171819367707,308.4483638609057
1470,8,9,259.0973053157225,308.5214819632481
1471,8,9,258.7442948694832,306.555809207488
1472,8,9,259.7282139112046,306.25425389343394
1473,8,9,257.4282399514985,307.0146764178749
1474,8,9,257.15915994341606,306.8059877831567
1475,8,9,258.76914491342103,308.9717517745385
1476,8,9,257.78352140393264,309.4000507305797
1477,8,9,258.5083661763714,308.8605953698079
1478,8,9,260.0380690981871,307.9489673798299
1479,8,9,260.7397624717944,306.81377655094764
1480,8,9,259.62694315076635,307.7388817870534
1481,8,9,259.6256784156273,305.6948110537445
1482,8,9,257.8186736781379,303.74501293154714
1483,8,9,259.7053013389332,304.18275600783915
1484,8,9,261.49208647380163,303.51221014931394
1485,9,9,272.0042012902098,302.26546112226515
1486,8,9,271.475976941459,303.5675865874009
1487,8,9,269.50989222921766,303.9678182671234
1488,9,9,271.18499804351734,303.68366601432683
1489,9,9,271.0366107765513,304.2607304170443
1490,9,9,272.00176455864494,302.52149515038093
1491,9,9,271.2790244044626,303.58613856876514
1492,9,9,273.6559827040018,304.16973821426035
1493,8,9,272.02376322157204,305.60138260030385
1494,9,9,271.842689263161,305.1118237581191
1495,9,9,271.14899300616156,306.29957531241456
1496,9,9,270.63509564179606,305.35955125140725
1497,9,9,271.1881149754821,303.2437982609807
1498,9,9,271.79313016694874,303.3296697686085
1499,9,9,270.67102298491085,300.0135874556468
1500,9,9,272.05690759222284,300.2340331273806
1501,9,9,272.7319475794388,317.6757573013826
1502,8,9,269.4477243839438,319.4915785817382
1503,9,9,268.2488646709595,321.48694279691995
1504,8,9,268.99835908487813,317.93425987482044
1505,8,9,267.85617761158346,319.58994115625535
1506,8,9,267.4717445171113,319.21259152657206
1507,8,9,268.72777312266464,317.9114946279974
1508,8,9,269.11244844404126,318.1920518586003
1509,8,9,268.31119358884035,318.9444405069438
1510,9,9,267.54319515124735,317.9408400840811
1511,9,8,268.11205733719584,317.63170387789955
1512,9,9,269.5378318038858,319.19889538912804
1513,8,9,267.0969859165847,320.33618080320593
1514,8,9,268.2035695954593,318.12249348712857
1515,8,9,269.8705446003097,318.91081534823644
1516,8,9,269.4365071258737,318.7755097875839
1517,8,9,268.93387232290206,319.4143463637093
1518,8,9,270.7745663929846,318.41980907385
1519,8,9,269.08001688226875,318.2263530704502
1520,8,9,268.2249010205442,318.78015668152193
1521,8,9,269.59898261206604,318.5167137942118
1522,8,9,269.34487022146646,318.011931826307
1523,8,9,269.42673297204016,314.07983385620605
1524,8,9,268.8680753510433,311.64158584111954
1525,8,9,269.77442172009427,313.985570603464
1526,8,8,269.37657514197133,315.0844276200407
1527,8,9,268.97975584153176,314.73078923413755
1528,8,9,269.86655717027236,315.9602521789205
1529,8,9,267.26885203382733,312.8976170390089
1530,8,9,267.8921637874511,313.66935250504076
1531,8,9,268.98583330971906,315.0131034589528
1532,8,9,268.3918480435893,315.7044032805506
1533,8,9,269.8325692289791,314.1670433579397
1534,9,9,269.59353502884983,315.1837693916795
1535,9,9,268.83213512752053,313.5422854923567
1536,8,9,268.87138317909506,311.96155902916996
1537,9,7,270.36040657538575,311.69324858137
1538,9,7,269.8875503175607,312.1830858948917
1539,9,7,269.74237987831754,312.07012869736104
1540,9,8,270.13330725624115,310.9370892630256
1541,9,7,270.4506508802371,308.30640145601024
1542,9,7,267.92548808703157,308.98784263980167
1543,8,7,268.3580732704629,307.51327844471564
1544,8,7,269.67993721241345,307.2011883490579
1545,9,7,269.8958900205005,305.73130108207863
1546,9,7,269.25019050453005,305.3350040170049
1547,8,7,268.21731085053904,304.57980485124784
1548,9,7,269.52206415114875,304.4819115248826
1549,9,7,270.3522127240906,304.8911299010692
1550,9,7,268.52898090658175,304.10795774558056
1551,9,7,269.7780779393564,305.31924541531964
1552,9,7,269.70867992601444,307.0145102741243
1553,9,8,269.37991401332863,307.1014462123557
1554,9,8,268.2655743420247,306.86676748406774
1555,9,8,266.9577225023553,306.6150201769259
1556,9,8,267.35349523182106,306.6853129714113
1557,8,8,266.2320393448386,305.0166113976093
1558,8,8,265.65364178885324,307.32885795904775
1559,8,8,266.6362703773602,308.44361692713403
1560,9,8,266.11048490464947,308.3368357828348
1561,9,9,264.79157623349465,309.3297506672588
1562,9,9,265.2274367321364,308.1959736459596
1563,8,9,266.91533556369876,307.5679759943152
1564,8,9,265.282480035787,308.7948855689912
1565,8,9,266.20168896917585,307.4771554034604
1566,8,8,266.1208935382612,307.645207789798
1567,8,9,262.6133535481807,308.23778777260367
1568,8,8,261.4232873345383,308.2443920429953
1569,8,8,263.4082842273986,307.14370352462674
1570,8,8,261.36256217017973,307.32866631556357
1571,8,7,259.8876958737989,305.8514793076168
1572,8,7,260.6043980085912,305.1556741691674
1573,8,7,261.7023112246806,305.92029935134957
1574,8,7,260.96545916205974,305.5897929690494
1575,8,7,260.22978346812243,306.7093983071902
1576,8,7,260.41855532820887,306.2639319024338
1577,8,7,261.05185592361295,305.5960711243471
1578,8,7,263.1931505364365,304.0282803706774
1579,8,6,260.5420815046973,302.58546115188335
1580,7,6,260.4361727544429,300.00792937463547
1581,7,6,262.58127215772026,302.37073177830814
1582,8,6,260.82209166740176,300.2232480987796
1583,7,6,257.9252653163626,300.4062578336731
1584,7,6,257.3338845953171,301.36977497058933
1585,7,6,254.5409720949612,302.9873854125023
1586,6,6,253.9791136744654,301.3260503041767
1587,6,5,251.1309499512421,300.0747052580117
1588,7,5,251.04554418543805,300.0934990725022
1589,7,5,253.64198712667633,300.6995909510276
1590,6,5,252.77304230486092,297.96223044253475
1591,6,6,253.9380163651448,299.10026316741744
1592,6,6,254.68047998512856,299.6484587993215
1593,6,6,255.44129331006596,298.637601337699
1594,7,6,256.7747948058654,299.820898502265
1595,7,6,257.2104675784247,301.5977477247951
1596,7,6,258.1427560361361,302.5242484081027
1597,7,6,258.60562574851815,301.8182278103353
1598,7,6,259.15627835761,301.63649746047435
1599,7,7,257.68088414671547,301.3999012118867
1600,7,7,258.45976715151204,302.19957475384837
1601,7,8,258.44823171543567,302.093933651815
1602,7,8,259.74983274782494,301.7120201166388
1603,6,8,257.5853408270709,301.2172994551202
1604,6,8,259.39473485150535,301.9554480418006
1605,6,8,258.5224961890098,301.59120796760834
1606,6,9,258.51855365999313,300.3712509672176
1607,6,9,256.17971455720004,301.5717854386223
1608,8,9,255.31520328758398,303.2758536388373
1609,8,9,254.36047387538068,303.3913204324665
1610,7,8,255.14782927377507,302.28949334093085
1611,7,9,255.10299721167394,300.56646960633907
1612,7,9,255.72055260030677,300.87159973797424
1613,7,9,252.85155615180017,299.94105944973586
1614,7,9,252.8206624711957,298.29765867279946
1615,8,9,252.2377633706778,297.8753868801292
1616,8,9,250.57845802419587,298.14426523682613
1617,8,9,250.8400698798702,297.82901312036415
1618,8,9,248.6753685655085,296.46698692179297
1619,8,9,249.6638106201996,293.542881154802
1620,7,9,249.78547544202215,293.23205678565176
1621,7,9,249.4318059380018,294.60177453510835
1622,7,9,250.17424133249568,293.1145200804586
1623,7,9,249.4725860532769,292.60677620586574
1624,7,9,251.97193786966042,292.97779187842616
1625,7,9,251.51984459111182,292.65955444527094
1626,7,9,252.01082247458461,293.51064951941186
1627,7,9,248.92486536484108,294.4815218852674
1628,7,9,248.99640924046756,295.67495103801315
1629,8,9,247.86173914843894,294.80586233184687
1630,8,9,247.53150896801063,294.82421936046285
1631,7,9,246.91112491243948,297.13598593431936
1632,8,9,243.57074611025587,296.1634124049683
1633,7,9,241.78744207461375,295.688412769526
1634,7,9,242.1881768080658,294.6445500677908
1635,7,9,240.20259565168587,295.0458380478612
1636,7,9,241.599116837073,294.6286354157571
1637,7,9,240.38857552081026,292.2692493434531
1638,7,9,240.53451316248362,291.4837675882433
1639,8,9,241.7922384038322,292.2916925298702
1640,8,9,239.9278117365359,290.8934998720075
1641,8,9,239.31469478493395,292.7489920261294
1642,6,9,238.4873456376997,291.0968447558755
1643,6,9,237.03099516331042,289.75497139859806
1644,6,9,235.67075628652395,289.95768453137947
1645,5,9,233.12056272512845,288.69113236679345
1646,6,8,233.2664558301351,287.5025423094118
1647,6,8,233.65730017302363,286.9521938104524
1648,6,8,236.09420645709022,287.26359544309287
1649,6,8,236.175913616349,287.97780176398703
1650,6,9,236.921412310587,289.35083533622293
1651,6,9,236.45511400147228,289.67084706112723
1652,7,8,237.8410902769151,288.7239685943411
1653,6,8,238.9650402990045,288.12007558495736
1654,6,8,236.5126809334204,285.92045150825413
1655,6,8,237.51811437364685,285.23206208263963
1656,6,8,237.9415554497929,285.43263978263707
1657,6,8,237.7345152557676,286.69934002615906
1658,6,8,238.52164195946213,287.55515275406117
1659,6,7,238.9098422196976,286.00476731806873
1660,6,6,238.08046281536923,283.48903982905625
1661,7,7,237.57517950787613,284.82861888174887
1662,7,7,239.4302207527704,284.59026748973923
1663,7,8,239.52076976672342,285.9686072655672
1664,6,8,237.23424568256146,285.973850468347
1665,5,8,235.47893640740315,285.3794265853934
1666,5,6,236.77522482912326,282.5524455405226
1667,5,6,237.83597287609436,282.9141432205669
1668,6,6,239.17549622697493,282.8261837897395
1669,7,7,240.82813048340336,284.26174680528544
1670,7,7,240.5004542595939,284.2588840121029
1671,7,7,239.50068147495898,281.831682433697
1672,7,7,240.32578186555904,279.500576459341
1673,7,7,240.21172532571458,279.556550977292
1674,7,7,240.59298696817885,281.07329868101965
1675,7,7,239.77364552978705,280.9515907210251
1676,7,7,240.90877473848894,282.1641981899822
1677,7,7,242.00103624062038,280.9496727125252
1678,7,7,242.43921904006524,276.9085166596597
1679,7,7,240.67823754397608,276.5930843293265
1680,7,6,241.76379056935886,274.45506244818864
1681,7,6,242.80803373727738,274.5465974664216
1682,7,6,241.31891755056057,273.620342006081
1683,7,6,239.85710974757086,273.81834510043683
1684,7,6,238.16906471665698,274.2878481281528
1685,7,6,237.26335038997928,272.9469058028468
1686,8,6,235.96132076990148,272.10580001292357
1687,8,6,234.6241043587816,274.85388292988233
1688,7,6,234.18387232391612,275.7301966840902
1689,7,6,233.8361511636289,273.88285202773335
1690,7,6,234.62479712076723,274.60166446208484
1691,8,6,234.51585699271962,272.5268913329489
1692,8,6,234.97597801821914,271.6202095426582
1693,6,6,233.58325933588517,271.67382824409924
1694,6,6,233.87589122553666,272.553469259463
1695,6,6,234.74170247343244,272.7926085994854
1696,7,6,233.56698242673713,271.03169833406616
1697,6,6,231.78887490631922,271.6877280900312
1698,6,6,231.7177005089912,270.0355557904672
1699,6,6,231.2433431429634,268.09443769720923
1700,7,6,231.58750219205393,267.8357429261431
1701,7,6,231.24051350187105,268.3858148609294
1702,7,6,231.28438487897532,267.5069874110965
1703,6,6,229.28789314954096,269.27200045032197
1704,7,6,227.13865889012004,268.27729604484443
1705,6,6,228.49593497986237,266.8905445370148
1706,6,6,228.94653612157632,267.1455847338609
1707,6,6,230.76661369887057,268.23763420968766
1708,6,6,228.89307210746992,266.63163494242025
1709,6,6,228.14092910954514,266.03357158352327
1710,6,6,226.73287075569698,263.2710414091858
1711,6,6,227.4286190527451,264.0256344536982
1712,6,6,229.27777545686396,263.64855598966756
1713,7,6,229.17573557526856,264.90600033247
1714,7,6,230.398143880926,265.9415892437209
1715,7,6,229.77328152127322,265.63498383545823
1716,6,6,227.2026198551516,266.42737965308385
1717,6,6,227.72134135148323,264.9322430819214
1718,7,6,227.79103511149484,264.3963819279805
1719,8,6,229.7594915943934,263.91404393671934
1720,8,6,231.49207740403114,263.16251336652533
1721,8,6,232.31025122061135,262.7477766857674
1722,8,6,232.38412756650666,263.81173403672926
1723,7,6,232.73692837919018,278.9164123530604
1724,8,6,231.0552573956709,278.7476461455123
1725,8,6,231.91785419464296,277.6443884445038
1726,8,6,230.81423486514836,276.2207188555446
1727,6,6,230.5496039316905,274.6620890790423
1728,6,6,229.51009957775074,276.16868133504187
1729,6,6,228.91555355856104,275.13539892977633
1730,6,5,227.88704545663126,273.3443402733987
1731,6,5,228.23583729040277,270.03201820405485
1732,8,5,229.11587900749018,271.0871736924652
1733,8,5,229.94651546983306,268.04411642653355
1734,7,5,230.08521347877854,263.2882610613388
1735,7,5,230.8873876918919,261.4549042602087
1736,7,5,231.5413808208052,262.08533548411907
1737,7,5,230.77860660340818,261.56265210314325
1738,7,5,230.80982775894782,262.07772261675933
1739,7,5,231.0205032969717,262.07136787380375
1740,6,5,231.37712740837023,276.51259749357735
1741,6,5,231.82187764325292,277.84359035557634
1742,7,5,232.83356949197295,277.43050572006626
1743,8,5,233.3315732670359,278.85168129256886
1744,8,5,231.9460777913183,280.2177376509881
1745,8,5,233.48747199688614,280.41131054606745
1746,7,5,233.22828852360342,279.71265219393456
1747,7,5,234.06626858923295,279.9365002325409
1748,6,5,233.61201996979548,279.62263921243544
1749,6,5,232.2485945006786,278.41639291255063
1750,6,5,233.7562060136397,276.51415101666294
1751,6,5,235.2063759995269,274.60541893874085
1752,6,5,233.4561591830259,273.4238924505896
1753,6,5,233.90427937132927,271.3608035778316
1754,6,5,232.6988540489572,270.25559447890214
1755,6,5,230.23548065619963,270.3464862014754
1756,5,5,238.50784737330545,272.39931440692254
1757,6,5,236.46594357826126,290.07760930951235
1758,6,5,235.4035815091737,290.89798707183576
1759,6,5,234.49510276202065,289.8589574134478
1760,6,5,231.8361962808715,288.46236408639936
1761,6,5,233.51638059347246,288.4701698332284
1762,6,5,233.3844961156749,287.8562758082904
1763,6,5,233.3360006115578,287.96611614042877
1764,6,5,233.87228414567323,287.4204016292124
1765,6,5,233.76023372795993,287.03799127400083
1766,6,5,233.88874628493284,285.5590806208974
1767,6,5,233.55098128834456,285.79165788135015
1768,6,5,232.46356858724235,287.53505608257507
1769,5,6,233.06761998571187,287.05590131761716
1770,6,5,233.21686199966612,286.6618985226442
1771,6,5,235.0579704420707,286.4268991356349
1772,6,5,236.40158069188215,283.95251373419245
1773,5,5,233.62620586203738,284.4017967282295
1774,4,4,231.85440564839743,283.31077768546294
1775,5,5,232.79474627070007,282.03512221160497
1776,6,5,233.0023018429082,282.34655253316373
1777,6,5,233.76472812965991,283.3573910934166
1778,6,5,232.51861810007608,284.9516373034162
1779,6,5,229.9809916384729,284.5122932177559
1780,6,5,229.21268223152552,286.00155407923774
1781,5,5,229.34409774208837,285.8135356067559
1782,6,5,229.24874256317196,285.2408712639491
1783,5,5,226.82243745484246,282.4388914728639
1784,3,5,223.8120571024831,281.97520189133
1785,4,5,223.98123392484044,284.38267840771897
1786,5,5,224.81417463275366,284.13401485013975
1787,6,5,221.47607747986163,283.8603739048539
1788,5,4,221.87226017914068,282.55569872069657
1789,4,4,221.26414563798863,282.53741511147734
1790,4,4,222.66602328738995,282.4188032326463
1791,4,4,219.03652043266018,284.77655292476237
1792,5,4,219.15850232964777,283.45837539040485
1793,5,4,218.02654543055803,282.19188978172497
1794,5,5,219.31289051673076,279.29195998954907
1795,5,4,218.11968877256106,280.0037825272182
1796,5,4,219.44151112037946,279.25581060539866
1797,5,4,220.15244691367195,276.8482393131556
1798,5,4,219.79622193952994,277.0744753987844
1799,5,4,218.1151388322777,276.65570584625584
1800,6,4,218.40777064093973,277.6504182983056
1801,6,4,217.30366283664176,278.5382564926006
1802,5,4,215.44000613506768,274.6926550457346
1803,5,4,216.3979413019459,273.5806396852329
1804,5,4,215.8293932998085,273.4094734625591
1805,6,4,214.71314529844398,273.42573907616077
1806,5,4,214.54924640297637,275.3600119671203
1807,5,4,213.44900348147684,274.1476403264345
1808,4,4,213.18353678085484,273.23302742188764
1809,4,4,213.72155090206508,272.92260591846275
1810,5,4,211.9249009335924,274.85321817060486
1811,5,4,212.84073540424922,272.3659730028255
1812,5,4,212.32958315211266,272.1133942242768
1813,5,4,212.52261763701003,270.2733952415246
1814,5,4,212.89518526616027,267.7897185589972
1815,4,4,213.48325727095755,268.09050528507674
1816,6,4,212.37124671784952,266.0359096976404
1817,5,4,211.295376963096,266.78700623699126
1818,4,4,212.9407490485815,265.34878072116913
1819,4,4,214.3506461667229,266.27765093559975
1820,3,4,214.95298884353772,267.3494768744735
1821,4,4,213.8443436681598,268.5056614774762
1822,4,4,216.22044211532562,268.18675249339105
1823,5,4,217.49372636432966,267.48753304402254
1824,5,4,215.30615802072586,267.2268250113492
1825,5,4,216.16047637865645,267.80236376094996
1826,5,4,214.10789942702294,267.6871222578474
1827,6,5,215.18840671385723,267.3660848853177
1828,6,5,216.47780013292743,265.78843359613666
1829,5,5,214.99998670742838,264.9930755427491
1830,3,5,213.68327429074537,265.64852445203627
1831,5,5,214.16942208755484,267.73088607299314
1832,4,5,212.80891810763262,269.0807084620335
1833,4,5,211.71482224918628,270.1705275523303
1834,3,5,211.61459417449493,269.63343594601304
1835,3,5,211.74044373828391,268.5304046397861
1836,4,4,212.49788477006973,266.4900450236814
1837,4,4,211.54634858020745,266.96300703091134
1838,6,4,211.61254576117508,266.49589511823564
1839,6,5,212.98611789660785,265.9790498985056
1840,6,5,215.31681508844625,264.4667387053499
1841,5,5,212.63078051083852,265.91448397260933
1842,4,5,213.14097784077666,263.38043961334364
1843,4,5,212.87036033861978,263.69379011896694
1844,4,5,210.1960695541591,262.8095922074973
1845,4,5,208.7912655792667,263.4412361175556
1846,4,5,208.49317219745183,279.88757834306347
1847,3,5,207.8163332474326,277.0081238136623
1848,3,5,208.38643605254904,278.7723427178851
1849,4,5,208.43950114153282,278.28781594700814
1850,4,5,207.47453033159837,279.08044034521083
1851,4,5,207.93860002534663,277.982371289146
1852,3,4,207.23581895306418,275.2090182529603
1853,3,5,208.03208446240697,274.7236674476088
1854,4,5,206.18717871071277,293.0804482822254
1855,4,5,205.2451134599248,291.2376738089025
1856,4,5,207.21068138897556,292.31532338915787
1857,3,5,208.1934561362849,294.39553349409135
1858,4,4,207.5920513577944,293.8669564221089
1859,5,4,207.13210005333727,293.8692905603392
1860,5,4,206.98724294822674,291.96320009230067
1861,5,4,208.30251712031964,292.7030086271928
1862,5,5,207.2603361324403,291.96883061165954
1863,5,5,206.41801641623377,293.5193935019893
1864,5,5,205.4426954425403,291.5556055712532
1865,5,5,205.46137866262274,289.4687737229027
1866,3,5,204.2085048938396,290.5991890719371
1867,4,5,204.4754644910966,289.73489691401795
1868,5,5,203.5512658873906,291.1032840590477
1869,5,5,202.82271997660814,291.1918854053875
1870,5,5,202.23268008029936,293.23811010683283
1871,6,5,204.2493997323777,292.6500534579904
1872,6,4,204.48475481409633,292.35986207759277
1873,6,4,204.89422497808104,293.34145162853923
1874,5,4,205.1404374148221,291.87171962313596
1875,5,4,205.33977618175922,290.06942449847594
1876,5,5,202.24686869818996,291.2044709793251
1877,5,5,202.64319153027628,290.1902792747247
1878,5,5,203.92627062600272,291.35145464234154
1879,5,5,204.31716938730025,288.0717418625841
1880,5,5,205.37365809182864,288.81797929360846
1881,5,5,204.50100948203385,311.9814905902218
1882,5,5,205.7076014170278,312.3301316979876
1883,5,5,205.96808774038368,311.8719449458847
1884,5,5,205.2144303172878,310.56419632595265
1885,5,4,204.3190277158453,309.3306827625377
1886,5,4,205.6314533450295,310.88567289138683
1887,5,5,204.37528143285832,306.4018230488239
1888,5,5,204.77172307399223,304.56735748369096
1889,5,5,202.64996675396193,305.1546901567699
1890,5,5,202.99723260338328,304.25012045629614
1891,4,5,200.54860998150707,302.03332131551144
1892,5,5,200.641546339896,300.8412094591159
1893,5,5,201.94926732736525,301.5937080410864
1894,5,5,201.85988609787827,301.66094904350933
1895,5,5,201.76985343164233,300.9379063679369
1896,5,5,201.80043634960361,299.99819378549654
1897,5,5,201.01467564029375,299.76668010454625
1898,4,5,201.5923182797529,299.1554394037207
1899,4,5,201.26302001542356,299.8532281898129
1900,4,5,201.4354116623706,298.9148442277416
1901,4,5,200.71316288516772,299.46975041070505
1902,4,4,201.00368215793546,296.2295520765876
1903,4,4,199.63831999476022,295.7709193083026
1904,4,5,198.3513659913907,296.42238505924183
1905,4,5,198.55337444132573,294.90760243473187
1906,4,5,198.87662497761536,293.7208686167985
1907,4,4,194.8052973902559,290.7674969464456
1908,4,5,193.23982288802716,290.3241697910888
1909,4,5,193.42238346703593,292.06853613234136
1910,4,5,194.7774006207084,289.8940478346569
1911,4,4,192.26050384452702,288.27611760355904
1912,4,5,193.4808239562907,286.86734783154276
1913,4,5,192.43200160130286,284.0971196105964
1914,4,4,193.6380663587834,280.9906656703575
1915,4,4,193.7821854341156,281.1541533036862
1916,4,5,194.9288138670587,278.5067041141652
1917,4,4,193.3235387895791,278.42485960171297
1918,4,3,194.08153492904447,276.2359114293788
1919,4,3,192.98245775335636,275.2436599115602
1920,4,3,192.88945679726908,275.2704058942411
1921,4,3,189.56068707546783,274.69751770093956
1922,4,3,189.5294334857627,274.2943444797881
1923,4,3,189.4955906953761,272.44279970131026
1924,4,3,190.5428831112585,269.781504135091
1925,4,3,190.3689644370039,269.0098251910338
1926,4,3,191.04338651961166,269.24366924796004
1927,4,3,190.79734297717772,267.26145051028163
1928,4,4,189.74581809171457,267.37081824009226
1929,4,4,191.44476378436212,267.2924810945729
1930,4,4,188.83079803276212,263.66351026994033
1931,4,4,186.93808618588645,262.89468427265103
1932,4,4,187.88868562309742,257.24989463943234
1933,4,4,188.89227302028908,257.16265583917055
1934,4,3,190.6052592544902,256.06128250722446
1935,5,3,189.31867846557054,255.43206603181724
1936,4,3,188.50227093474797,256.7259364657831
1937,4,3,187.44324741830695,255.5480368697177
1938,4,3,188.30662048431003,251.7670356459437
1939,4,3,189.0115243346496,252.4184792650811
1940,4,3,187.76771993469433,252.7282455897544
1941,4,3,188.4860116395506,250.06899901981726
1942,5,3,189.29388828340714,248.25402592478255
1943,5,3,188.34976611976828,248.35863502914725
1944,5,3,188.02225704384804,249.11742056070108
1945,5,3,188.0914943948903,249.84172216237687
1946,5,3,185.8784237166369,251.302082366535
1947,5,4,185.96749588104674,250.4989090617531
1948,5,4,186.90102725757714,250.0738441156349
1949,4,4,197.24604627580314,250.74093493349451
1950,4,4,196.08473958010416,248.43299689449157
1951,4,3,196.09155260973824,246.3747534001324
1952,4,3,196.4083740334061,244.3439335640482
1953,4,3,197.59143863671167,241.59968067453687
1954,4,2,195.6483694669228,239.34450176317876
1955,4,3,196.44613192862337,239.26681875958343
1956,4,3,195.77009888657471,238.3115436234032
1957,4,3,196.90350148478674,236.61964185044707
1958,5,3,198.70287407449976,237.76858593707064
1959,5,3,198.65103973689344,239.63701277077405
1960,5,3,199.4230612461479,237.1597551389137
1961,4,3,196.08560617046277,236.85984094601278
1962,5,3,197.11174655238358,237.98043004877832
1963,5,3,196.09597963116306,237.58867777518964
1964,4,3,196.16189377975644,237.35541640800477
1965,4,3,197.9628450620693,234.79077312392312
1966,5,3,198.626559702086,234.54132970726144
1967,5,3,197.4834351120385,236.4986738272956
1968,4,3,194.24407689546234,235.57523389274388
1969,4,3,195.0423588551763,257.32003865429465
1970,4,3,196.86780362413964,257.34612506831456
1971,4,4,197.90311907390864,279.1159100973625
1972,4,4,196.76866432626628,278.9010018295447
1973,4,4,195.67501710058437,278.69842539479794
1974,4,4,196.60605653451063,280.1911516781955
1975,4,3,192.77959000265434,278.0319174771573
1976,4,4,190.96782508517327,279.1084117437309
1977,4,5,190.2576263040309,279.291136421616
1978,4,3,198.57263099770066,276.1780941471166
1979,4,2,198.76863585287538,272.1438682961883
1980,4,2,199.08913900965618,271.9097185337142
1981,4,2,197.7293872544149,271.02536326367743
1982,4,2,196.60882456402933,270.5660074146995
1983,4,3,194.88361609635712,269.32431010543854
1984,5,3,193.98546291327878,268.45840725573373
1985,5,3,194.48664979365927,265.8210612898016
1986,4,3,196.00320276864767,266.42404989245404
1987,4,3,195.12089723152906,265.3004699721497
1988,3,3,194.62564196205457,265.53937009157585
1989,3,3,192.19096941994795,265.7422333338909
1990,4,3,191.54648943656343,268.5705234742772
1991,4,3,191.88896021639607,268.2474778542651
1992,3,3,190.59513700919751,270.9653293636263
1993,3,4,191.6183475479268,270.87398893779647
1994,3,4,190.1511651960597,272.2311395058498
1995,3,4,190.82857654110913,271.2852924164672
1996,3,4,190.29468847099412,272.58334573052497
1997,3,4,190.66417060265923,272.3025608661551
1998,3,4,191.01508233457355,271.24223630922256
1999,3,4,192.5165454784253,269.77297034328325
2000,3,4,191.06314270745006,267.2876285497677
