tick,pop_borg,pop_loner,phase
1,50,50,ABUNDANCE
2,50,50,ABUNDANCE
3,50,50,ABUNDANCE
4,50,50,ABUNDANCE
5,50,50,ABUNDANCE
6,50,50,ABUNDANCE
7,50,50,ABUNDANCE
8,50,50,ABUNDANCE
9,50,50,ABUNDANCE
10,50,50,ABUNDANCE
11,50,50,ABUNDANCE
12,50,50,ABUNDANCE
13,50,50,ABUNDANCE
14,50,50,ABUNDANCE
15,50,50,ABUNDANCE
16,50,50,ABUNDANCE
17,50,50,ABUNDANCE
18,50,50,ABUNDANCE
19,50,50,ABUNDANCE
20,50,50,ABUNDANCE
21,50,50,ABUNDANCE
22,50,50,ABUNDANCE
23,50,50,ABUNDANCE
24,50,50,ABUNDANCE
25,50,50,ABUNDANCE
26,50,50,ABUNDANCE
27,50,50,ABUNDANCE
28,50,50,ABUNDANCE
29,50,50,ABUNDANCE
30,50,50,ABUNDANCE
31,50,50,ABUNDANCE
32,50,50,ABUNDANCE
33,50,50,ABUNDANCE
34,50,50,ABUNDANCE
35,50,50,ABUNDANCE
36,50,50,ABUNDANCE
37,50,50,ABUNDANCE
38,50,50,ABUNDANCE
39,50,50,ABUNDANCE
40,50,50,ABUNDANCE
41,50,50,ABUNDANCE
42,50,50,ABUNDANCE
43,50,50,ABUNDANCE
44,50,50,ABUNDANCE
45,50,50,ABUNDANCE
46,50,50,ABUNDANCE
47,50,50,ABUNDANCE
48,50,50,ABUNDANCE
49,50,50,ABUNDANCE
50,50,50,ABUNDANCE
51,50,50,ABUNDANCE
52,50,50,ABUNDANCE
53,50,50,ABUNDANCE
54,50,50,ABUNDANCE
55,50,50,ABUNDANCE
56,50,50,ABUNDANCE
57,50,50,ABUNDANCE
58,50,50,ABUNDANCE
59,50,50,ABUNDANCE
60,50,50,ABUNDANCE
61,50,50,ABUNDANCE
62,50,50,ABUNDANCE
63,50,50,ABUNDANCE
64,50,50,ABUNDANCE
65,50,50,ABUNDANCE
66,50,50,ABUNDANCE
67,50,50,ABUNDANCE
68,50,50,ABUNDANCE
69,50,50,ABUNDANCE
70,50,50,ABUNDANCE
71,50,50,ABUNDANCE
72,50,50,ABUNDANCE
73,50,50,ABUNDANCE
74,50,50,ABUNDANCE
75,50,50,ABUNDANCE
76,50,50,ABUNDANCE
77,50,50,ABUNDANCE
78,50,50,ABUNDANCE
79,50,50,ABUNDANCE
80,50,50,ABUNDANCE
81,50,50,ABUNDANCE
82,50,50,ABUNDANCE
83,50,50,ABUNDANCE
84,50,50,ABUNDANCE
85,50,50,ABUNDANCE
86,50,50,ABUNDANCE
87,50,50,ABUNDANCE
88,50,50,ABUNDANCE
89,50,50,ABUNDANCE
90,50,50,ABUNDANCE
91,50,50,ABUNDANCE
92,50,50,ABUNDANCE
93,50,50,ABUNDANCE
94,50,50,ABUNDANCE
95,50,50,ABUNDANCE
96,50,50,ABUNDANCE
97,50,50,ABUNDANCE
98,50,50,ABUNDANCE
99,50,50,ABUNDANCE
100,50,50,ABUNDANCE
101,50,50,ABUNDANCE
102,50,50,ABUNDANCE
103,50,50,ABUNDANCE
104,50,50,ABUNDANCE
105,50,50,ABUNDANCE
106,50,50,ABUNDANCE
107,50,50,ABUNDANCE
108,50,50,ABUNDANCE
109,50,50,ABUNDANCE
110,50,50,ABUNDANCE
111,50,50,ABUNDANCE
112,50,50,ABUNDANCE
113,50,50,ABUNDANCE
114,50,50,ABUNDANCE
115,50,50,ABUNDANCE
116,50,50,ABUNDANCE
117,50,50,ABUNDANCE
118,50,50,ABUNDANCE
119,50,50,ABUNDANCE
120,50,50,ABUNDANCE
121,50,50,ABUNDANCE
122,50,50,ABUNDANCE
123,50,50,ABUNDANCE
124,50,50,ABUNDANCE
125,50,50,ABUNDANCE
126,50,50,ABUNDANCE
127,50,50,ABUNDANCE
128,50,50,ABUNDANCE
129,50,50,ABUNDANCE
130,50,50,ABUNDANCE
131,50,50,ABUNDANCE
132,50,50,ABUNDANCE
133,50,50,ABUNDANCE
134,50,50,ABUNDANCE
135,50,50,ABUNDANCE
136,50,50,ABUNDANCE
137,50,50,ABUNDANCE
138,50,50,ABUNDANCE
139,50,50,ABUNDANCE
140,50,50,ABUNDANCE
141,50,50,ABUNDANCE
142,50,50,ABUNDANCE
143,50,50,ABUNDANCE
144,50,50,ABUNDANCE
145,50,50,ABUNDANCE
146,50,50,ABUNDANCE
147,50,50,ABUNDANCE
148,50,50,ABUNDANCE
149,50,50,ABUNDANCE
150,50,50,ABUNDANCE
151,50,50,ABUNDANCE
152,50,50,ABUNDANCE
153,50,50,ABUNDANCE
154,50,50,ABUNDANCE
155,50,50,ABUNDANCE
156,50,50,ABUNDANCE
157,50,50,ABUNDANCE
158,50,50,ABUNDANCE
159,50,50,ABUNDANCE
160,50,50,ABUNDANCE
161,50,50,ABUNDANCE
162,50,50,ABUNDANCE
163,50,50,ABUNDANCE
164,50,50,ABUNDANCE
165,50,50,ABUNDANCE
166,50,50,ABUNDANCE
167,50,50,ABUNDANCE
168,50,50,ABUNDANCE
169,50,50,ABUNDANCE
170,50,50,ABUNDANCE
171,50,50,ABUNDANCE
172,50,50,ABUNDANCE
173,50,50,ABUNDANCE
174,50,50,ABUNDANCE
175,50,50,ABUNDANCE
176,50,50,ABUNDANCE
177,50,50,ABUNDANCE
178,50,50,ABUNDANCE
179,50,50,ABUNDANCE
180,50,50,ABUNDANCE
181,50,50,ABUNDANCE
182,50,50,ABUNDANCE
183,50,50,ABUNDANCE
184,50,50,ABUNDANCE
185,50,50,ABUNDANCE
186,50,50,ABUNDANCE
187,50,50,ABUNDANCE
188,50,50,ABUNDANCE
189,50,50,ABUNDANCE
190,50,50,ABUNDANCE
191,50,50,ABUNDANCE
192,50,50,ABUNDANCE
193,50,50,ABUNDANCE
194,50,50,ABUNDANCE
195,50,50,ABUNDANCE
196,50,50,ABUNDANCE
197,50,50,ABUNDANCE
198,50,50,ABUNDANCE
199,50,50,ABUNDANCE
200,50,50,ABUNDANCE
201,50,50,ABUNDANCE
202,50,50,ABUNDANCE
203,50,50,ABUNDANCE
204,50,50,ABUNDANCE
205,50,50,ABUNDANCE
206,50,50,ABUNDANCE
207,50,50,ABUNDANCE
208,50,50,ABUNDANCE
209,50,50,ABUNDANCE
210,50,50,ABUNDANCE
211,50,50,ABUNDANCE
212,50,50,ABUNDANCE
213,50,50,ABUNDANCE
214,50,50,ABUNDANCE
215,50,50,ABUNDANCE
216,50,50,ABUNDANCE
217,50,50,ABUNDANCE
218,50,50,ABUNDANCE
219,50,50,ABUNDANCE
220,50,50,ABUNDANCE
221,50,50,ABUNDANCE
222,50,50,ABUNDANCE
223,50,50,ABUNDANCE
224,50,50,ABUNDANCE
225,50,50,ABUNDANCE
226,50,50,ABUNDANCE
227,50,50,ABUNDANCE
228,50,50,ABUNDANCE
229,50,50,ABUNDANCE
230,50,50,ABUNDANCE
231,50,50,ABUNDANCE
232,50,50,ABUNDANCE
233,50,50,ABUNDANCE
234,50,50,ABUNDANCE
235,50,50,ABUNDANCE
236,50,50,ABUNDANCE
237,50,50,ABUNDANCE
238,50,50,ABUNDANCE
239,50,50,ABUNDANCE
240,50,50,ABUNDANCE
241,50,50,ABUNDANCE
242,50,50,ABUNDANCE
243,50,50,ABUNDANCE
244,50,50,ABUNDANCE
245,50,50,ABUNDANCE
246,50,50,ABUNDANCE
247,50,50,ABUNDANCE
248,50,50,ABUNDANCE
249,50,50,ABUNDANCE
250,50,50,ABUNDANCE
251,50,50,ABUNDANCE
252,50,50,ABUNDANCE
253,50,50,ABUNDANCE
254,50,50,ABUNDANCE
255,50,50,ABUNDANCE
256,50,50,ABUNDANCE
257,50,50,ABUNDANCE
258,50,50,ABUNDANCE
259,50,50,ABUNDANCE
260,50,50,ABUNDANCE
261,50,50,ABUNDANCE
262,50,50,ABUNDANCE
263,50,50,ABUNDANCE
264,50,50,ABUNDANCE
265,50,50,ABUNDANCE
266,50,50,ABUNDANCE
267,50,50,ABUNDANCE
268,50,50,ABUNDANCE
269,50,50,ABUNDANCE
270,50,50,ABUNDANCE
271,50,50,ABUNDANCE
272,50,50,ABUNDANCE
273,50,50,ABUNDANCE
274,50,50,ABUNDANCE
275,50,50,ABUNDANCE
276,50,50,ABUNDANCE
277,50,50,ABUNDANCE
278,50,50,ABUNDANCE
279,50,50,ABUNDANCE
280,50,50,ABUNDANCE
281,50,50,ABUNDANCE
282,50,50,ABUNDANCE
283,50,50,ABUNDANCE
284,50,50,ABUNDANCE
285,50,50,ABUNDANCE
286,50,50,ABUNDANCE
287,50,50,ABUNDANCE
288,50,50,ABUNDANCE
289,50,50,ABUNDANCE
290,50,50,ABUNDANCE
291,50,50,ABUNDANCE
292,50,50,ABUNDANCE
293,50,50,ABUNDANCE
294,50,50,ABUNDANCE
295,50,50,ABUNDANCE
296,50,50,ABUNDANCE
297,50,50,ABUNDANCE
298,50,50,ABUNDANCE
299,50,50,ABUNDANCE
300,50,50,ABUNDANCE
301,50,50,ABUNDANCE
302,50,50,ABUNDANCE
303,50,50,ABUNDANCE
304,50,50,ABUNDANCE
305,50,50,ABUNDANCE
306,50,50,ABUNDANCE
307,50,50,ABUNDANCE
308,50,50,ABUNDANCE
309,50,50,ABUNDANCE
310,50,50,ABUNDANCE
311,50,50,ABUNDANCE
312,50,50,ABUNDANCE
313,50,50,ABUNDANCE
314,50,50,ABUNDANCE
315,50,50,ABUNDANCE
316,50,50,ABUNDANCE
317,50,50,ABUNDANCE
318,50,50,ABUNDANCE
319,50,50,ABUNDANCE
320,50,50,ABUNDANCE
321,50,50,ABUNDANCE
322,50,50,ABUNDANCE
323,50,50,ABUNDANCE
324,50,50,ABUNDANCE
325,50,50,ABUNDANCE
326,50,50,ABUNDANCE
327,50,50,ABUNDANCE
328,50,50,ABUNDANCE
329,50,50,ABUNDANCE
330,50,50,ABUNDANCE
331,50,50,ABUNDANCE
332,50,50,ABUNDANCE
333,50,50,ABUNDANCE
334,50,50,ABUNDANCE
335,50,50,ABUNDANCE
336,50,50,ABUNDANCE
337,50,50,ABUNDANCE
338,50,50,ABUNDANCE
339,50,50,ABUNDANCE
340,50,50,ABUNDANCE
341,50,50,ABUNDANCE
342,50,50,ABUNDANCE
343,50,50,ABUNDANCE
344,50,50,ABUNDANCE
345,50,50,ABUNDANCE
346,50,50,ABUNDANCE
347,50,50,ABUNDANCE
348,50,50,ABUNDANCE
349,50,50,ABUNDANCE
350,50,50,ABUNDANCE
351,50,50,ABUNDANCE
352,50,50,ABUNDANCE
353,50,50,ABUNDANCE
354,50,50,ABUNDANCE
355,50,50,ABUNDANCE
356,50,50,ABUNDANCE
357,50,50,ABUNDANCE
358,50,50,ABUNDANCE
359,50,50,ABUNDANCE
360,50,50,ABUNDANCE
361,50,50,ABUNDANCE
362,50,50,ABUNDANCE
363,50,50,ABUNDANCE
364,50,50,ABUNDANCE
365,50,50,ABUNDANCE
366,50,50,ABUNDANCE
367,50,50,ABUNDANCE
368,50,50,ABUNDANCE
369,50,50,ABUNDANCE
370,50,50,ABUNDANCE
371,50,50,ABUNDANCE
372,50,50,ABUNDANCE
373,50,50,ABUNDANCE
374,50,50,ABUNDANCE
375,50,50,ABUNDANCE
376,50,50,ABUNDANCE
377,50,50,ABUNDANCE
378,50,50,ABUNDANCE
379,50,50,ABUNDANCE
380,50,50,ABUNDANCE
381,50,50,ABUNDANCE
382,50,50,ABUNDANCE
383,50,50,ABUNDANCE
384,50,50,ABUNDANCE
385,50,50,ABUNDANCE
386,50,50,ABUNDANCE
387,50,50,ABUNDANCE
388,50,50,ABUNDANCE
389,50,50,ABUNDANCE
390,50,50,ABUNDANCE
391,50,50,ABUNDANCE
392,50,50,ABUNDANCE
393,50,50,ABUNDANCE
394,50,50,ABUNDANCE
395,50,50,ABUNDANCE
396,50,50,ABUNDANCE
397,50,50,ABUNDANCE
398,50,50,ABUNDANCE
399,50,50,ABUNDANCE
400,50,50,ABUNDANCE
401,50,50,ABUNDANCE
402,50,50,ABUNDANCE
403,50,50,ABUNDANCE
404,50,50,ABUNDANCE
405,50,50,ABUNDANCE
406,50,50,ABUNDANCE
407,50,50,ABUNDANCE
408,50,50,ABUNDANCE
409,50,50,ABUNDANCE
410,50,50,ABUNDANCE
411,50,50,ABUNDANCE
412,50,50,ABUNDANCE
413,50,50,ABUNDANCE
414,50,50,ABUNDANCE
415,50,50,ABUNDANCE
416,50,50,ABUNDANCE
417,50,50,ABUNDANCE
418,50,50,ABUNDANCE
419,50,50,ABUNDANCE
420,50,50,ABUNDANCE
421,50,50,ABUNDANCE
422,50,50,ABUNDANCE
423,50,50,ABUNDANCE
424,50,50,ABUNDANCE
425,50,50,ABUNDANCE
426,50,50,ABUNDANCE
427,50,50,ABUNDANCE
428,50,50,ABUNDANCE
429,50,50,ABUNDANCE
430,50,50,ABUNDANCE
431,50,50,ABUNDANCE
432,50,50,ABUNDANCE
433,50,50,ABUNDANCE
434,50,50,ABUNDANCE
435,50,50,ABUNDANCE
436,50,50,ABUNDANCE
437,50,50,ABUNDANCE
438,50,50,ABUNDANCE
439,50,50,ABUNDANCE
440,50,50,ABUNDANCE
441,50,50,ABUNDANCE
442,50,50,ABUNDANCE
443,50,50,ABUNDANCE
444,50,50,ABUNDANCE
445,50,50,ABUNDANCE
446,50,50,ABUNDANCE
447,50,50,ABUNDANCE
448,50,50,ABUNDANCE
449,50,50,ABUNDANCE
450,50,50,ABUNDANCE
451,50,50,ABUNDANCE
452,50,50,ABUNDANCE
453,50,50,ABUNDANCE
454,50,50,ABUNDANCE
455,50,50,ABUNDANCE
456,50,50,ABUNDANCE
457,50,50,ABUNDANCE
458,50,50,ABUNDANCE
459,50,50,ABUNDANCE
460,50,50,ABUNDANCE
461,50,50,ABUNDANCE
462,50,50,ABUNDANCE
463,50,50,ABUNDANCE
464,50,50,ABUNDANCE
465,50,50,ABUNDANCE
466,50,50,ABUNDANCE
467,50,50,ABUNDANCE
468,50,50,ABUNDANCE
469,50,50,ABUNDANCE
470,50,50,ABUNDANCE
471,50,50,ABUNDANCE
472,50,50,ABUNDANCE
473,50,50,ABUNDANCE
474,50,50,ABUNDANCE
475,50,50,ABUNDANCE
476,50,50,ABUNDANCE
477,50,50,ABUNDANCE
478,50,50,ABUNDANCE
479,50,50,ABUNDANCE
480,50,50,ABUNDANCE
481,50,50,ABUNDANCE
482,50,50,ABUNDANCE
483,50,50,ABUNDANCE
484,50,50,ABUNDANCE
485,50,50,ABUNDANCE
486,50,50,ABUNDANCE
487,50,50,ABUNDANCE
488,50,50,ABUNDANCE
489,50,50,ABUNDANCE
490,50,50,ABUNDANCE
491,50,50,ABUNDANCE
492,50,50,ABUNDANCE
493,50,50,ABUNDANCE
494,50,50,ABUNDANCE
495,50,50,ABUNDANCE
496,50,50,ABUNDANCE
497,50,50,ABUNDANCE
498,50,50,ABUNDANCE
499,50,50,ABUNDANCE
500,50,50,DROUGHT
501,50,50,DROUGHT
502,50,50,DROUGHT
503,50,50,DROUGHT
504,50,50,DROUGHT
505,50,50,DROUGHT
506,50,50,DROUGHT
507,50,50,DROUGHT
508,50,50,DROUGHT
509,50,50,DROUGHT
510,50,50,DROUGHT
511,50,50,DROUGHT
512,50,50,DROUGHT
513,50,50,DROUGHT
514,50,50,DROUGHT
515,50,50,DROUGHT
516,50,50,DROUGHT
517,50,50,DROUGHT
518,50,50,DROUGHT
519,50,50,DROUGHT
520,50,50,DROUGHT
521,50,50,DROUGHT
522,50,50,DROUGHT
523,50,50,DROUGHT
524,49,49,DROUGHT
525,49,49,DROUGHT
526,49,49,DROUGHT
527,49,49,DROUGHT
528,49,49,DROUGHT
529,49,49,DROUGHT
530,49,49,DROUGHT
531,49,49,DROUGHT
532,49,49,DROUGHT
533,49,49,DROUGHT
534,49,49,DROUGHT
535,49,49,DROUGHT
536,49,49,DROUGHT
537,49,49,DROUGHT
538,49,49,DROUGHT
539,49,49,DROUGHT
540,49,49,DROUGHT
541,49,49,DROUGHT
542,49,49,DROUGHT
543,49,49,DROUGHT
544,49,49,DROUGHT
545,49,49,DROUGHT
546,49,49,DROUGHT
547,49,49,DROUGHT
548,49,49,DROUGHT
549,49,49,DROUGHT
550,49,49,DROUGHT
551,49,49,DROUGHT
552,49,49,DROUGHT
553,49,49,DROUGHT
554,49,49,DROUGHT
555,49,49,DROUGHT
556,49,49,DROUGHT
557,49,49,DROUGHT
558,49,49,DROUGHT
559,49,49,DROUGHT
560,49,49,DROUGHT
561,49,49,DROUGHT
562,49,49,DROUGHT
563,49,49,DROUGHT
564,49,49,DROUGHT
565,49,49,DROUGHT
566,49,49,DROUGHT
567,49,49,DROUGHT
568,49,49,DROUGHT
569,49,49,DROUGHT
570,49,49,DROUGHT
571,49,49,DROUGHT
572,49,49,DROUGHT
573,49,49,DROUGHT
574,49,49,DROUGHT
575,49,49,DROUGHT
576,49,49,DROUGHT
577,49,49,DROUGHT
578,49,49,DROUGHT
579,49,49,DROUGHT
580,49,49,DROUGHT
581,49,49,DROUGHT
582,49,49,DROUGHT
583,49,49,DROUGHT
584,49,49,DROUGHT
585,49,49,DROUGHT
586,49,49,DROUGHT
587,49,49,DROUGHT
588,49,49,DROUGHT
589,49,49,DROUGHT
590,49,49,DROUGHT
591,49,49,DROUGHT
592,49,49,DROUGHT
593,49,49,DROUGHT
594,49,49,DROUGHT
595,49,49,DROUGHT
596,49,49,DROUGHT
597,49,49,DROUGHT
598,49,49,DROUGHT
599,49,49,DROUGHT
600,49,49,DROUGHT
601,49,49,DROUGHT
602,49,49,DROUGHT
603,49,49,DROUGHT
604,49,49,DROUGHT
605,49,49,DROUGHT
606,49,49,DROUGHT
607,49,49,DROUGHT
608,49,49,DROUGHT
609,49,49,DROUGHT
610,49,49,DROUGHT
611,49,49,DROUGHT
612,49,49,DROUGHT
613,49,49,DROUGHT
614,49,49,DROUGHT
615,49,49,DROUGHT
616,49,49,DROUGHT
617,49,49,DROUGHT
618,49,49,DROUGHT
619,49,49,DROUGHT
620,49,49,DROUGHT
621,49,49,DROUGHT
622,49,49,DROUGHT
623,49,49,DROUGHT
624,49,49,DROUGHT
625,49,49,DROUGHT
626,49,49,DROUGHT
627,49,49,DROUGHT
628,49,49,DROUGHT
629,49,49,DROUGHT
630,49,49,DROUGHT
631,49,49,DROUGHT
632,49,49,DROUGHT
633,49,49,DROUGHT
634,49,49,DROUGHT
635,49,49,DROUGHT
636,49,49,DROUGHT
637,49,49,DROUGHT
638,49,49,DROUGHT
639,49,49,DROUGHT
640,49,49,DROUGHT
641,49,49,DROUGHT
642,49,49,DROUGHT
643,49,49,DROUGHT
644,49,49,DROUGHT
645,49,49,DROUGHT
646,49,49,DROUGHT
647,49,49,DROUGHT
648,49,49,DROUGHT
649,49,49,DROUGHT
650,49,49,DROUGHT
651,49,49,DROUGHT
652,49,49,DROUGHT
653,49,49,DROUGHT
654,49,49,DROUGHT
655,49,49,DROUGHT
656,49,49,DROUGHT
657,49,49,DROUGHT
658,49,49,DROUGHT
659,49,49,DROUGHT
660,49,49,DROUGHT
661,49,49,DROUGHT
662,49,49,DROUGHT
663,49,49,DROUGHT
664,49,49,DROUGHT
665,49,49,DROUGHT
666,49,49,DROUGHT
667,49,49,DROUGHT
668,49,49,DROUGHT
669,49,49,DROUGHT
670,49,49,DROUGHT
671,49,49,DROUGHT
672,49,49,DROUGHT
673,49,49,DROUGHT
674,49,49,DROUGHT
675,49,49,DROUGHT
676,49,49,DROUGHT
677,49,49,DROUGHT
678,49,49,DROUGHT
679,49,49,DROUGHT
680,49,49,DROUGHT
681,49,49,DROUGHT
682,49,49,DROUGHT
683,49,49,DROUGHT
684,49,49,DROUGHT
685,49,49,DROUGHT
686,49,49,DROUGHT
687,49,49,DROUGHT
688,49,49,DROUGHT
689,49,49,DROUGHT
690,49,49,DROUGHT
691,49,49,DROUGHT
692,49,49,DROUGHT
693,49,49,DROUGHT
694,49,49,DROUGHT
695,49,49,DROUGHT
696,49,49,DROUGHT
697,49,49,DROUGHT
698,49,49,DROUGHT
699,49,49,DROUGHT
700,49,49,DROUGHT
701,49,49,DROUGHT
702,49,49,DROUGHT
703,49,49,DROUGHT
704,49,49,DROUGHT
705,49,49,DROUGHT
706,49,49,DROUGHT
707,49,49,DROUGHT
708,49,49,DROUGHT
709,49,49,DROUGHT
710,49,49,DROUGHT
711,49,49,DROUGHT
712,49,49,DROUGHT
713,49,49,DROUGHT
714,49,49,DROUGHT
715,49,49,DROUGHT
716,49,49,DROUGHT
717,49,49,DROUGHT
718,49,49,DROUGHT
719,49,49,DROUGHT
720,49,49,DROUGHT
721,49,49,DROUGHT
722,49,49,DROUGHT
723,49,49,DROUGHT
724,49,49,DROUGHT
725,49,49,DROUGHT
726,49,49,DROUGHT
727,49,49,DROUGHT
728,49,49,DROUGHT
729,49,49,DROUGHT
730,49,49,DROUGHT
731,49,49,DROUGHT
732,49,49,DROUGHT
733,49,49,DROUGHT
734,49,49,DROUGHT
735,49,49,DROUGHT
736,49,49,DROUGHT
737,49,49,DROUGHT
738,49,49,DROUGHT
739,49,49,DROUGHT
740,49,49,DROUGHT
741,49,49,DROUGHT
742,49,49,DROUGHT
743,49,49,DROUGHT
744,49,49,DROUGHT
745,49,49,DROUGHT
746,49,49,DROUGHT
747,49,49,DROUGHT
748,49,49,DROUGHT
749,49,49,DROUGHT
750,49,49,DROUGHT
751,49,49,DROUGHT
752,49,49,DROUGHT
753,49,49,DROUGHT
754,49,49,DROUGHT
755,49,49,DROUGHT
756,49,49,DROUGHT
757,49,49,DROUGHT
758,49,49,DROUGHT
759,49,49,DROUGHT
760,49,49,DROUGHT
761,49,49,DROUGHT
762,49,49,DROUGHT
763,49,49,DROUGHT
764,49,49,DROUGHT
765,49,49,DROUGHT
766,49,49,DROUGHT
767,49,49,DROUGHT
768,49,49,DROUGHT
769,49,49,DROUGHT
770,49,49,DROUGHT
771,49,49,DROUGHT
772,49,49,DROUGHT
773,49,49,DROUGHT
774,49,49,DROUGHT
775,49,49,DROUGHT
776,49,49,DROUGHT
777,49,49,DROUGHT
778,49,49,DROUGHT
779,49,49,DROUGHT
780,49,49,DROUGHT
781,49,49,DROUGHT
782,49,49,DROUGHT
783,49,49,DROUGHT
784,49,49,DROUGHT
785,49,49,DROUGHT
786,49,49,DROUGHT
787,49,49,DROUGHT
788,49,49,DROUGHT
789,49,49,DROUGHT
790,49,49,DROUGHT
791,49,49,DROUGHT
792,49,49,DROUGHT
793,49,49,DROUGHT
794,49,49,DROUGHT
795,49,49,DROUGHT
796,49,49,DROUGHT
797,49,49,DROUGHT
798,49,49,DROUGHT
799,49,49,DROUGHT
800,49,49,DROUGHT
801,49,49,DROUGHT
802,49,49,DROUGHT
803,49,49,DROUGHT
804,49,49,DROUGHT
805,49,49,DROUGHT
806,49,49,DROUGHT
807,49,49,DROUGHT
808,49,49,DROUGHT
809,49,49,DROUGHT
810,49,49,DROUGHT
811,49,49,DROUGHT
812,49,49,DROUGHT
813,49,49,DROUGHT
814,49,49,DROUGHT
815,49,49,DROUGHT
816,49,49,DROUGHT
817,49,49,DROUGHT
818,49,49,DROUGHT
819,49,49,DROUGHT
820,49,49,DROUGHT
821,49,49,DROUGHT
822,49,49,DROUGHT
823,49,49,DROUGHT
824,49,49,DROUGHT
825,49,49,DROUGHT
826,49,49,DROUGHT
827,49,49,DROUGHT
828,49,49,DROUGHT
829,49,49,DROUGHT
830,49,49,DROUGHT
831,49,49,DROUGHT
832,49,49,DROUGHT
833,49,49,DROUGHT
834,49,49,DROUGHT
835,49,49,DROUGHT
836,49,49,DROUGHT
837,49,49,DROUGHT
838,49,49,DROUGHT
839,49,49,DROUGHT
840,49,49,DROUGHT
841,49,49,DROUGHT
842,49,49,DROUGHT
843,49,49,DROUGHT
844,49,49,DROUGHT
845,49,49,DROUGHT
846,49,49,DROUGHT
847,49,49,DROUGHT
848,49,49,DROUGHT
849,49,49,DROUGHT
850,49,49,DROUGHT
851,49,49,DROUGHT
852,49,49,DROUGHT
853,49,49,DROUGHT
854,49,49,DROUGHT
855,49,49,DROUGHT
856,49,49,DROUGHT
857,49,49,DROUGHT
858,49,49,DROUGHT
859,49,49,DROUGHT
860,49,49,DROUGHT
861,49,49,DROUGHT
862,49,49,DROUGHT
863,49,49,DROUGHT
864,49,49,DROUGHT
865,49,49,DROUGHT
866,49,49,DROUGHT
867,49,49,DROUGHT
868,49,49,DROUGHT
869,49,49,DROUGHT
870,49,49,DROUGHT
871,49,49,DROUGHT
872,49,49,DROUGHT
873,49,49,DROUGHT
874,49,49,DROUGHT
875,49,49,DROUGHT
876,49,49,DROUGHT
877,49,49,DROUGHT
878,49,49,DROUGHT
879,49,49,DROUGHT
880,49,49,DROUGHT
881,49,49,DROUGHT
882,49,49,DROUGHT
883,49,49,DROUGHT
884,49,49,DROUGHT
885,49,49,DROUGHT
886,49,49,DROUGHT
887,49,49,DROUGHT
888,49,49,DROUGHT
889,49,49,DROUGHT
890,49,49,DROUGHT
891,49,49,DROUGHT
892,49,49,DROUGHT
893,49,49,DROUGHT
894,49,49,DROUGHT
895,49,49,DROUGHT
896,49,49,DROUGHT
897,49,49,DROUGHT
898,49,49,DROUGHT
899,49,49,DROUGHT
900,49,49,DROUGHT
901,49,49,DROUGHT
902,49,49,DROUGHT
903,49,49,DROUGHT
904,49,49,DROUGHT
905,49,49,DROUGHT
906,49,49,DROUGHT
907,49,49,DROUGHT
908,49,49,DROUGHT
909,49,49,DROUGHT
910,49,49,DROUGHT
911,49,49,DROUGHT
912,49,49,DROUGHT
913,49,49,DROUGHT
914,49,49,DROUGHT
915,49,49,DROUGHT
916,49,49,DROUGHT
917,49,49,DROUGHT
918,49,49,DROUGHT
919,49,49,DROUGHT
920,49,49,DROUGHT
921,49,49,DROUGHT
922,49,49,DROUGHT
923,49,49,DROUGHT
924,49,49,DROUGHT
925,49,49,DROUGHT
926,49,49,DROUGHT
927,49,49,DROUGHT
928,49,49,DROUGHT
929,49,49,DROUGHT
930,49,49,DROUGHT
931,49,49,DROUGHT
932,49,49,DROUGHT
933,49,49,DROUGHT
934,49,49,DROUGHT
935,49,49,DROUGHT
936,49,49,DROUGHT
937,49,49,DROUGHT
938,49,49,DROUGHT
939,49,49,DROUGHT
940,49,49,DROUGHT
941,49,49,DROUGHT
942,49,49,DROUGHT
943,49,49,DROUGHT
944,49,49,DROUGHT
945,49,49,DROUGHT
946,49,49,DROUGHT
947,49,49,DROUGHT
948,49,49,DROUGHT
949,49,49,DROUGHT
950,49,49,DROUGHT
951,49,49,DROUGHT
952,49,49,DROUGHT
953,49,49,DROUGHT
954,49,49,DROUGHT
955,49,49,DROUGHT
956,49,49,DROUGHT
957,49,49,DROUGHT
958,49,49,DROUGHT
959,49,49,DROUGHT
960,49,49,DROUGHT
961,49,49,DROUGHT
962,49,49,DROUGHT
963,49,49,DROUGHT
964,49,49,DROUGHT
965,49,49,DROUGHT
966,49,49,DROUGHT
967,49,49,DROUGHT
968,49,49,DROUGHT
969,49,49,DROUGHT
970,49,49,DROUGHT
971,49,49,DROUGHT
972,49,49,DROUGHT
973,49,49,DROUGHT
974,49,49,DROUGHT
975,49,49,DROUGHT
976,49,49,DROUGHT
977,49,49,DROUGHT
978,49,49,DROUGHT
979,49,49,DROUGHT
980,49,49,DROUGHT
981,49,49,DROUGHT
982,49,49,DROUGHT
983,49,49,DROUGHT
984,49,49,DROUGHT
985,49,49,DROUGHT
986,49,49,DROUGHT
987,49,49,DROUGHT
988,49,49,DROUGHT
989,49,49,DROUGHT
990,49,49,DROUGHT
991,49,49,DROUGHT
992,49,49,DROUGHT
993,49,49,DROUGHT
994,49,49,DROUGHT
995,49,49,DROUGHT
996,49,49,DROUGHT
997,49,49,DROUGHT
998,49,49,DROUGHT
999,49,49,DROUGHT
1000,49,49,DROUGHT
1001,49,49,DROUGHT
1002,49,49,DROUGHT
1003,49,49,DROUGHT
1004,49,49,DROUGHT
1005,49,49,DROUGHT
1006,49,49,DROUGHT
1007,49,49,DROUGHT
1008,49,49,DROUGHT
1009,49,49,DROUGHT
1010,49,49,DROUGHT
1011,49,49,DROUGHT
1012,49,49,DROUGHT
1013,49,49,DROUGHT
1014,49,49,DROUGHT
1015,49,49,DROUGHT
1016,49,49,DROUGHT
1017,49,49,DROUGHT
1018,49,49,DROUGHT
1019,49,49,DROUGHT
1020,49,49,DROUGHT
1021,49,49,DROUGHT
1022,49,49,DROUGHT
1023,49,49,DROUGHT
1024,49,49,DROUGHT
1025,49,49,DROUGHT
1026,49,49,DROUGHT
1027,49,49,DROUGHT
1028,49,49,DROUGHT
1029,49,49,DROUGHT
1030,49,49,DROUGHT
1031,49,49,DROUGHT
1032,49,49,DROUGHT
1033,49,49,DROUGHT
1034,49,49,DROUGHT
1035,49,49,DROUGHT
1036,49,49,DROUGHT
1037,49,49,DROUGHT
1038,49,49,DROUGHT
1039,49,49,DROUGHT
1040,49,49,DROUGHT
1041,49,49,DROUGHT
1042,49,49,DROUGHT
1043,49,49,DROUGHT
1044,49,49,DROUGHT
1045,49,49,DROUGHT
1046,49,49,DROUGHT
1047,49,49,DROUGHT
1048,49,49,DROUGHT
1049,49,49,DROUGHT
1050,49,49,DROUGHT
1051,49,49,DROUGHT
1052,49,49,DROUGHT
1053,49,49,DROUGHT
1054,49,49,DROUGHT
1055,49,49,DROUGHT
1056,49,49,DROUGHT
1057,49,49,DROUGHT
1058,49,49,DROUGHT
1059,49,49,DROUGHT
1060,49,49,DROUGHT
1061,49,49,DROUGHT
1062,49,49,DROUGHT
1063,49,49,DROUGHT
1064,49,49,DROUGHT
1065,49,49,DROUGHT
1066,49,49,DROUGHT
1067,49,49,DROUGHT
1068,49,49,DROUGHT
1069,49,49,DROUGHT
1070,49,49,DROUGHT
1071,49,49,DROUGHT
1072,49,49,DROUGHT
1073,49,49,DROUGHT
1074,49,49,DROUGHT
1075,49,49,DROUGHT
1076,49,49,DROUGHT
1077,49,49,DROUGHT
1078,49,49,DROUGHT
1079,49,49,DROUGHT
1080,49,49,DROUGHT
1081,49,49,DROUGHT
1082,49,49,DROUGHT
1083,49,49,DROUGHT
1084,49,49,DROUGHT
1085,49,49,DROUGHT
1086,49,49,DROUGHT
1087,49,49,DROUGHT
1088,49,49,DROUGHT
1089,49,49,DROUGHT
1090,49,49,DROUGHT
1091,49,49,DROUGHT
1092,49,49,DROUGHT
1093,49,49,DROUGHT
1094,49,49,DROUGHT
1095,49,49,DROUGHT
1096,49,49,DROUGHT
1097,49,49,DROUGHT
1098,49,49,DROUGHT
1099,49,49,DROUGHT
1100,49,49,DROUGHT
1101,49,49,DROUGHT
1102,49,49,DROUGHT
1103,49,49,DROUGHT
1104,49,49,DROUGHT
1105,49,49,DROUGHT
1106,49,49,DROUGHT
1107,49,49,DROUGHT
1108,49,49,DROUGHT
1109,49,49,DROUGHT
1110,49,49,DROUGHT
1111,49,49,DROUGHT
1112,49,49,DROUGHT
1113,49,49,DROUGHT
1114,49,49,DROUGHT
1115,49,49,DROUGHT
1116,49,49,DROUGHT
1117,49,49,DROUGHT
1118,49,49,DROUGHT
1119,49,49,DROUGHT
1120,49,49,DROUGHT
1121,49,49,DROUGHT
1122,49,49,DROUGHT
1123,49,49,DROUGHT
1124,49,49,DROUGHT
1125,49,49,DROUGHT
1126,49,49,DROUGHT
1127,49,49,DROUGHT
1128,49,49,DROUGHT
1129,49,49,DROUGHT
1130,49,49,DROUGHT
1131,49,49,DROUGHT
1132,49,49,DROUGHT
1133,49,49,DROUGHT
1134,49,49,DROUGHT
1135,49,49,DROUGHT
1136,49,49,DROUGHT
1137,49,49,DROUGHT
1138,49,49,DROUGHT
1139,49,49,DROUGHT
1140,49,49,DROUGHT
1141,49,49,DROUGHT
1142,49,49,DROUGHT
1143,49,49,DROUGHT
1144,49,49,DROUGHT
1145,49,49,DROUGHT
1146,49,49,DROUGHT
1147,49,49,DROUGHT
1148,49,49,DROUGHT
1149,49,49,DROUGHT
1150,49,49,DROUGHT
1151,49,49,DROUGHT
1152,49,49,DROUGHT
1153,49,49,DROUGHT
1154,49,49,DROUGHT
1155,49,49,DROUGHT
1156,49,49,DROUGHT
1157,49,49,DROUGHT
1158,49,49,DROUGHT
1159,49,49,DROUGHT
1160,49,49,DROUGHT
1161,49,49,DROUGHT
1162,49,49,DROUGHT
1163,49,49,DROUGHT
1164,49,49,DROUGHT
1165,49,49,DROUGHT
1166,49,49,DROUGHT
1167,49,49,DROUGHT
1168,49,49,DROUGHT
1169,49,49,DROUGHT
1170,49,49,DROUGHT
1171,49,49,DROUGHT
1172,49,49,DROUGHT
1173,49,49,DROUGHT
1174,49,49,DROUGHT
1175,49,49,DROUGHT
1176,49,49,DROUGHT
1177,49,49,DROUGHT
1178,49,49,DROUGHT
1179,49,49,DROUGHT
1180,49,49,DROUGHT
1181,49,49,DROUGHT
1182,49,49,DROUGHT
1183,49,49,DROUGHT
1184,49,49,DROUGHT
1185,49,49,DROUGHT
1186,49,49,DROUGHT
1187,49,49,DROUGHT
1188,49,49,DROUGHT
1189,49,49,DROUGHT
1190,49,49,DROUGHT
1191,49,49,DROUGHT
1192,49,49,DROUGHT
1193,49,49,DROUGHT
1194,49,49,DROUGHT
1195,49,49,DROUGHT
1196,49,49,DROUGHT
1197,49,49,DROUGHT
1198,49,49,DROUGHT
1199,49,49,DROUGHT
1200,49,49,DROUGHT
1201,49,49,DROUGHT
1202,49,49,DROUGHT
1203,49,49,DROUGHT
1204,49,49,DROUGHT
1205,49,49,DROUGHT
1206,49,49,DROUGHT
1207,49,49,DROUGHT
1208,49,49,DROUGHT
1209,49,49,DROUGHT
1210,49,49,DROUGHT
1211,49,49,DROUGHT
1212,49,49,DROUGHT
1213,49,49,DROUGHT
1214,49,49,DROUGHT
1215,49,49,DROUGHT
1216,49,49,DROUGHT
1217,49,49,DROUGHT
1218,49,49,DROUGHT
1219,49,49,DROUGHT
1220,49,49,DROUGHT
1221,49,49,DROUGHT
1222,49,49,DROUGHT
1223,49,49,DROUGHT
1224,49,49,DROUGHT
1225,49,49,DROUGHT
1226,49,49,DROUGHT
1227,49,49,DROUGHT
1228,49,49,DROUGHT
1229,49,49,DROUGHT
1230,49,49,DROUGHT
1231,49,49,DROUGHT
1232,49,49,DROUGHT
1233,49,49,DROUGHT
1234,49,49,DROUGHT
1235,49,49,DROUGHT
1236,49,49,DROUGHT
1237,49,49,DROUGHT
1238,49,49,DROUGHT
1239,49,49,DROUGHT
1240,49,49,DROUGHT
1241,49,49,DROUGHT
1242,49,49,DROUGHT
1243,49,49,DROUGHT
1244,49,49,DROUGHT
1245,49,49,DROUGHT
1246,49,49,DROUGHT
1247,49,49,DROUGHT
1248,49,49,DROUGHT
1249,49,49,DROUGHT
1250,49,49,DROUGHT
1251,49,49,DROUGHT
1252,49,49,DROUGHT
1253,49,49,DROUGHT
1254,49,49,DROUGHT
1255,49,49,DROUGHT
1256,49,49,DROUGHT
1257,49,49,DROUGHT
1258,49,49,DROUGHT
1259,49,49,DROUGHT
1260,49,49,DROUGHT
1261,49,49,DROUGHT
1262,49,49,DROUGHT
1263,49,49,DROUGHT
1264,49,49,DROUGHT
1265,49,49,DROUGHT
1266,49,49,DROUGHT
1267,49,49,DROUGHT
1268,49,49,DROUGHT
1269,49,49,DROUGHT
1270,49,49,DROUGHT
1271,49,49,DROUGHT
1272,49,49,DROUGHT
1273,49,49,DROUGHT
1274,49,49,DROUGHT
1275,49,49,DROUGHT
1276,49,49,DROUGHT
1277,49,49,DROUGHT
1278,49,49,DROUGHT
1279,49,49,DROUGHT
1280,49,49,DROUGHT
1281,49,49,DROUGHT
1282,49,49,DROUGHT
1283,49,49,DROUGHT
1284,49,49,DROUGHT
1285,49,49,DROUGHT
1286,49,49,DROUGHT
1287,49,49,DROUGHT
1288,49,49,DROUGHT
1289,49,49,DROUGHT
1290,49,49,DROUGHT
1291,49,49,DROUGHT
1292,49,49,DROUGHT
1293,49,49,DROUGHT
1294,49,49,DROUGHT
1295,49,49,DROUGHT
1296,49,49,DROUGHT
1297,49,49,DROUGHT
1298,49,49,DROUGHT
1299,49,49,DROUGHT
1300,49,49,DROUGHT
1301,49,49,DROUGHT
1302,49,49,DROUGHT
1303,49,49,DROUGHT
1304,49,49,DROUGHT
1305,49,49,DROUGHT
1306,49,49,DROUGHT
1307,49,49,DROUGHT
1308,49,49,DROUGHT
1309,49,49,DROUGHT
1310,49,49,DROUGHT
1311,49,49,DROUGHT
1312,49,49,DROUGHT
1313,49,49,DROUGHT
1314,49,49,DROUGHT
1315,49,49,DROUGHT
1316,49,49,DROUGHT
1317,49,49,DROUGHT
1318,49,49,DROUGHT
1319,49,49,DROUGHT
1320,49,49,DROUGHT
1321,49,49,DROUGHT
1322,49,49,DROUGHT
1323,49,49,DROUGHT
1324,49,49,DROUGHT
1325,49,49,DROUGHT
1326,49,49,DROUGHT
1327,49,49,DROUGHT
1328,49,49,DROUGHT
1329,49,49,DROUGHT
1330,49,49,DROUGHT
1331,49,49,DROUGHT
1332,49,49,DROUGHT
1333,49,49,DROUGHT
1334,49,49,DROUGHT
1335,49,49,DROUGHT
1336,49,49,DROUGHT
1337,49,49,DROUGHT
1338,49,49,DROUGHT
1339,49,49,DROUGHT
1340,49,49,DROUGHT
1341,49,49,DROUGHT
1342,49,49,DROUGHT
1343,49,49,DROUGHT
1344,49,49,DROUGHT
1345,49,49,DROUGHT
1346,49,49,DROUGHT
1347,49,49,DROUGHT
1348,49,49,DROUGHT
1349,49,49,DROUGHT
1350,49,49,DROUGHT
1351,49,49,DROUGHT
1352,49,49,DROUGHT
1353,49,49,DROUGHT
1354,49,49,DROUGHT
1355,49,49,DROUGHT
1356,49,49,DROUGHT
1357,49,49,DROUGHT
1358,49,49,DROUGHT
1359,49,49,DROUGHT
1360,49,49,DROUGHT
1361,49,49,DROUGHT
1362,49,49,DROUGHT
1363,49,49,DROUGHT
1364,49,49,DROUGHT
1365,49,49,DROUGHT
1366,49,49,DROUGHT
1367,49,49,DROUGHT
1368,49,49,DROUGHT
1369,49,49,DROUGHT
1370,49,49,DROUGHT
1371,49,49,DROUGHT
1372,49,49,DROUGHT
1373,49,49,DROUGHT
1374,49,49,DROUGHT
1375,49,49,DROUGHT
1376,49,49,DROUGHT
1377,49,49,DROUGHT
1378,49,49,DROUGHT
1379,49,49,DROUGHT
1380,49,49,DROUGHT
1381,49,49,DROUGHT
1382,49,49,DROUGHT
1383,49,49,DROUGHT
1384,49,49,DROUGHT
1385,49,49,DROUGHT
1386,49,49,DROUGHT
1387,49,49,DROUGHT
1388,49,49,DROUGHT
1389,49,49,DROUGHT
1390,49,49,DROUGHT
1391,49,49,DROUGHT
1392,49,49,DROUGHT
1393,49,49,DROUGHT
1394,49,49,DROUGHT
1395,49,49,DROUGHT
1396,49,49,DROUGHT
1397,49,49,DROUGHT
1398,49,49,DROUGHT
1399,49,49,DROUGHT
1400,49,49,DROUGHT
1401,49,49,DROUGHT
1402,49,49,DROUGHT
1403,49,49,DROUGHT
1404,49,49,DROUGHT
1405,49,49,DROUGHT
1406,49,49,DROUGHT
1407,49,49,DROUGHT
1408,49,49,DROUGHT
1409,49,49,DROUGHT
1410,49,49,DROUGHT
1411,49,49,DROUGHT
1412,49,49,DROUGHT
1413,49,49,DROUGHT
1414,49,49,DROUGHT
1415,49,49,DROUGHT
1416,49,49,DROUGHT
1417,49,49,DROUGHT
1418,49,49,DROUGHT
1419,49,49,DROUGHT
1420,49,49,DROUGHT
1421,49,49,DROUGHT
1422,49,49,DROUGHT
1423,49,49,DROUGHT
1424,49,49,DROUGHT
1425,49,49,DROUGHT
1426,49,49,DROUGHT
1427,49,49,DROUGHT
1428,49,49,DROUGHT
1429,49,49,DROUGHT
1430,49,49,DROUGHT
1431,49,49,DROUGHT
1432,49,49,DROUGHT
1433,49,49,DROUGHT
1434,49,49,DROUGHT
1435,49,49,DROUGHT
1436,49,49,DROUGHT
1437,49,49,DROUGHT
1438,49,49,DROUGHT
1439,49,49,DROUGHT
1440,49,49,DROUGHT
1441,49,49,DROUGHT
1442,49,49,DROUGHT
1443,49,49,DROUGHT
1444,49,49,DROUGHT
1445,49,49,DROUGHT
1446,49,49,DROUGHT
1447,49,49,DROUGHT
1448,49,49,DROUGHT
1449,49,49,DROUGHT
1450,49,49,DROUGHT
1451,49,49,DROUGHT
1452,49,49,DROUGHT
1453,49,49,DROUGHT
1454,49,49,DROUGHT
1455,49,49,DROUGHT
1456,49,49,DROUGHT
1457,49,49,DROUGHT
1458,49,49,DROUGHT
1459,49,49,DROUGHT
1460,49,49,DROUGHT
1461,49,49,DROUGHT
1462,49,49,DROUGHT
1463,49,49,DROUGHT
1464,49,49,DROUGHT
1465,49,49,DROUGHT
1466,49,49,DROUGHT
1467,49,49,DROUGHT
1468,49,49,DROUGHT
1469,49,49,DROUGHT
1470,49,49,DROUGHT
1471,49,49,DROUGHT
1472,49,49,DROUGHT
1473,49,49,DROUGHT
1474,49,49,DROUGHT
1475,49,49,DROUGHT
1476,49,49,DROUGHT
1477,49,49,DROUGHT
1478,49,49,DROUGHT
1479,49,49,DROUGHT
1480,49,49,DROUGHT
1481,49,49,DROUGHT
1482,49,49,DROUGHT
1483,49,49,DROUGHT
1484,49,49,DROUGHT
1485,49,49,DROUGHT
1486,49,49,DROUGHT
1487,49,49,DROUGHT
1488,49,49,DROUGHT
1489,49,49,DROUGHT
1490,49,49,DROUGHT
1491,49,49,DROUGHT
1492,49,49,DROUGHT
1493,49,49,DROUGHT
1494,49,49,DROUGHT
1495,49,49,DROUGHT
1496,49,49,DROUGHT
1497,49,49,DROUGHT
1498,49,49,DROUGHT
1499,49,49,DROUGHT
1500,49,49,DROUGHT
1501,49,49,DROUGHT
1502,49,49,DROUGHT
1503,49,49,DROUGHT
1504,49,49,DROUGHT
1505,49,49,DROUGHT
1506,49,49,DROUGHT
1507,49,49,DROUGHT
1508,49,49,DROUGHT
1509,49,49,DROUGHT
1510,49,49,DROUGHT
1511,49,49,DROUGHT
1512,49,49,DROUGHT
1513,49,49,DROUGHT
1514,49,49,DROUGHT
1515,49,49,DROUGHT
1516,49,49,DROUGHT
1517,49,49,DROUGHT
1518,49,49,DROUGHT
1519,49,49,DROUGHT
1520,49,49,DROUGHT
1521,49,49,DROUGHT
1522,49,49,DROUGHT
1523,49,49,DROUGHT
1524,49,49,DROUGHT
1525,49,49,DROUGHT
1526,49,49,DROUGHT
1527,49,49,DROUGHT
1528,49,49,DROUGHT
1529,49,49,DROUGHT
1530,49,49,DROUGHT
1531,49,49,DROUGHT
1532,49,49,DROUGHT
1533,49,49,DROUGHT
1534,49,49,DROUGHT
1535,49,49,DROUGHT
1536,49,49,DROUGHT
1537,49,49,DROUGHT
1538,49,49,DROUGHT
1539,49,49,DROUGHT
1540,49,49,DROUGHT
1541,49,49,DROUGHT
1542,49,49,DROUGHT
1543,49,49,DROUGHT
1544,49,49,DROUGHT
1545,49,49,DROUGHT
1546,49,49,DROUGHT
1547,49,49,DROUGHT
1548,49,49,DROUGHT
1549,49,49,DROUGHT
1550,49,49,DROUGHT
1551,49,49,DROUGHT
1552,49,49,DROUGHT
1553,49,49,DROUGHT
1554,49,49,DROUGHT
1555,49,49,DROUGHT
1556,49,49,DROUGHT
1557,49,49,DROUGHT
1558,49,49,DROUGHT
1559,49,49,DROUGHT
1560,49,49,DROUGHT
1561,49,49,DROUGHT
1562,49,49,DROUGHT
1563,49,49,DROUGHT
1564,49,49,DROUGHT
1565,49,49,DROUGHT
1566,49,49,DROUGHT
1567,49,49,DROUGHT
1568,49,49,DROUGHT
1569,49,49,DROUGHT
1570,49,49,DROUGHT
1571,49,49,DROUGHT
1572,49,49,DROUGHT
1573,49,49,DROUGHT
1574,49,49,DROUGHT
1575,49,49,DROUGHT
1576,49,49,DROUGHT
1577,49,49,DROUGHT
1578,49,49,DROUGHT
1579,49,49,DROUGHT
1580,49,49,DROUGHT
1581,49,49,DROUGHT
1582,49,49,DROUGHT
1583,49,49,DROUGHT
1584,49,49,DROUGHT
1585,49,49,DROUGHT
1586,49,49,DROUGHT
1587,49,49,DROUGHT
1588,49,49,DROUGHT
1589,49,49,DROUGHT
1590,49,49,DROUGHT
1591,49,49,DROUGHT
1592,49,49,DROUGHT
1593,49,49,DROUGHT
1594,49,49,DROUGHT
1595,49,49,DROUGHT
1596,49,49,DROUGHT
1597,49,49,DROUGHT
1598,49,49,DROUGHT
1599,49,49,DROUGHT
1600,49,49,DROUGHT
1601,49,49,DROUGHT
1602,49,49,DROUGHT
1603,49,49,DROUGHT
1604,49,49,DROUGHT
1605,49,49,DROUGHT
1606,49,49,DROUGHT
1607,49,49,DROUGHT
1608,49,49,DROUGHT
1609,49,49,DROUGHT
1610,49,49,DROUGHT
1611,49,49,DROUGHT
1612,49,49,DROUGHT
1613,49,49,DROUGHT
1614,49,49,DROUGHT
1615,49,49,DROUGHT
1616,49,49,DROUGHT
1617,49,49,DROUGHT
1618,49,49,DROUGHT
1619,49,49,DROUGHT
1620,49,49,DROUGHT
1621,49,49,DROUGHT
1622,49,49,DROUGHT
1623,49,49,DROUGHT
1624,49,49,DROUGHT
1625,49,49,DROUGHT
1626,49,49,DROUGHT
1627,49,49,DROUGHT
1628,49,49,DROUGHT
1629,49,49,DROUGHT
1630,49,49,DROUGHT
1631,49,49,DROUGHT
1632,49,49,DROUGHT
1633,49,49,DROUGHT
1634,49,49,DROUGHT
1635,49,49,DROUGHT
1636,49,49,DROUGHT
1637,49,49,DROUGHT
1638,49,49,DROUGHT
1639,49,49,DROUGHT
1640,49,49,DROUGHT
1641,49,49,DROUGHT
1642,49,49,DROUGHT
1643,49,49,DROUGHT
1644,49,49,DROUGHT
1645,49,49,DROUGHT
1646,49,49,DROUGHT
1647,49,49,DROUGHT
1648,49,49,DROUGHT
1649,49,49,DROUGHT
1650,49,49,DROUGHT
1651,49,49,DROUGHT
1652,49,49,DROUGHT
1653,49,49,DROUGHT
1654,49,49,DROUGHT
1655,49,49,DROUGHT
1656,49,49,DROUGHT
1657,49,49,DROUGHT
1658,49,49,DROUGHT
1659,49,49,DROUGHT
1660,49,49,DROUGHT
1661,49,49,DROUGHT
1662,49,49,DROUGHT
1663,49,49,DROUGHT
1664,49,49,DROUGHT
1665,49,49,DROUGHT
1666,49,49,DROUGHT
1667,49,49,DROUGHT
1668,49,49,DROUGHT
1669,49,49,DROUGHT
1670,49,49,DROUGHT
1671,49,49,DROUGHT
1672,49,49,DROUGHT
1673,49,49,DROUGHT
1674,49,49,DROUGHT
1675,49,49,DROUGHT
1676,49,49,DROUGHT
1677,49,49,DROUGHT
1678,49,49,DROUGHT
1679,49,49,DROUGHT
1680,49,49,DROUGHT
1681,49,49,DROUGHT
1682,49,49,DROUGHT
1683,49,49,DROUGHT
1684,49,49,DROUGHT
1685,49,49,DROUGHT
1686,49,49,DROUGHT
1687,49,49,DROUGHT
1688,49,49,DROUGHT
1689,49,49,DROUGHT
1690,49,49,DROUGHT
1691,49,49,DROUGHT
1692,49,49,DROUGHT
1693,49,49,DROUGHT
1694,49,49,DROUGHT
1695,49,49,DROUGHT
1696,49,49,DROUGHT
1697,49,49,DROUGHT
1698,49,49,DROUGHT
1699,49,49,DROUGHT
1700,49,49,DROUGHT
1701,49,49,DROUGHT
1702,49,49,DROUGHT
1703,49,49,DROUGHT
1704,49,49,DROUGHT
1705,49,49,DROUGHT
1706,49,49,DROUGHT
1707,49,49,DROUGHT
1708,49,49,DROUGHT
1709,49,49,DROUGHT
1710,49,49,DROUGHT
1711,49,49,DROUGHT
1712,49,49,DROUGHT
1713,49,49,DROUGHT
1714,49,49,DROUGHT
1715,49,49,DROUGHT
1716,49,49,DROUGHT
1717,49,49,DROUGHT
1718,49,49,DROUGHT
1719,49,49,DROUGHT
1720,49,49,DROUGHT
1721,49,49,DROUGHT
1722,49,49,DROUGHT
1723,49,49,DROUGHT
1724,49,49,DROUGHT
1725,49,49,DROUGHT
1726,49,49,DROUGHT
1727,49,49,DROUGHT
1728,49,49,DROUGHT
1729,49,49,DROUGHT
1730,49,49,DROUGHT
1731,49,49,DROUGHT
1732,49,49,DROUGHT
1733,49,49,DROUGHT
1734,49,49,DROUGHT
1735,49,49,DROUGHT
1736,49,49,DROUGHT
1737,49,49,DROUGHT
1738,49,49,DROUGHT
1739,49,49,DROUGHT
1740,49,49,DROUGHT
1741,49,49,DROUGHT
1742,49,49,DROUGHT
1743,49,49,DROUGHT
1744,49,49,DROUGHT
1745,49,49,DROUGHT
1746,49,49,DROUGHT
1747,49,49,DROUGHT
1748,49,49,DROUGHT
1749,49,49,DROUGHT
1750,49,49,DROUGHT
1751,49,49,DROUGHT
1752,49,49,DROUGHT
1753,49,49,DROUGHT
1754,49,49,DROUGHT
1755,49,49,DROUGHT
1756,49,49,DROUGHT
1757,49,49,DROUGHT
1758,49,49,DROUGHT
1759,49,49,DROUGHT
1760,49,49,DROUGHT
1761,49,49,DROUGHT
1762,49,49,DROUGHT
1763,49,49,DROUGHT
1764,49,49,DROUGHT
1765,49,49,DROUGHT
1766,49,49,DROUGHT
1767,49,49,DROUGHT
1768,49,49,DROUGHT
1769,49,49,DROUGHT
1770,49,49,DROUGHT
1771,49,49,DROUGHT
1772,49,49,DROUGHT
1773,49,49,DROUGHT
1774,49,49,DROUGHT
1775,49,49,DROUGHT
1776,49,49,DROUGHT
1777,49,49,DROUGHT
1778,49,49,DROUGHT
1779,49,49,DROUGHT
1780,49,49,DROUGHT
1781,49,49,DROUGHT
1782,49,49,DROUGHT
1783,49,49,DROUGHT
1784,49,49,DROUGHT
1785,49,49,DROUGHT
1786,49,49,DROUGHT
1787,49,49,DROUGHT
1788,49,49,DROUGHT
1789,49,49,DROUGHT
1790,49,49,DROUGHT
1791,49,49,DROUGHT
1792,49,49,DROUGHT
1793,49,49,DROUGHT
1794,49,49,DROUGHT
1795,49,49,DROUGHT
1796,49,49,DROUGHT
1797,49,49,DROUGHT
1798,49,49,DROUGHT
1799,49,49,DROUGHT
1800,49,49,DROUGHT
1801,49,49,DROUGHT
1802,49,49,DROUGHT
1803,49,49,DROUGHT
1804,49,49,DROUGHT
1805,49,49,DROUGHT
1806,49,49,DROUGHT
1807,49,49,DROUGHT
1808,49,49,DROUGHT
1809,49,49,DROUGHT
1810,49,49,DROUGHT
1811,49,49,DROUGHT
1812,49,49,DROUGHT
1813,49,49,DROUGHT
1814,49,49,DROUGHT
1815,49,49,DROUGHT
1816,49,49,DROUGHT
1817,49,49,DROUGHT
1818,49,49,DROUGHT
1819,49,49,DROUGHT
1820,49,49,DROUGHT
1821,49,49,DROUGHT
1822,49,49,DROUGHT
1823,49,49,DROUGHT
1824,49,49,DROUGHT
1825,49,49,DROUGHT
1826,49,49,DROUGHT
1827,49,49,DROUGHT
1828,49,49,DROUGHT
1829,49,49,DROUGHT
1830,49,49,DROUGHT
1831,49,49,DROUGHT
1832,49,49,DROUGHT
1833,49,49,DROUGHT
1834,49,49,DROUGHT
1835,49,49,DROUGHT
1836,49,49,DROUGHT
1837,49,49,DROUGHT
1838,49,49,DROUGHT
1839,49,49,DROUGHT
1840,49,49,DROUGHT
1841,49,49,DROUGHT
1842,49,49,DROUGHT
1843,49,49,DROUGHT
1844,49,49,DROUGHT
1845,49,49,DROUGHT
1846,49,49,DROUGHT
1847,49,49,DROUGHT
1848,49,49,DROUGHT
1849,49,49,DROUGHT
1850,49,49,DROUGHT
1851,49,49,DROUGHT
1852,49,49,DROUGHT
1853,49,49,DROUGHT
1854,49,49,DROUGHT
1855,49,49,DROUGHT
1856,49,49,DROUGHT
1857,49,49,DROUGHT
1858,49,49,DROUGHT
1859,49,49,DROUGHT
1860,49,49,DROUGHT
1861,49,49,DROUGHT
1862,49,49,DROUGHT
1863,49,49,DROUGHT
1864,49,49,DROUGHT
1865,49,49,DROUGHT
1866,49,49,DROUGHT
1867,49,49,DROUGHT
1868,49,49,DROUGHT
1869,49,49,DROUGHT
1870,49,49,DROUGHT
1871,49,49,DROUGHT
1872,49,49,DROUGHT
1873,49,49,DROUGHT
1874,49,49,DROUGHT
1875,49,49,DROUGHT
1876,49,49,DROUGHT
1877,49,49,DROUGHT
1878,49,49,DROUGHT
1879,49,49,DROUGHT
1880,49,49,DROUGHT
1881,49,49,DROUGHT
1882,49,49,DROUGHT
1883,49,49,DROUGHT
1884,49,49,DROUGHT
1885,49,49,DROUGHT
1886,49,49,DROUGHT
1887,49,49,DROUGHT
1888,49,49,DROUGHT
1889,49,49,DROUGHT
1890,49,49,DROUGHT
1891,49,49,DROUGHT
1892,49,49,DROUGHT
1893,49,49,DROUGHT
1894,49,49,DROUGHT
1895,49,49,DROUGHT
1896,49,49,DROUGHT
1897,49,49,DROUGHT
1898,49,49,DROUGHT
1899,49,49,DROUGHT
1900,49,49,DROUGHT
1901,49,49,DROUGHT
1902,49,49,DROUGHT
1903,49,49,DROUGHT
1904,49,49,DROUGHT
1905,49,49,DROUGHT
1906,49,49,DROUGHT
1907,49,49,DROUGHT
1908,49,49,DROUGHT
1909,49,49,DROUGHT
1910,49,49,DROUGHT
1911,49,49,DROUGHT
1912,49,49,DROUGHT
1913,49,49,DROUGHT
1914,49,49,DROUGHT
1915,49,49,DROUGHT
1916,49,49,DROUGHT
1917,49,49,DROUGHT
1918,49,49,DROUGHT
1919,49,49,DROUGHT
1920,49,49,DROUGHT
1921,49,49,DROUGHT
1922,49,49,DROUGHT
1923,49,49,DROUGHT
1924,49,49,DROUGHT
1925,49,49,DROUGHT
1926,49,49,DROUGHT
1927,49,49,DROUGHT
1928,49,49,DROUGHT
1929,49,49,DROUGHT
1930,49,49,DROUGHT
1931,49,49,DROUGHT
1932,49,49,DROUGHT
1933,49,49,DROUGHT
1934,49,49,DROUGHT
1935,49,49,DROUGHT
1936,49,49,DROUGHT
1937,49,49,DROUGHT
1938,49,49,DROUGHT
1939,49,49,DROUGHT
1940,49,49,DROUGHT
1941,49,49,DROUGHT
1942,49,49,DROUGHT
1943,49,49,DROUGHT
1944,49,49,DROUGHT
1945,49,49,DROUGHT
1946,49,49,DROUGHT
1947,49,49,DROUGHT
1948,49,49,DROUGHT
1949,49,49,DROUGHT
1950,49,49,DROUGHT
1951,49,49,DROUGHT
1952,49,49,DROUGHT
1953,49,49,DROUGHT
1954,49,49,DROUGHT
1955,49,49,DROUGHT
1956,49,49,DROUGHT
1957,49,49,DROUGHT
1958,49,49,DROUGHT
1959,49,49,DROUGHT
1960,49,49,DROUGHT
1961,49,49,DROUGHT
1962,49,49,DROUGHT
1963,49,49,DROUGHT
1964,49,49,DROUGHT
1965,49,49,DROUGHT
1966,49,49,DROUGHT
1967,49,49,DROUGHT
1968,49,49,DROUGHT
1969,49,49,DROUGHT
1970,49,49,DROUGHT
1971,49,49,DROUGHT
1972,49,49,DROUGHT
1973,49,49,DROUGHT
1974,49,49,DROUGHT
1975,49,49,DROUGHT
1976,49,49,DROUGHT
1977,49,49,DROUGHT
1978,49,49,DROUGHT
1979,49,49,DROUGHT
1980,49,49,DROUGHT
1981,49,49,DROUGHT
1982,49,49,DROUGHT
1983,49,49,DROUGHT
1984,49,49,DROUGHT
1985,49,49,DROUGHT
1986,49,49,DROUGHT
1987,49,49,DROUGHT
1988,49,49,DROUGHT
1989,49,49,DROUGHT
1990,49,49,DROUGHT
1991,49,49,DROUGHT
1992,49,49,DROUGHT
1993,49,49,DROUGHT
1994,49,49,DROUGHT
1995,49,49,DROUGHT
1996,49,49,DROUGHT
1997,49,49,DROUGHT
1998,49,49,DROUGHT
1999,49,49,DROUGHT
2000,49,49,DROUGHT
