tick,prey_pop,pred_pop,avg_prey_eff,avg_prey_fert,avg_pred_hunt,avg_pred_eff
1,190,10,0.8778,0.5084,0.8584,0.4937
2,190,10,0.8778,0.5084,0.8584,0.4937
3,190,10,0.8778,0.5084,0.8584,0.4937
4,190,10,0.8778,0.5084,0.8584,0.4937
5,190,10,0.8778,0.5084,0.8584,0.4937
6,190,10,0.8778,0.5084,0.8584,0.4937
7,190,10,0.8778,0.5084,0.8584,0.4937
8,190,10,0.8778,0.5084,0.8584,0.4937
9,190,10,0.8778,0.5084,0.8584,0.4937
10,190,10,0.8778,0.5084,0.8584,0.4937
11,190,10,0.8778,0.5084,0.8584,0.4937
12,190,10,0.8778,0.5084,0.8584,0.4937
13,190,10,0.8778,0.5084,0.8584,0.4937
14,190,10,0.8778,0.5084,0.8584,0.4937
15,190,10,0.8778,0.5084,0.8584,0.4937
16,190,10,0.8778,0.5084,0.8584,0.4937
17,190,10,0.8778,0.5084,0.8584,0.4937
18,190,10,0.8778,0.5084,0.8584,0.4937
19,190,10,0.8778,0.5084,0.8584,0.4937
20,190,10,0.8778,0.5084,0.8584,0.4937
21,190,10,0.8778,0.5084,0.8584,0.4937
22,190,10,0.8778,0.5084,0.8584,0.4937
23,190,10,0.8778,0.5084,0.8584,0.4937
24,190,10,0.8778,0.5084,0.8584,0.4937
25,190,10,0.8778,0.5084,0.8584,0.4937
26,190,10,0.8778,0.5084,0.8584,0.4937
27,190,10,0.8778,0.5084,0.8584,0.4937
28,190,10,0.8778,0.5084,0.8584,0.4937
29,190,10,0.8778,0.5084,0.8584,0.4937
30,190,10,0.8778,0.5084,0.8584,0.4937
31,190,10,0.8778,0.5084,0.8584,0.4937
32,190,10,0.8778,0.5084,0.8584,0.4937
33,190,10,0.8778,0.5084,0.8584,0.4937
34,190,10,0.8778,0.5084,0.8584,0.4937
35,190,10,0.8778,0.5084,0.8584,0.4937
36,190,10,0.8778,0.5084,0.8584,0.4937
37,190,10,0.8778,0.5084,0.8584,0.4937
38,190,10,0.8778,0.5084,0.8584,0.4937
39,190,10,0.8778,0.5084,0.8584,0.4937
40,190,10,0.8778,0.5084,0.8584,0.4937
41,190,10,0.8778,0.5084,0.8584,0.4937
42,190,10,0.8778,0.5084,0.8584,0.4937
43,190,10,0.8778,0.5084,0.8584,0.4937
44,190,10,0.8778,0.5084,0.8584,0.4937
45,190,10,0.8778,0.5084,0.8584,0.4937
46,190,10,0.8778,0.5084,0.8584,0.4937
47,190,10,0.8778,0.5084,0.8584,0.4937
48,190,10,0.8778,0.5084,0.8584,0.4937
49,190,10,0.8778,0.5084,0.8584,0.4937
50,190,10,0.8778,0.5084,0.8584,0.4937
51,190,10,0.8778,0.5084,0.8584,0.4937
52,190,10,0.8778,0.5084,0.8584,0.4937
53,190,10,0.8778,0.5084,0.8584,0.4937
54,190,10,0.8778,0.5084,0.8584,0.4937
55,190,10,0.8778,0.5084,0.8584,0.4937
56,190,10,0.8778,0.5084,0.8584,0.4937
57,190,10,0.8778,0.5084,0.8584,0.4937
58,190,10,0.8778,0.5084,0.8584,0.4937
59,190,10,0.8778,0.5084,0.8584,0.4937
60,190,10,0.8778,0.5084,0.8584,0.4937
61,190,10,0.8778,0.5084,0.8584,0.4937
62,190,10,0.8778,0.5084,0.8584,0.4937
63,190,10,0.8778,0.5084,0.8584,0.4937
64,190,10,0.8778,0.5084,0.8584,0.4937
65,190,10,0.8778,0.5084,0.8584,0.4937
66,190,10,0.8778,0.5084,0.8584,0.4937
67,190,10,0.8778,0.5084,0.8584,0.4937
68,190,10,0.8778,0.5084,0.8584,0.4937
69,190,10,0.8778,0.5084,0.8584,0.4937
70,190,10,0.8778,0.5084,0.8584,0.4937
71,190,10,0.8778,0.5084,0.8584,0.4937
72,190,10,0.8778,0.5084,0.8584,0.4937
73,190,10,0.8778,0.5084,0.8584,0.4937
74,190,10,0.8778,0.5084,0.8584,0.4937
75,190,10,0.8778,0.5084,0.8584,0.4937
76,190,10,0.8778,0.5084,0.8584,0.4937
77,190,10,0.8778,0.5084,0.8584,0.4937
78,190,10,0.8778,0.5084,0.8584,0.4937
79,190,10,0.8778,0.5084,0.8584,0.4937
80,190,10,0.8778,0.5084,0.8584,0.4937
81,190,10,0.8778,0.5084,0.8584,0.4937
82,190,10,0.8778,0.5084,0.8584,0.4937
83,190,10,0.8778,0.5084,0.8584,0.4937
84,190,10,0.8778,0.5084,0.8584,0.4937
85,190,10,0.8778,0.5084,0.8584,0.4937
86,190,10,0.8778,0.5084,0.8584,0.4937
87,190,10,0.8778,0.5084,0.8584,0.4937
88,190,10,0.8778,0.5084,0.8584,0.4937
89,190,10,0.8778,0.5084,0.8584,0.4937
90,190,10,0.8778,0.5084,0.8584,0.4937
91,190,10,0.8778,0.5084,0.8584,0.4937
92,190,10,0.8778,0.5084,0.8584,0.4937
93,190,10,0.8778,0.5084,0.8584,0.4937
94,190,10,0.8778,0.5084,0.8584,0.4937
95,190,10,0.8778,0.5084,0.8584,0.4937
96,190,10,0.8778,0.5084,0.8584,0.4937
97,190,10,0.8778,0.5084,0.8584,0.4937
98,190,10,0.8778,0.5084,0.8584,0.4937
99,190,10,0.8778,0.5084,0.8584,0.4937
100,190,10,0.8778,0.5084,0.8584,0.4937
101,190,10,0.8778,0.5084,0.8584,0.4937
102,190,10,0.8778,0.5084,0.8584,0.4937
103,190,10,0.8778,0.5084,0.8584,0.4937
104,190,10,0.8778,0.5084,0.8584,0.4937
105,190,10,0.8778,0.5084,0.8584,0.4937
106,190,10,0.8778,0.5084,0.8584,0.4937
107,190,10,0.8778,0.5084,0.8584,0.4937
108,190,10,0.8778,0.5084,0.8584,0.4937
109,190,10,0.8778,0.5084,0.8584,0.4937
110,190,10,0.8778,0.5084,0.8584,0.4937
111,190,10,0.8778,0.5084,0.8584,0.4937
112,190,10,0.8778,0.5084,0.8584,0.4937
113,190,10,0.8778,0.5084,0.8584,0.4937
114,190,10,0.8778,0.5084,0.8584,0.4937
115,190,10,0.8778,0.5084,0.8584,0.4937
116,190,10,0.8778,0.5084,0.8584,0.4937
117,190,10,0.8778,0.5084,0.8584,0.4937
118,190,10,0.8778,0.5084,0.8584,0.4937
119,190,10,0.8778,0.5084,0.8584,0.4937
120,190,10,0.8778,0.5084,0.8584,0.4937
121,190,10,0.8778,0.5084,0.8584,0.4937
122,190,10,0.8778,0.5084,0.8584,0.4937
123,190,10,0.8778,0.5084,0.8584,0.4937
124,190,10,0.8778,0.5084,0.8584,0.4937
125,190,10,0.8778,0.5084,0.8584,0.4937
126,190,10,0.8778,0.5084,0.8584,0.4937
127,190,10,0.8778,0.5084,0.8584,0.4937
128,190,10,0.8778,0.5084,0.8584,0.4937
129,190,10,0.8778,0.5084,0.8584,0.4937
130,190,10,0.8778,0.5084,0.8584,0.4937
131,190,10,0.8778,0.5084,0.8584,0.4937
132,190,10,0.8778,0.5084,0.8584,0.4937
133,190,10,0.8778,0.5084,0.8584,0.4937
134,190,10,0.8778,0.5084,0.8584,0.4937
135,190,10,0.8778,0.5084,0.8584,0.4937
136,190,10,0.8778,0.5084,0.8584,0.4937
137,190,10,0.8778,0.5084,0.8584,0.4937
138,190,10,0.8778,0.5084,0.8584,0.4937
139,190,10,0.8778,0.5084,0.8584,0.4937
140,190,10,0.8778,0.5084,0.8584,0.4937
141,190,10,0.8778,0.5084,0.8584,0.4937
142,190,10,0.8778,0.5084,0.8584,0.4937
143,190,10,0.8778,0.5084,0.8584,0.4937
144,190,10,0.8778,0.5084,0.8584,0.4937
145,190,10,0.8778,0.5084,0.8584,0.4937
146,190,10,0.8778,0.5084,0.8584,0.4937
147,190,10,0.8778,0.5084,0.8584,0.4937
148,190,10,0.8778,0.5084,0.8584,0.4937
149,190,10,0.8778,0.5084,0.8584,0.4937
150,190,10,0.8778,0.5084,0.8584,0.4937
151,190,10,0.8778,0.5084,0.8584,0.4937
152,190,10,0.8778,0.5084,0.8584,0.4937
153,190,10,0.8778,0.5084,0.8584,0.4937
154,190,10,0.8778,0.5084,0.8584,0.4937
155,190,10,0.8778,0.5084,0.8584,0.4937
156,190,10,0.8778,0.5084,0.8584,0.4937
157,190,10,0.8778,0.5084,0.8584,0.4937
158,190,10,0.8778,0.5084,0.8584,0.4937
159,190,10,0.8778,0.5084,0.8584,0.4937
160,190,10,0.8778,0.5084,0.8584,0.4937
161,190,10,0.8778,0.5084,0.8584,0.4937
162,190,10,0.8778,0.5084,0.8584,0.4937
163,190,10,0.8778,0.5084,0.8584,0.4937
164,190,10,0.8778,0.5084,0.8584,0.4937
165,190,10,0.8778,0.5084,0.8584,0.4937
166,190,10,0.8778,0.5084,0.8584,0.4937
167,190,10,0.8778,0.5084,0.8584,0.4937
168,190,10,0.8778,0.5084,0.8584,0.4937
169,190,10,0.8778,0.5084,0.8584,0.4937
170,190,10,0.8778,0.5084,0.8584,0.4937
171,190,10,0.8778,0.5084,0.8584,0.4937
172,190,10,0.8778,0.5084,0.8584,0.4937
173,190,10,0.8778,0.5084,0.8584,0.4937
174,190,10,0.8778,0.5084,0.8584,0.4937
175,190,10,0.8778,0.5084,0.8584,0.4937
176,190,10,0.8778,0.5084,0.8584,0.4937
177,190,10,0.8778,0.5084,0.8584,0.4937
178,190,10,0.8778,0.5084,0.8584,0.4937
179,190,10,0.8778,0.5084,0.8584,0.4937
180,190,10,0.8778,0.5084,0.8584,0.4937
181,190,10,0.8778,0.5084,0.8584,0.4937
182,190,10,0.8778,0.5084,0.8584,0.4937
183,190,10,0.8778,0.5084,0.8584,0.4937
184,190,10,0.8778,0.5084,0.8584,0.4937
185,190,10,0.8778,0.5084,0.8584,0.4937
186,190,10,0.8778,0.5084,0.8584,0.4937
187,190,10,0.8778,0.5084,0.8584,0.4937
188,190,10,0.8778,0.5084,0.8584,0.4937
189,190,10,0.8778,0.5084,0.8584,0.4937
190,190,10,0.8778,0.5084,0.8584,0.4937
191,190,10,0.8778,0.5084,0.8584,0.4937
192,190,10,0.8778,0.5084,0.8584,0.4937
193,190,10,0.8778,0.5084,0.8584,0.4937
194,190,10,0.8778,0.5084,0.8584,0.4937
195,190,10,0.8778,0.5084,0.8584,0.4937
196,190,10,0.8778,0.5084,0.8584,0.4937
197,190,10,0.8778,0.5084,0.8584,0.4937
198,190,10,0.8778,0.5084,0.8584,0.4937
199,190,10,0.8778,0.5084,0.8584,0.4937
200,190,10,0.8778,0.5084,0.8584,0.4937
201,190,10,0.8778,0.5084,0.8584,0.4937
202,190,10,0.8778,0.5084,0.8584,0.4937
203,190,10,0.8778,0.5084,0.8584,0.4937
204,190,10,0.8778,0.5084,0.8584,0.4937
205,190,10,0.8778,0.5084,0.8584,0.4937
206,190,10,0.8778,0.5084,0.8584,0.4937
207,190,10,0.8778,0.5084,0.8584,0.4937
208,190,10,0.8778,0.5084,0.8584,0.4937
209,190,10,0.8778,0.5084,0.8584,0.4937
210,190,10,0.8778,0.5084,0.8584,0.4937
211,190,10,0.8778,0.5084,0.8584,0.4937
212,190,10,0.8778,0.5084,0.8584,0.4937
213,190,10,0.8778,0.5084,0.8584,0.4937
214,190,10,0.8778,0.5084,0.8584,0.4937
215,190,10,0.8778,0.5084,0.8584,0.4937
216,190,10,0.8778,0.5084,0.8584,0.4937
217,190,10,0.8778,0.5084,0.8584,0.4937
218,190,10,0.8778,0.5084,0.8584,0.4937
219,190,10,0.8778,0.5084,0.8584,0.4937
220,190,10,0.8778,0.5084,0.8584,0.4937
221,190,10,0.8778,0.5084,0.8584,0.4937
222,190,10,0.8778,0.5084,0.8584,0.4937
223,190,10,0.8778,0.5084,0.8584,0.4937
224,190,10,0.8778,0.5084,0.8584,0.4937
225,190,10,0.8778,0.5084,0.8584,0.4937
226,190,10,0.8778,0.5084,0.8584,0.4937
227,190,10,0.8778,0.5084,0.8584,0.4937
228,190,10,0.8778,0.5084,0.8584,0.4937
229,190,10,0.8778,0.5084,0.8584,0.4937
230,190,10,0.8778,0.5084,0.8584,0.4937
231,190,10,0.8778,0.5084,0.8584,0.4937
232,190,10,0.8778,0.5084,0.8584,0.4937
233,190,10,0.8778,0.5084,0.8584,0.4937
234,190,10,0.8778,0.5084,0.8584,0.4937
235,190,10,0.8778,0.5084,0.8584,0.4937
236,190,10,0.8778,0.5084,0.8584,0.4937
237,190,10,0.8778,0.5084,0.8584,0.4937
238,190,10,0.8778,0.5084,0.8584,0.4937
239,190,10,0.8778,0.5084,0.8584,0.4937
240,190,10,0.8778,0.5084,0.8584,0.4937
241,190,10,0.8778,0.5084,0.8584,0.4937
242,190,10,0.8778,0.5084,0.8584,0.4937
243,190,10,0.8778,0.5084,0.8584,0.4937
244,190,10,0.8778,0.5084,0.8584,0.4937
245,190,10,0.8778,0.5084,0.8584,0.4937
246,190,10,0.8778,0.5084,0.8584,0.4937
247,190,10,0.8778,0.5084,0.8584,0.4937
248,190,10,0.8778,0.5084,0.8584,0.4937
249,190,10,0.8778,0.5084,0.8584,0.4937
250,190,10,0.8778,0.5084,0.8584,0.4937
251,190,10,0.8778,0.5084,0.8584,0.4937
252,190,10,0.8778,0.5084,0.8584,0.4937
253,190,10,0.8778,0.5084,0.8584,0.4937
254,190,10,0.8778,0.5084,0.8584,0.4937
255,190,10,0.8778,0.5084,0.8584,0.4937
256,190,10,0.8778,0.5084,0.8584,0.4937
257,190,10,0.8778,0.5084,0.8584,0.4937
258,190,10,0.8778,0.5084,0.8584,0.4937
259,190,10,0.8778,0.5084,0.8584,0.4937
260,190,10,0.8778,0.5084,0.8584,0.4937
261,190,10,0.8778,0.5084,0.8584,0.4937
262,190,10,0.8778,0.5084,0.8584,0.4937
263,190,10,0.8778,0.5084,0.8584,0.4937
264,190,10,0.8778,0.5084,0.8584,0.4937
265,190,10,0.8778,0.5084,0.8584,0.4937
266,190,10,0.8778,0.5084,0.8584,0.4937
267,190,10,0.8778,0.5084,0.8584,0.4937
268,190,10,0.8778,0.5084,0.8584,0.4937
269,190,10,0.8778,0.5084,0.8584,0.4937
270,190,10,0.8778,0.5084,0.8584,0.4937
271,190,10,0.8778,0.5084,0.8584,0.4937
272,190,10,0.8778,0.5084,0.8584,0.4937
273,190,10,0.8778,0.5084,0.8584,0.4937
274,190,10,0.8778,0.5084,0.8584,0.4937
275,190,10,0.8778,0.5084,0.8584,0.4937
276,190,10,0.8778,0.5084,0.8584,0.4937
277,190,10,0.8778,0.5084,0.8584,0.4937
278,190,10,0.8778,0.5084,0.8584,0.4937
279,190,10,0.8778,0.5084,0.8584,0.4937
280,190,10,0.8778,0.5084,0.8584,0.4937
281,190,10,0.8778,0.5084,0.8584,0.4937
282,190,10,0.8778,0.5084,0.8584,0.4937
283,190,10,0.8778,0.5084,0.8584,0.4937
284,190,10,0.8778,0.5084,0.8584,0.4937
285,190,10,0.8778,0.5084,0.8584,0.4937
286,190,10,0.8778,0.5084,0.8584,0.4937
287,190,10,0.8778,0.5084,0.8584,0.4937
288,190,10,0.8778,0.5084,0.8584,0.4937
289,190,10,0.8778,0.5084,0.8584,0.4937
290,190,10,0.8778,0.5084,0.8584,0.4937
291,190,10,0.8778,0.5084,0.8584,0.4937
292,190,10,0.8778,0.5084,0.8584,0.4937
293,190,10,0.8778,0.5084,0.8584,0.4937
294,190,10,0.8778,0.5084,0.8584,0.4937
295,190,10,0.8778,0.5084,0.8584,0.4937
296,190,10,0.8778,0.5084,0.8584,0.4937
297,190,10,0.8778,0.5084,0.8584,0.4937
298,190,10,0.8778,0.5084,0.8584,0.4937
299,190,10,0.8778,0.5084,0.8584,0.4937
300,190,10,0.8778,0.5084,0.8584,0.4937
301,190,10,0.8778,0.5084,0.8584,0.4937
302,190,10,0.8778,0.5084,0.8584,0.4937
303,190,10,0.8778,0.5084,0.8584,0.4937
304,190,10,0.8778,0.5084,0.8584,0.4937
305,190,10,0.8778,0.5084,0.8584,0.4937
306,190,10,0.8778,0.5084,0.8584,0.4937
307,190,10,0.8778,0.5084,0.8584,0.4937
308,190,10,0.8778,0.5084,0.8584,0.4937
309,190,10,0.8778,0.5084,0.8584,0.4937
310,190,10,0.8778,0.5084,0.8584,0.4937
311,190,10,0.8778,0.5084,0.8584,0.4937
312,190,10,0.8778,0.5084,0.8584,0.4937
313,190,10,0.8778,0.5084,0.8584,0.4937
314,190,10,0.8778,0.5084,0.8584,0.4937
315,190,10,0.8778,0.5084,0.8584,0.4937
316,190,10,0.8778,0.5084,0.8584,0.4937
317,190,10,0.8778,0.5084,0.8584,0.4937
318,190,10,0.8778,0.5084,0.8584,0.4937
319,190,10,0.8778,0.5084,0.8584,0.4937
320,190,10,0.8778,0.5084,0.8584,0.4937
321,190,10,0.8778,0.5084,0.8584,0.4937
322,190,10,0.8778,0.5084,0.8584,0.4937
323,190,10,0.8778,0.5084,0.8584,0.4937
324,190,10,0.8778,0.5084,0.8584,0.4937
325,190,10,0.8778,0.5084,0.8584,0.4937
326,190,10,0.8778,0.5084,0.8584,0.4937
327,190,10,0.8778,0.5084,0.8584,0.4937
328,190,10,0.8778,0.5084,0.8584,0.4937
329,190,10,0.8778,0.5084,0.8584,0.4937
330,190,10,0.8778,0.5084,0.8584,0.4937
331,190,10,0.8778,0.5084,0.8584,0.4937
332,190,10,0.8778,0.5084,0.8584,0.4937
333,190,10,0.8778,0.5084,0.8584,0.4937
334,190,10,0.8778,0.5084,0.8584,0.4937
335,190,10,0.8778,0.5084,0.8584,0.4937
336,190,10,0.8778,0.5084,0.8584,0.4937
337,190,10,0.8778,0.5084,0.8584,0.4937
338,190,10,0.8778,0.5084,0.8584,0.4937
339,190,10,0.8778,0.5084,0.8584,0.4937
340,190,10,0.8778,0.5084,0.8584,0.4937
341,190,10,0.8778,0.5084,0.8584,0.4937
342,190,10,0.8778,0.5084,0.8584,0.4937
343,190,10,0.8778,0.5084,0.8584,0.4937
344,190,10,0.8778,0.5084,0.8584,0.4937
345,190,10,0.8778,0.5084,0.8584,0.4937
346,190,10,0.8778,0.5084,0.8584,0.4937
347,190,10,0.8778,0.5084,0.8584,0.4937
348,190,10,0.8778,0.5084,0.8584,0.4937
349,190,10,0.8778,0.5084,0.8584,0.4937
350,190,10,0.8778,0.5084,0.8584,0.4937
351,190,10,0.8778,0.5084,0.8584,0.4937
352,190,10,0.8778,0.5084,0.8584,0.4937
353,190,10,0.8778,0.5084,0.8584,0.4937
354,190,10,0.8778,0.5084,0.8584,0.4937
355,190,10,0.8778,0.5084,0.8584,0.4937
356,190,10,0.8778,0.5084,0.8584,0.4937
357,190,10,0.8778,0.5084,0.8584,0.4937
358,190,10,0.8778,0.5084,0.8584,0.4937
359,190,10,0.8778,0.5084,0.8584,0.4937
360,190,10,0.8778,0.5084,0.8584,0.4937
361,190,10,0.8778,0.5084,0.8584,0.4937
362,190,10,0.8778,0.5084,0.8584,0.4937
363,190,10,0.8778,0.5084,0.8584,0.4937
364,190,10,0.8778,0.5084,0.8584,0.4937
365,190,10,0.8778,0.5084,0.8584,0.4937
366,190,10,0.8778,0.5084,0.8584,0.4937
367,190,10,0.8778,0.5084,0.8584,0.4937
368,190,10,0.8778,0.5084,0.8584,0.4937
369,190,10,0.8778,0.5084,0.8584,0.4937
370,190,10,0.8778,0.5084,0.8584,0.4937
371,190,10,0.8778,0.5084,0.8584,0.4937
372,190,10,0.8778,0.5084,0.8584,0.4937
373,190,10,0.8778,0.5084,0.8584,0.4937
374,190,10,0.8778,0.5084,0.8584,0.4937
375,190,10,0.8778,0.5084,0.8584,0.4937
376,190,10,0.8778,0.5084,0.8584,0.4937
377,190,10,0.8778,0.5084,0.8584,0.4937
378,190,10,0.8778,0.5084,0.8584,0.4937
379,190,10,0.8778,0.5084,0.8584,0.4937
380,190,10,0.8778,0.5084,0.8584,0.4937
381,190,10,0.8778,0.5084,0.8584,0.4937
382,190,10,0.8778,0.5084,0.8584,0.4937
383,190,10,0.8778,0.5084,0.8584,0.4937
384,190,10,0.8778,0.5084,0.8584,0.4937
385,190,10,0.8778,0.5084,0.8584,0.4937
386,190,10,0.8778,0.5084,0.8584,0.4937
387,190,10,0.8778,0.5084,0.8584,0.4937
388,190,10,0.8778,0.5084,0.8584,0.4937
389,190,10,0.8778,0.5084,0.8584,0.4937
390,190,10,0.8778,0.5084,0.8584,0.4937
391,190,10,0.8778,0.5084,0.8584,0.4937
392,190,10,0.8778,0.5084,0.8584,0.4937
393,190,10,0.8778,0.5084,0.8584,0.4937
394,190,10,0.8778,0.5084,0.8584,0.4937
395,190,10,0.8778,0.5084,0.8584,0.4937
396,190,10,0.8778,0.5084,0.8584,0.4937
397,190,10,0.8778,0.5084,0.8584,0.4937
398,190,10,0.8778,0.5084,0.8584,0.4937
399,190,10,0.8778,0.5084,0.8584,0.4937
400,190,10,0.8778,0.5084,0.8584,0.4937
401,190,10,0.8778,0.5084,0.8584,0.4937
402,190,10,0.8778,0.5084,0.8584,0.4937
403,190,10,0.8778,0.5084,0.8584,0.4937
404,190,10,0.8778,0.5084,0.8584,0.4937
405,190,10,0.8778,0.5084,0.8584,0.4937
406,190,10,0.8778,0.5084,0.8584,0.4937
407,190,10,0.8778,0.5084,0.8584,0.4937
408,190,10,0.8778,0.5084,0.8584,0.4937
409,190,10,0.8778,0.5084,0.8584,0.4937
410,190,10,0.8778,0.5084,0.8584,0.4937
411,190,10,0.8778,0.5084,0.8584,0.4937
412,190,10,0.8778,0.5084,0.8584,0.4937
413,190,10,0.8778,0.5084,0.8584,0.4937
414,190,10,0.8778,0.5084,0.8584,0.4937
415,190,10,0.8778,0.5084,0.8584,0.4937
416,190,10,0.8778,0.5084,0.8584,0.4937
417,190,10,0.8778,0.5084,0.8584,0.4937
418,190,10,0.8778,0.5084,0.8584,0.4937
419,190,10,0.8778,0.5084,0.8584,0.4937
420,190,10,0.8778,0.5084,0.8584,0.4937
421,190,10,0.8778,0.5084,0.8584,0.4937
422,190,10,0.8778,0.5084,0.8584,0.4937
423,190,10,0.8778,0.5084,0.8584,0.4937
424,190,10,0.8778,0.5084,0.8584,0.4937
425,190,10,0.8778,0.5084,0.8584,0.4937
426,190,10,0.8778,0.5084,0.8584,0.4937
427,190,10,0.8778,0.5084,0.8584,0.4937
428,190,10,0.8778,0.5084,0.8584,0.4937
429,190,10,0.8778,0.5084,0.8584,0.4937
430,190,10,0.8778,0.5084,0.8584,0.4937
431,190,10,0.8778,0.5084,0.8584,0.4937
432,190,10,0.8778,0.5084,0.8584,0.4937
433,190,10,0.8778,0.5084,0.8584,0.4937
434,190,10,0.8778,0.5084,0.8584,0.4937
435,190,10,0.8778,0.5084,0.8584,0.4937
436,190,10,0.8778,0.5084,0.8584,0.4937
437,190,10,0.8778,0.5084,0.8584,0.4937
438,190,10,0.8778,0.5084,0.8584,0.4937
439,190,10,0.8778,0.5084,0.8584,0.4937
440,190,10,0.8778,0.5084,0.8584,0.4937
441,190,10,0.8778,0.5084,0.8584,0.4937
442,190,10,0.8778,0.5084,0.8584,0.4937
443,190,10,0.8778,0.5084,0.8584,0.4937
444,190,10,0.8778,0.5084,0.8584,0.4937
445,190,10,0.8778,0.5084,0.8584,0.4937
446,190,10,0.8778,0.5084,0.8584,0.4937
447,190,10,0.8778,0.5084,0.8584,0.4937
448,190,10,0.8778,0.5084,0.8584,0.4937
449,190,10,0.8778,0.5084,0.8584,0.4937
450,190,10,0.8778,0.5084,0.8584,0.4937
451,190,10,0.8778,0.5084,0.8584,0.4937
452,190,10,0.8778,0.5084,0.8584,0.4937
453,190,10,0.8778,0.5084,0.8584,0.4937
454,190,10,0.8778,0.5084,0.8584,0.4937
455,190,10,0.8778,0.5084,0.8584,0.4937
456,190,10,0.8778,0.5084,0.8584,0.4937
457,190,10,0.8778,0.5084,0.8584,0.4937
458,190,10,0.8778,0.5084,0.8584,0.4937
459,190,10,0.8778,0.5084,0.8584,0.4937
460,190,10,0.8778,0.5084,0.8584,0.4937
461,190,10,0.8778,0.5084,0.8584,0.4937
462,190,10,0.8778,0.5084,0.8584,0.4937
463,190,10,0.8778,0.5084,0.8584,0.4937
464,190,10,0.8778,0.5084,0.8584,0.4937
465,190,10,0.8778,0.5084,0.8584,0.4937
466,190,10,0.8778,0.5084,0.8584,0.4937
467,190,10,0.8778,0.5084,0.8584,0.4937
468,190,10,0.8778,0.5084,0.8584,0.4937
469,190,10,0.8778,0.5084,0.8584,0.4937
470,190,10,0.8778,0.5084,0.8584,0.4937
471,190,10,0.8778,0.5084,0.8584,0.4937
472,190,10,0.8778,0.5084,0.8584,0.4937
473,190,10,0.8778,0.5084,0.8584,0.4937
474,190,10,0.8778,0.5084,0.8584,0.4937
475,190,10,0.8778,0.5084,0.8584,0.4937
476,190,10,0.8778,0.5084,0.8584,0.4937
477,190,10,0.8778,0.5084,0.8584,0.4937
478,190,10,0.8778,0.5084,0.8584,0.4937
479,190,10,0.8778,0.5084,0.8584,0.4937
480,190,10,0.8778,0.5084,0.8584,0.4937
481,190,10,0.8778,0.5084,0.8584,0.4937
482,190,10,0.8778,0.5084,0.8584,0.4937
483,190,10,0.8778,0.5084,0.8584,0.4937
484,190,10,0.8778,0.5084,0.8584,0.4937
485,190,10,0.8778,0.5084,0.8584,0.4937
486,190,10,0.8778,0.5084,0.8584,0.4937
487,190,10,0.8778,0.5084,0.8584,0.4937
488,190,10,0.8778,0.5084,0.8584,0.4937
489,190,10,0.8778,0.5084,0.8584,0.4937
490,190,10,0.8778,0.5084,0.8584,0.4937
491,190,10,0.8778,0.5084,0.8584,0.4937
492,190,10,0.8778,0.5084,0.8584,0.4937
493,190,10,0.8778,0.5084,0.8584,0.4937
494,190,10,0.8778,0.5084,0.8584,0.4937
495,190,10,0.8778,0.5084,0.8584,0.4937
496,190,10,0.8778,0.5084,0.8584,0.4937
497,190,10,0.8778,0.5084,0.8584,0.4937
498,190,10,0.8778,0.5084,0.8584,0.4937
499,190,10,0.8778,0.5084,0.8584,0.4937
500,190,10,0.8778,0.5084,0.8584,0.4937
501,190,10,0.8778,0.5084,0.8584,0.4937
502,190,10,0.8778,0.5084,0.8584,0.4937
503,190,10,0.8778,0.5084,0.8584,0.4937
504,190,10,0.8778,0.5084,0.8584,0.4937
505,190,10,0.8778,0.5084,0.8584,0.4937
506,190,10,0.8778,0.5084,0.8584,0.4937
507,190,10,0.8778,0.5084,0.8584,0.4937
508,190,10,0.8778,0.5084,0.8584,0.4937
509,190,10,0.8778,0.5084,0.8584,0.4937
510,190,10,0.8778,0.5084,0.8584,0.4937
511,190,10,0.8778,0.5084,0.8584,0.4937
512,190,10,0.8778,0.5084,0.8584,0.4937
513,190,10,0.8778,0.5084,0.8584,0.4937
514,190,10,0.8778,0.5084,0.8584,0.4937
515,190,10,0.8778,0.5084,0.8584,0.4937
516,190,10,0.8778,0.5084,0.8584,0.4937
517,190,10,0.8778,0.5084,0.8584,0.4937
518,190,10,0.8778,0.5084,0.8584,0.4937
519,190,10,0.8778,0.5084,0.8584,0.4937
520,190,10,0.8778,0.5084,0.8584,0.4937
521,190,10,0.8778,0.5084,0.8584,0.4937
522,190,10,0.8778,0.5084,0.8584,0.4937
523,190,10,0.8778,0.5084,0.8584,0.4937
524,190,10,0.8778,0.5084,0.8584,0.4937
525,190,10,0.8778,0.5084,0.8584,0.4937
526,190,10,0.8778,0.5084,0.8584,0.4937
527,190,10,0.8778,0.5084,0.8584,0.4937
528,190,10,0.8778,0.5084,0.8584,0.4937
529,190,10,0.8778,0.5084,0.8584,0.4937
530,190,10,0.8778,0.5084,0.8584,0.4937
531,190,10,0.8778,0.5084,0.8584,0.4937
532,190,10,0.8778,0.5084,0.8584,0.4937
533,190,10,0.8778,0.5084,0.8584,0.4937
534,190,10,0.8778,0.5084,0.8584,0.4937
535,190,10,0.8778,0.5084,0.8584,0.4937
536,190,10,0.8778,0.5084,0.8584,0.4937
537,190,10,0.8778,0.5084,0.8584,0.4937
538,190,10,0.8778,0.5084,0.8584,0.4937
539,190,10,0.8778,0.5084,0.8584,0.4937
540,190,10,0.8778,0.5084,0.8584,0.4937
541,190,10,0.8778,0.5084,0.8584,0.4937
542,190,10,0.8778,0.5084,0.8584,0.4937
543,190,10,0.8778,0.5084,0.8584,0.4937
544,190,10,0.8778,0.5084,0.8584,0.4937
545,190,10,0.8778,0.5084,0.8584,0.4937
546,190,10,0.8778,0.5084,0.8584,0.4937
547,190,10,0.8778,0.5084,0.8584,0.4937
548,190,10,0.8778,0.5084,0.8584,0.4937
549,190,10,0.8778,0.5084,0.8584,0.4937
550,190,10,0.8778,0.5084,0.8584,0.4937
551,190,10,0.8778,0.5084,0.8584,0.4937
552,190,10,0.8778,0.5084,0.8584,0.4937
553,190,10,0.8778,0.5084,0.8584,0.4937
554,190,10,0.8778,0.5084,0.8584,0.4937
555,190,10,0.8778,0.5084,0.8584,0.4937
556,190,10,0.8778,0.5084,0.8584,0.4937
557,190,10,0.8778,0.5084,0.8584,0.4937
558,190,10,0.8778,0.5084,0.8584,0.4937
559,190,10,0.8778,0.5084,0.8584,0.4937
560,190,10,0.8778,0.5084,0.8584,0.4937
561,190,10,0.8778,0.5084,0.8584,0.4937
562,190,10,0.8778,0.5084,0.8584,0.4937
563,190,10,0.8778,0.5084,0.8584,0.4937
564,190,10,0.8778,0.5084,0.8584,0.4937
565,190,10,0.8778,0.5084,0.8584,0.4937
566,190,10,0.8778,0.5084,0.8584,0.4937
567,190,10,0.8778,0.5084,0.8584,0.4937
568,190,10,0.8778,0.5084,0.8584,0.4937
569,190,10,0.8778,0.5084,0.8584,0.4937
570,190,10,0.8778,0.5084,0.8584,0.4937
571,190,10,0.8778,0.5084,0.8584,0.4937
572,190,10,0.8778,0.5084,0.8584,0.4937
573,190,10,0.8778,0.5084,0.8584,0.4937
574,190,10,0.8778,0.5084,0.8584,0.4937
575,190,10,0.8778,0.5084,0.8584,0.4937
576,190,10,0.8778,0.5084,0.8584,0.4937
577,190,10,0.8778,0.5084,0.8584,0.4937
578,190,10,0.8778,0.5084,0.8584,0.4937
579,190,10,0.8778,0.5084,0.8584,0.4937
580,190,10,0.8778,0.5084,0.8584,0.4937
581,190,10,0.8778,0.5084,0.8584,0.4937
582,190,10,0.8778,0.5084,0.8584,0.4937
583,190,10,0.8778,0.5084,0.8584,0.4937
584,190,10,0.8778,0.5084,0.8584,0.4937
585,190,10,0.8778,0.5084,0.8584,0.4937
586,190,10,0.8778,0.5084,0.8584,0.4937
587,190,10,0.8778,0.5084,0.8584,0.4937
588,190,10,0.8778,0.5084,0.8584,0.4937
589,190,10,0.8778,0.5084,0.8584,0.4937
590,190,10,0.8778,0.5084,0.8584,0.4937
591,190,10,0.8778,0.5084,0.8584,0.4937
592,190,10,0.8778,0.5084,0.8584,0.4937
593,190,10,0.8778,0.5084,0.8584,0.4937
594,190,10,0.8778,0.5084,0.8584,0.4937
595,190,10,0.8778,0.5084,0.8584,0.4937
596,190,10,0.8778,0.5084,0.8584,0.4937
597,190,10,0.8778,0.5084,0.8584,0.4937
598,190,10,0.8778,0.5084,0.8584,0.4937
599,190,10,0.8778,0.5084,0.8584,0.4937
600,190,10,0.8778,0.5084,0.8584,0.4937
601,190,10,0.8778,0.5084,0.8584,0.4937
602,190,10,0.8778,0.5084,0.8584,0.4937
603,190,10,0.8778,0.5084,0.8584,0.4937
604,190,10,0.8778,0.5084,0.8584,0.4937
605,190,10,0.8778,0.5084,0.8584,0.4937
606,190,10,0.8778,0.5084,0.8584,0.4937
607,190,10,0.8778,0.5084,0.8584,0.4937
608,190,10,0.8778,0.5084,0.8584,0.4937
609,190,10,0.8778,0.5084,0.8584,0.4937
610,190,10,0.8778,0.5084,0.8584,0.4937
611,190,10,0.8778,0.5084,0.8584,0.4937
612,190,10,0.8778,0.5084,0.8584,0.4937
613,190,10,0.8778,0.5084,0.8584,0.4937
614,190,10,0.8778,0.5084,0.8584,0.4937
615,190,10,0.8778,0.5084,0.8584,0.4937
616,190,10,0.8778,0.5084,0.8584,0.4937
617,190,10,0.8778,0.5084,0.8584,0.4937
618,190,10,0.8778,0.5084,0.8584,0.4937
619,190,10,0.8778,0.5084,0.8584,0.4937
620,190,10,0.8778,0.5084,0.8584,0.4937
621,190,10,0.8778,0.5084,0.8584,0.4937
622,190,10,0.8778,0.5084,0.8584,0.4937
623,190,10,0.8778,0.5084,0.8584,0.4937
624,190,10,0.8778,0.5084,0.8584,0.4937
625,190,10,0.8778,0.5084,0.8584,0.4937
626,190,10,0.8778,0.5084,0.8584,0.4937
627,190,10,0.8778,0.5084,0.8584,0.4937
628,190,10,0.8778,0.5084,0.8584,0.4937
629,190,10,0.8778,0.5084,0.8584,0.4937
630,190,10,0.8778,0.5084,0.8584,0.4937
631,190,10,0.8778,0.5084,0.8584,0.4937
632,190,10,0.8778,0.5084,0.8584,0.4937
633,190,10,0.8778,0.5084,0.8584,0.4937
634,190,10,0.8778,0.5084,0.8584,0.4937
635,190,10,0.8778,0.5084,0.8584,0.4937
636,190,10,0.8778,0.5084,0.8584,0.4937
637,190,10,0.8778,0.5084,0.8584,0.4937
638,190,10,0.8778,0.5084,0.8584,0.4937
639,190,10,0.8778,0.5084,0.8584,0.4937
640,190,10,0.8778,0.5084,0.8584,0.4937
641,190,10,0.8778,0.5084,0.8584,0.4937
642,190,10,0.8778,0.5084,0.8584,0.4937
643,190,10,0.8778,0.5084,0.8584,0.4937
644,190,10,0.8778,0.5084,0.8584,0.4937
645,190,10,0.8778,0.5084,0.8584,0.4937
646,190,10,0.8778,0.5084,0.8584,0.4937
647,190,10,0.8778,0.5084,0.8584,0.4937
648,190,10,0.8778,0.5084,0.8584,0.4937
649,190,10,0.8778,0.5084,0.8584,0.4937
650,190,10,0.8778,0.5084,0.8584,0.4937
651,190,10,0.8778,0.5084,0.8584,0.4937
652,190,10,0.8778,0.5084,0.8584,0.4937
653,190,10,0.8778,0.5084,0.8584,0.4937
654,190,10,0.8778,0.5084,0.8584,0.4937
655,190,10,0.8778,0.5084,0.8584,0.4937
656,190,10,0.8778,0.5084,0.8584,0.4937
657,190,10,0.8778,0.5084,0.8584,0.4937
658,190,10,0.8778,0.5084,0.8584,0.4937
659,190,10,0.8778,0.5084,0.8584,0.4937
660,190,10,0.8778,0.5084,0.8584,0.4937
661,190,10,0.8778,0.5084,0.8584,0.4937
662,190,10,0.8778,0.5084,0.8584,0.4937
663,190,10,0.8778,0.5084,0.8584,0.4937
664,190,10,0.8778,0.5084,0.8584,0.4937
665,190,10,0.8778,0.5084,0.8584,0.4937
666,190,10,0.8778,0.5084,0.8584,0.4937
667,190,10,0.8778,0.5084,0.8584,0.4937
668,190,10,0.8778,0.5084,0.8584,0.4937
669,190,10,0.8778,0.5084,0.8584,0.4937
670,190,10,0.8778,0.5084,0.8584,0.4937
671,190,10,0.8778,0.5084,0.8584,0.4937
672,190,10,0.8778,0.5084,0.8584,0.4937
673,190,10,0.8778,0.5084,0.8584,0.4937
674,190,10,0.8778,0.5084,0.8584,0.4937
675,190,10,0.8778,0.5084,0.8584,0.4937
676,190,10,0.8778,0.5084,0.8584,0.4937
677,190,10,0.8778,0.5084,0.8584,0.4937
678,190,10,0.8778,0.5084,0.8584,0.4937
679,190,10,0.8778,0.5084,0.8584,0.4937
680,190,10,0.8778,0.5084,0.8584,0.4937
681,190,10,0.8778,0.5084,0.8584,0.4937
682,190,10,0.8778,0.5084,0.8584,0.4937
683,190,10,0.8778,0.5084,0.8584,0.4937
684,190,10,0.8778,0.5084,0.8584,0.4937
685,190,10,0.8778,0.5084,0.8584,0.4937
686,190,10,0.8778,0.5084,0.8584,0.4937
687,190,10,0.8778,0.5084,0.8584,0.4937
688,190,10,0.8778,0.5084,0.8584,0.4937
689,190,10,0.8778,0.5084,0.8584,0.4937
690,190,10,0.8778,0.5084,0.8584,0.4937
691,190,10,0.8778,0.5084,0.8584,0.4937
692,190,10,0.8778,0.5084,0.8584,0.4937
693,190,10,0.8778,0.5084,0.8584,0.4937
694,190,10,0.8778,0.5084,0.8584,0.4937
695,190,10,0.8778,0.5084,0.8584,0.4937
696,190,10,0.8778,0.5084,0.8584,0.4937
697,190,10,0.8778,0.5084,0.8584,0.4937
698,190,10,0.8778,0.5084,0.8584,0.4937
699,190,10,0.8778,0.5084,0.8584,0.4937
700,190,10,0.8778,0.5084,0.8584,0.4937
701,190,10,0.8778,0.5084,0.8584,0.4937
702,190,10,0.8778,0.5084,0.8584,0.4937
703,190,10,0.8778,0.5084,0.8584,0.4937
704,190,10,0.8778,0.5084,0.8584,0.4937
705,190,10,0.8778,0.5084,0.8584,0.4937
706,190,10,0.8778,0.5084,0.8584,0.4937
707,190,10,0.8778,0.5084,0.8584,0.4937
708,190,10,0.8778,0.5084,0.8584,0.4937
709,190,10,0.8778,0.5084,0.8584,0.4937
710,190,10,0.8778,0.5084,0.8584,0.4937
711,190,10,0.8778,0.5084,0.8584,0.4937
712,190,10,0.8778,0.5084,0.8584,0.4937
713,190,10,0.8778,0.5084,0.8584,0.4937
714,190,10,0.8778,0.5084,0.8584,0.4937
715,190,10,0.8778,0.5084,0.8584,0.4937
716,190,10,0.8778,0.5084,0.8584,0.4937
717,190,10,0.8778,0.5084,0.8584,0.4937
718,190,10,0.8778,0.5084,0.8584,0.4937
719,190,10,0.8778,0.5084,0.8584,0.4937
720,190,10,0.8778,0.5084,0.8584,0.4937
721,190,10,0.8778,0.5084,0.8584,0.4937
722,190,10,0.8778,0.5084,0.8584,0.4937
723,190,10,0.8778,0.5084,0.8584,0.4937
724,190,10,0.8778,0.5084,0.8584,0.4937
725,190,10,0.8778,0.5084,0.8584,0.4937
726,190,10,0.8778,0.5084,0.8584,0.4937
727,190,10,0.8778,0.5084,0.8584,0.4937
728,190,10,0.8778,0.5084,0.8584,0.4937
729,190,10,0.8778,0.5084,0.8584,0.4937
730,190,10,0.8778,0.5084,0.8584,0.4937
731,190,10,0.8778,0.5084,0.8584,0.4937
732,190,10,0.8778,0.5084,0.8584,0.4937
733,190,10,0.8778,0.5084,0.8584,0.4937
734,190,10,0.8778,0.5084,0.8584,0.4937
735,190,10,0.8778,0.5084,0.8584,0.4937
736,190,10,0.8778,0.5084,0.8584,0.4937
737,190,10,0.8778,0.5084,0.8584,0.4937
738,190,10,0.8778,0.5084,0.8584,0.4937
739,190,10,0.8778,0.5084,0.8584,0.4937
740,190,10,0.8778,0.5084,0.8584,0.4937
741,190,10,0.8778,0.5084,0.8584,0.4937
742,190,10,0.8778,0.5084,0.8584,0.4937
743,190,10,0.8778,0.5084,0.8584,0.4937
744,190,10,0.8778,0.5084,0.8584,0.4937
745,190,10,0.8778,0.5084,0.8584,0.4937
746,190,10,0.8778,0.5084,0.8584,0.4937
747,190,10,0.8778,0.5084,0.8584,0.4937
748,190,10,0.8778,0.5084,0.8584,0.4937
749,190,10,0.8778,0.5084,0.8584,0.4937
750,190,10,0.8778,0.5084,0.8584,0.4937
751,190,10,0.8778,0.5084,0.8584,0.4937
752,190,10,0.8778,0.5084,0.8584,0.4937
753,190,10,0.8778,0.5084,0.8584,0.4937
754,190,10,0.8778,0.5084,0.8584,0.4937
755,190,10,0.8778,0.5084,0.8584,0.4937
756,190,10,0.8778,0.5084,0.8584,0.4937
757,190,10,0.8778,0.5084,0.8584,0.4937
758,190,10,0.8778,0.5084,0.8584,0.4937
759,190,10,0.8778,0.5084,0.8584,0.4937
760,190,10,0.8778,0.5084,0.8584,0.4937
761,190,10,0.8778,0.5084,0.8584,0.4937
762,190,10,0.8778,0.5084,0.8584,0.4937
763,190,10,0.8778,0.5084,0.8584,0.4937
764,190,10,0.8778,0.5084,0.8584,0.4937
765,190,10,0.8778,0.5084,0.8584,0.4937
766,190,10,0.8778,0.5084,0.8584,0.4937
767,190,10,0.8778,0.5084,0.8584,0.4937
768,190,10,0.8778,0.5084,0.8584,0.4937
769,190,10,0.8778,0.5084,0.8584,0.4937
770,190,10,0.8778,0.5084,0.8584,0.4937
771,190,10,0.8778,0.5084,0.8584,0.4937
772,190,10,0.8778,0.5084,0.8584,0.4937
773,190,10,0.8778,0.5084,0.8584,0.4937
774,190,10,0.8778,0.5084,0.8584,0.4937
775,190,10,0.8778,0.5084,0.8584,0.4937
776,190,10,0.8778,0.5084,0.8584,0.4937
777,190,10,0.8778,0.5084,0.8584,0.4937
778,190,10,0.8778,0.5084,0.8584,0.4937
779,190,10,0.8778,0.5084,0.8584,0.4937
780,190,10,0.8778,0.5084,0.8584,0.4937
781,190,10,0.8778,0.5084,0.8584,0.4937
782,190,10,0.8778,0.5084,0.8584,0.4937
783,190,10,0.8778,0.5084,0.8584,0.4937
784,190,10,0.8778,0.5084,0.8584,0.4937
785,190,10,0.8778,0.5084,0.8584,0.4937
786,190,10,0.8778,0.5084,0.8584,0.4937
787,190,10,0.8778,0.5084,0.8584,0.4937
788,190,10,0.8778,0.5084,0.8584,0.4937
789,190,10,0.8778,0.5084,0.8584,0.4937
790,190,10,0.8778,0.5084,0.8584,0.4937
791,190,10,0.8778,0.5084,0.8584,0.4937
792,190,10,0.8778,0.5084,0.8584,0.4937
793,190,10,0.8778,0.5084,0.8584,0.4937
794,190,10,0.8778,0.5084,0.8584,0.4937
795,190,10,0.8778,0.5084,0.8584,0.4937
796,190,10,0.8778,0.5084,0.8584,0.4937
797,190,10,0.8778,0.5084,0.8584,0.4937
798,190,10,0.8778,0.5084,0.8584,0.4937
799,190,10,0.8778,0.5084,0.8584,0.4937
800,190,10,0.8778,0.5084,0.8584,0.4937
801,190,10,0.8778,0.5084,0.8584,0.4937
802,190,10,0.8778,0.5084,0.8584,0.4937
803,190,10,0.8778,0.5084,0.8584,0.4937
804,190,10,0.8778,0.5084,0.8584,0.4937
805,190,10,0.8778,0.5084,0.8584,0.4937
806,190,10,0.8778,0.5084,0.8584,0.4937
807,190,10,0.8778,0.5084,0.8584,0.4937
808,190,10,0.8778,0.5084,0.8584,0.4937
809,190,10,0.8778,0.5084,0.8584,0.4937
810,190,10,0.8778,0.5084,0.8584,0.4937
811,190,10,0.8778,0.5084,0.8584,0.4937
812,190,10,0.8778,0.5084,0.8584,0.4937
813,190,10,0.8778,0.5084,0.8584,0.4937
814,190,10,0.8778,0.5084,0.8584,0.4937
815,190,10,0.8778,0.5084,0.8584,0.4937
816,190,10,0.8778,0.5084,0.8584,0.4937
817,190,10,0.8778,0.5084,0.8584,0.4937
818,190,10,0.8778,0.5084,0.8584,0.4937
819,190,10,0.8778,0.5084,0.8584,0.4937
820,190,10,0.8778,0.5084,0.8584,0.4937
821,190,10,0.8778,0.5084,0.8584,0.4937
822,190,10,0.8778,0.5084,0.8584,0.4937
823,190,10,0.8778,0.5084,0.8584,0.4937
824,190,10,0.8778,0.5084,0.8584,0.4937
825,190,10,0.8778,0.5084,0.8584,0.4937
826,190,10,0.8778,0.5084,0.8584,0.4937
827,190,10,0.8778,0.5084,0.8584,0.4937
828,190,10,0.8778,0.5084,0.8584,0.4937
829,190,10,0.8778,0.5084,0.8584,0.4937
830,190,10,0.8778,0.5084,0.8584,0.4937
831,190,10,0.8778,0.5084,0.8584,0.4937
832,190,10,0.8778,0.5084,0.8584,0.4937
833,190,10,0.8778,0.5084,0.8584,0.4937
834,190,10,0.8778,0.5084,0.8584,0.4937
835,190,10,0.8778,0.5084,0.8584,0.4937
836,190,10,0.8778,0.5084,0.8584,0.4937
837,190,10,0.8778,0.5084,0.8584,0.4937
838,190,10,0.8778,0.5084,0.8584,0.4937
839,190,10,0.8778,0.5084,0.8584,0.4937
840,190,10,0.8778,0.5084,0.8584,0.4937
841,190,10,0.8778,0.5084,0.8584,0.4937
842,190,10,0.8778,0.5084,0.8584,0.4937
843,190,10,0.8778,0.5084,0.8584,0.4937
844,190,10,0.8778,0.5084,0.8584,0.4937
845,190,10,0.8778,0.5084,0.8584,0.4937
846,190,10,0.8778,0.5084,0.8584,0.4937
847,190,10,0.8778,0.5084,0.8584,0.4937
848,190,10,0.8778,0.5084,0.8584,0.4937
849,190,10,0.8778,0.5084,0.8584,0.4937
850,190,10,0.8778,0.5084,0.8584,0.4937
851,190,10,0.8778,0.5084,0.8584,0.4937
852,190,10,0.8778,0.5084,0.8584,0.4937
853,190,10,0.8778,0.5084,0.8584,0.4937
854,190,10,0.8778,0.5084,0.8584,0.4937
855,190,10,0.8778,0.5084,0.8584,0.4937
856,190,10,0.8778,0.5084,0.8584,0.4937
857,190,10,0.8778,0.5084,0.8584,0.4937
858,190,10,0.8778,0.5084,0.8584,0.4937
859,190,10,0.8778,0.5084,0.8584,0.4937
860,190,10,0.8778,0.5084,0.8584,0.4937
861,190,10,0.8778,0.5084,0.8584,0.4937
862,190,10,0.8778,0.5084,0.8584,0.4937
863,190,10,0.8778,0.5084,0.8584,0.4937
864,190,10,0.8778,0.5084,0.8584,0.4937
865,190,10,0.8778,0.5084,0.8584,0.4937
866,190,10,0.8778,0.5084,0.8584,0.4937
867,190,10,0.8778,0.5084,0.8584,0.4937
868,190,10,0.8778,0.5084,0.8584,0.4937
869,190,10,0.8778,0.5084,0.8584,0.4937
870,190,10,0.8778,0.5084,0.8584,0.4937
871,190,10,0.8778,0.5084,0.8584,0.4937
872,190,10,0.8778,0.5084,0.8584,0.4937
873,190,10,0.8778,0.5084,0.8584,0.4937
874,190,10,0.8778,0.5084,0.8584,0.4937
875,190,10,0.8778,0.5084,0.8584,0.4937
876,190,10,0.8778,0.5084,0.8584,0.4937
877,190,10,0.8778,0.5084,0.8584,0.4937
878,190,10,0.8778,0.5084,0.8584,0.4937
879,190,10,0.8778,0.5084,0.8584,0.4937
880,190,10,0.8778,0.5084,0.8584,0.4937
881,190,10,0.8778,0.5084,0.8584,0.4937
882,190,10,0.8778,0.5084,0.8584,0.4937
883,190,10,0.8778,0.5084,0.8584,0.4937
884,190,10,0.8778,0.5084,0.8584,0.4937
885,190,10,0.8778,0.5084,0.8584,0.4937
886,190,10,0.8778,0.5084,0.8584,0.4937
887,190,10,0.8778,0.5084,0.8584,0.4937
888,190,10,0.8778,0.5084,0.8584,0.4937
889,190,10,0.8778,0.5084,0.8584,0.4937
890,190,10,0.8778,0.5084,0.8584,0.4937
891,190,10,0.8778,0.5084,0.8584,0.4937
892,190,10,0.8778,0.5084,0.8584,0.4937
893,190,10,0.8778,0.5084,0.8584,0.4937
894,190,10,0.8778,0.5084,0.8584,0.4937
895,190,10,0.8778,0.5084,0.8584,0.4937
896,190,10,0.8778,0.5084,0.8584,0.4937
897,190,10,0.8778,0.5084,0.8584,0.4937
898,190,10,0.8778,0.5084,0.8584,0.4937
899,190,10,0.8778,0.5084,0.8584,0.4937
900,190,10,0.8778,0.5084,0.8584,0.4937
901,190,10,0.8778,0.5084,0.8584,0.4937
902,190,10,0.8778,0.5084,0.8584,0.4937
903,190,10,0.8778,0.5084,0.8584,0.4937
904,190,10,0.8778,0.5084,0.8584,0.4937
905,190,10,0.8778,0.5084,0.8584,0.4937
906,190,10,0.8778,0.5084,0.8584,0.4937
907,190,10,0.8778,0.5084,0.8584,0.4937
908,190,10,0.8778,0.5084,0.8584,0.4937
909,190,10,0.8778,0.5084,0.8584,0.4937
910,190,10,0.8778,0.5084,0.8584,0.4937
911,190,10,0.8778,0.5084,0.8584,0.4937
912,190,10,0.8778,0.5084,0.8584,0.4937
913,190,10,0.8778,0.5084,0.8584,0.4937
914,190,10,0.8778,0.5084,0.8584,0.4937
915,190,10,0.8778,0.5084,0.8584,0.4937
916,190,10,0.8778,0.5084,0.8584,0.4937
917,190,10,0.8778,0.5084,0.8584,0.4937
918,190,10,0.8778,0.5084,0.8584,0.4937
919,190,10,0.8778,0.5084,0.8584,0.4937
920,190,10,0.8778,0.5084,0.8584,0.4937
921,190,10,0.8778,0.5084,0.8584,0.4937
922,190,10,0.8778,0.5084,0.8584,0.4937
923,190,10,0.8778,0.5084,0.8584,0.4937
924,190,10,0.8778,0.5084,0.8584,0.4937
925,190,10,0.8778,0.5084,0.8584,0.4937
926,190,10,0.8778,0.5084,0.8584,0.4937
927,190,10,0.8778,0.5084,0.8584,0.4937
928,190,10,0.8778,0.5084,0.8584,0.4937
929,190,10,0.8778,0.5084,0.8584,0.4937
930,190,10,0.8778,0.5084,0.8584,0.4937
931,190,10,0.8778,0.5084,0.8584,0.4937
932,190,10,0.8778,0.5084,0.8584,0.4937
933,190,10,0.8778,0.5084,0.8584,0.4937
934,190,10,0.8778,0.5084,0.8584,0.4937
935,190,10,0.8778,0.5084,0.8584,0.4937
936,190,10,0.8778,0.5084,0.8584,0.4937
937,190,10,0.8778,0.5084,0.8584,0.4937
938,190,10,0.8778,0.5084,0.8584,0.4937
939,190,10,0.8778,0.5084,0.8584,0.4937
940,190,10,0.8778,0.5084,0.8584,0.4937
941,190,10,0.8778,0.5084,0.8584,0.4937
942,190,10,0.8778,0.5084,0.8584,0.4937
943,190,10,0.8778,0.5084,0.8584,0.4937
944,190,10,0.8778,0.5084,0.8584,0.4937
945,190,10,0.8778,0.5084,0.8584,0.4937
946,190,10,0.8778,0.5084,0.8584,0.4937
947,190,10,0.8778,0.5084,0.8584,0.4937
948,190,10,0.8778,0.5084,0.8584,0.4937
949,190,10,0.8778,0.5084,0.8584,0.4937
950,190,10,0.8778,0.5084,0.8584,0.4937
951,190,10,0.8778,0.5084,0.8584,0.4937
952,190,10,0.8778,0.5084,0.8584,0.4937
953,190,10,0.8778,0.5084,0.8584,0.4937
954,190,10,0.8778,0.5084,0.8584,0.4937
955,190,10,0.8778,0.5084,0.8584,0.4937
956,190,10,0.8778,0.5084,0.8584,0.4937
957,190,10,0.8778,0.5084,0.8584,0.4937
958,190,10,0.8778,0.5084,0.8584,0.4937
959,190,10,0.8778,0.5084,0.8584,0.4937
960,190,10,0.8778,0.5084,0.8584,0.4937
961,190,10,0.8778,0.5084,0.8584,0.4937
962,190,10,0.8778,0.5084,0.8584,0.4937
963,190,10,0.8778,0.5084,0.8584,0.4937
964,190,10,0.8778,0.5084,0.8584,0.4937
965,190,10,0.8778,0.5084,0.8584,0.4937
966,190,10,0.8778,0.5084,0.8584,0.4937
967,190,10,0.8778,0.5084,0.8584,0.4937
968,190,10,0.8778,0.5084,0.8584,0.4937
969,190,10,0.8778,0.5084,0.8584,0.4937
970,190,10,0.8778,0.5084,0.8584,0.4937
971,190,10,0.8778,0.5084,0.8584,0.4937
972,190,10,0.8778,0.5084,0.8584,0.4937
973,190,10,0.8778,0.5084,0.8584,0.4937
974,190,10,0.8778,0.5084,0.8584,0.4937
975,190,10,0.8778,0.5084,0.8584,0.4937
976,190,10,0.8778,0.5084,0.8584,0.4937
977,190,10,0.8778,0.5084,0.8584,0.4937
978,190,10,0.8778,0.5084,0.8584,0.4937
979,190,10,0.8778,0.5084,0.8584,0.4937
980,190,10,0.8778,0.5084,0.8584,0.4937
981,190,10,0.8778,0.5084,0.8584,0.4937
982,190,10,0.8778,0.5084,0.8584,0.4937
983,190,10,0.8778,0.5084,0.8584,0.4937
984,190,10,0.8778,0.5084,0.8584,0.4937
985,190,10,0.8778,0.5084,0.8584,0.4937
986,190,10,0.8778,0.5084,0.8584,0.4937
987,190,10,0.8778,0.5084,0.8584,0.4937
988,190,10,0.8778,0.5084,0.8584,0.4937
989,190,10,0.8778,0.5084,0.8584,0.4937
990,190,10,0.8778,0.5084,0.8584,0.4937
991,190,10,0.8778,0.5084,0.8584,0.4937
992,190,10,0.8778,0.5084,0.8584,0.4937
993,190,10,0.8778,0.5084,0.8584,0.4937
994,190,10,0.8778,0.5084,0.8584,0.4937
995,190,10,0.8778,0.5084,0.8584,0.4937
996,190,10,0.8778,0.5084,0.8584,0.4937
997,190,10,0.8778,0.5084,0.8584,0.4937
998,190,10,0.8778,0.5084,0.8584,0.4937
999,190,10,0.8778,0.5084,0.8584,0.4937
1000,190,10,0.8778,0.5084,0.8584,0.4937
1001,190,10,0.8778,0.5084,0.8584,0.4937
1002,190,10,0.8778,0.5084,0.8584,0.4937
1003,190,10,0.8778,0.5084,0.8584,0.4937
1004,190,10,0.8778,0.5084,0.8584,0.4937
1005,190,10,0.8778,0.5084,0.8584,0.4937
1006,190,10,0.8778,0.5084,0.8584,0.4937
1007,190,10,0.8778,0.5084,0.8584,0.4937
1008,190,10,0.8778,0.5084,0.8584,0.4937
1009,190,10,0.8778,0.5084,0.8584,0.4937
1010,190,10,0.8778,0.5084,0.8584,0.4937
1011,190,10,0.8778,0.5084,0.8584,0.4937
1012,190,10,0.8778,0.5084,0.8584,0.4937
1013,190,10,0.8778,0.5084,0.8584,0.4937
1014,190,10,0.8778,0.5084,0.8584,0.4937
1015,190,10,0.8778,0.5084,0.8584,0.4937
1016,190,10,0.8778,0.5084,0.8584,0.4937
1017,190,10,0.8778,0.5084,0.8584,0.4937
1018,190,10,0.8778,0.5084,0.8584,0.4937
1019,190,10,0.8778,0.5084,0.8584,0.4937
1020,190,10,0.8778,0.5084,0.8584,0.4937
1021,190,10,0.8778,0.5084,0.8584,0.4937
1022,190,10,0.8778,0.5084,0.8584,0.4937
1023,190,10,0.8778,0.5084,0.8584,0.4937
1024,190,10,0.8778,0.5084,0.8584,0.4937
1025,190,10,0.8778,0.5084,0.8584,0.4937
1026,190,10,0.8778,0.5084,0.8584,0.4937
1027,190,10,0.8778,0.5084,0.8584,0.4937
1028,190,10,0.8778,0.5084,0.8584,0.4937
1029,190,10,0.8778,0.5084,0.8584,0.4937
1030,190,10,0.8778,0.5084,0.8584,0.4937
1031,190,10,0.8778,0.5084,0.8584,0.4937
1032,190,10,0.8778,0.5084,0.8584,0.4937
1033,190,10,0.8778,0.5084,0.8584,0.4937
1034,190,10,0.8778,0.5084,0.8584,0.4937
1035,190,10,0.8778,0.5084,0.8584,0.4937
1036,190,10,0.8778,0.5084,0.8584,0.4937
1037,190,10,0.8778,0.5084,0.8584,0.4937
1038,190,10,0.8778,0.5084,0.8584,0.4937
1039,190,10,0.8778,0.5084,0.8584,0.4937
1040,190,10,0.8778,0.5084,0.8584,0.4937
1041,190,10,0.8778,0.5084,0.8584,0.4937
1042,190,10,0.8778,0.5084,0.8584,0.4937
1043,190,10,0.8778,0.5084,0.8584,0.4937
1044,190,10,0.8778,0.5084,0.8584,0.4937
1045,190,10,0.8778,0.5084,0.8584,0.4937
1046,190,10,0.8778,0.5084,0.8584,0.4937
1047,190,10,0.8778,0.5084,0.8584,0.4937
1048,190,10,0.8778,0.5084,0.8584,0.4937
1049,190,10,0.8778,0.5084,0.8584,0.4937
1050,190,10,0.8778,0.5084,0.8584,0.4937
1051,190,10,0.8778,0.5084,0.8584,0.4937
1052,190,10,0.8778,0.5084,0.8584,0.4937
1053,190,10,0.8778,0.5084,0.8584,0.4937
1054,190,10,0.8778,0.5084,0.8584,0.4937
1055,190,10,0.8778,0.5084,0.8584,0.4937
1056,190,10,0.8778,0.5084,0.8584,0.4937
1057,190,10,0.8778,0.5084,0.8584,0.4937
1058,190,10,0.8778,0.5084,0.8584,0.4937
1059,190,10,0.8778,0.5084,0.8584,0.4937
1060,190,10,0.8778,0.5084,0.8584,0.4937
1061,190,10,0.8778,0.5084,0.8584,0.4937
1062,190,10,0.8778,0.5084,0.8584,0.4937
1063,190,10,0.8778,0.5084,0.8584,0.4937
1064,190,10,0.8778,0.5084,0.8584,0.4937
1065,190,10,0.8778,0.5084,0.8584,0.4937
1066,190,10,0.8778,0.5084,0.8584,0.4937
1067,190,10,0.8778,0.5084,0.8584,0.4937
1068,190,10,0.8778,0.5084,0.8584,0.4937
1069,190,10,0.8778,0.5084,0.8584,0.4937
1070,190,10,0.8778,0.5084,0.8584,0.4937
1071,190,10,0.8778,0.5084,0.8584,0.4937
1072,190,10,0.8778,0.5084,0.8584,0.4937
1073,190,10,0.8778,0.5084,0.8584,0.4937
1074,190,10,0.8778,0.5084,0.8584,0.4937
1075,190,10,0.8778,0.5084,0.8584,0.4937
1076,190,10,0.8778,0.5084,0.8584,0.4937
1077,190,10,0.8778,0.5084,0.8584,0.4937
1078,190,10,0.8778,0.5084,0.8584,0.4937
1079,190,10,0.8778,0.5084,0.8584,0.4937
1080,190,10,0.8778,0.5084,0.8584,0.4937
1081,190,10,0.8778,0.5084,0.8584,0.4937
1082,190,10,0.8778,0.5084,0.8584,0.4937
1083,190,10,0.8778,0.5084,0.8584,0.4937
1084,190,10,0.8778,0.5084,0.8584,0.4937
1085,190,10,0.8778,0.5084,0.8584,0.4937
1086,190,10,0.8778,0.5084,0.8584,0.4937
1087,190,10,0.8778,0.5084,0.8584,0.4937
1088,190,10,0.8778,0.5084,0.8584,0.4937
1089,190,10,0.8778,0.5084,0.8584,0.4937
1090,190,10,0.8778,0.5084,0.8584,0.4937
1091,190,10,0.8778,0.5084,0.8584,0.4937
1092,190,10,0.8778,0.5084,0.8584,0.4937
1093,190,10,0.8778,0.5084,0.8584,0.4937
1094,190,10,0.8778,0.5084,0.8584,0.4937
1095,190,10,0.8778,0.5084,0.8584,0.4937
1096,190,10,0.8778,0.5084,0.8584,0.4937
1097,190,10,0.8778,0.5084,0.8584,0.4937
1098,190,10,0.8778,0.5084,0.8584,0.4937
1099,190,10,0.8778,0.5084,0.8584,0.4937
1100,190,10,0.8778,0.5084,0.8584,0.4937
1101,190,10,0.8778,0.5084,0.8584,0.4937
1102,190,10,0.8778,0.5084,0.8584,0.4937
1103,190,10,0.8778,0.5084,0.8584,0.4937
1104,190,10,0.8778,0.5084,0.8584,0.4937
1105,190,10,0.8778,0.5084,0.8584,0.4937
1106,190,10,0.8778,0.5084,0.8584,0.4937
1107,190,10,0.8778,0.5084,0.8584,0.4937
1108,190,10,0.8778,0.5084,0.8584,0.4937
1109,190,10,0.8778,0.5084,0.8584,0.4937
1110,190,10,0.8778,0.5084,0.8584,0.4937
1111,190,10,0.8778,0.5084,0.8584,0.4937
1112,190,10,0.8778,0.5084,0.8584,0.4937
1113,190,10,0.8778,0.5084,0.8584,0.4937
1114,190,10,0.8778,0.5084,0.8584,0.4937
1115,190,10,0.8778,0.5084,0.8584,0.4937
1116,190,10,0.8778,0.5084,0.8584,0.4937
1117,190,10,0.8778,0.5084,0.8584,0.4937
1118,190,10,0.8778,0.5084,0.8584,0.4937
1119,190,10,0.8778,0.5084,0.8584,0.4937
1120,190,10,0.8778,0.5084,0.8584,0.4937
1121,190,10,0.8778,0.5084,0.8584,0.4937
1122,190,10,0.8778,0.5084,0.8584,0.4937
1123,190,10,0.8778,0.5084,0.8584,0.4937
1124,190,10,0.8778,0.5084,0.8584,0.4937
1125,190,10,0.8778,0.5084,0.8584,0.4937
1126,190,10,0.8778,0.5084,0.8584,0.4937
1127,190,10,0.8778,0.5084,0.8584,0.4937
1128,190,10,0.8778,0.5084,0.8584,0.4937
1129,190,10,0.8778,0.5084,0.8584,0.4937
1130,190,10,0.8778,0.5084,0.8584,0.4937
1131,190,10,0.8778,0.5084,0.8584,0.4937
1132,190,10,0.8778,0.5084,0.8584,0.4937
1133,190,10,0.8778,0.5084,0.8584,0.4937
1134,190,10,0.8778,0.5084,0.8584,0.4937
1135,190,10,0.8778,0.5084,0.8584,0.4937
1136,190,10,0.8778,0.5084,0.8584,0.4937
1137,190,10,0.8778,0.5084,0.8584,0.4937
1138,190,10,0.8778,0.5084,0.8584,0.4937
1139,190,10,0.8778,0.5084,0.8584,0.4937
1140,190,10,0.8778,0.5084,0.8584,0.4937
1141,190,10,0.8778,0.5084,0.8584,0.4937
1142,190,10,0.8778,0.5084,0.8584,0.4937
1143,190,10,0.8778,0.5084,0.8584,0.4937
1144,190,10,0.8778,0.5084,0.8584,0.4937
1145,190,10,0.8778,0.5084,0.8584,0.4937
1146,190,10,0.8778,0.5084,0.8584,0.4937
1147,190,10,0.8778,0.5084,0.8584,0.4937
1148,190,10,0.8778,0.5084,0.8584,0.4937
1149,190,10,0.8778,0.5084,0.8584,0.4937
1150,190,10,0.8778,0.5084,0.8584,0.4937
1151,190,10,0.8778,0.5084,0.8584,0.4937
1152,190,10,0.8778,0.5084,0.8584,0.4937
1153,190,10,0.8778,0.5084,0.8584,0.4937
1154,190,10,0.8778,0.5084,0.8584,0.4937
1155,190,10,0.8778,0.5084,0.8584,0.4937
1156,190,10,0.8778,0.5084,0.8584,0.4937
1157,190,10,0.8778,0.5084,0.8584,0.4937
1158,190,10,0.8778,0.5084,0.8584,0.4937
1159,190,10,0.8778,0.5084,0.8584,0.4937
1160,190,10,0.8778,0.5084,0.8584,0.4937
1161,190,10,0.8778,0.5084,0.8584,0.4937
1162,190,10,0.8778,0.5084,0.8584,0.4937
1163,190,10,0.8778,0.5084,0.8584,0.4937
1164,190,10,0.8778,0.5084,0.8584,0.4937
1165,190,10,0.8778,0.5084,0.8584,0.4937
1166,190,10,0.8778,0.5084,0.8584,0.4937
1167,190,10,0.8778,0.5084,0.8584,0.4937
1168,190,10,0.8778,0.5084,0.8584,0.4937
1169,190,10,0.8778,0.5084,0.8584,0.4937
1170,190,10,0.8778,0.5084,0.8584,0.4937
1171,190,10,0.8778,0.5084,0.8584,0.4937
1172,190,10,0.8778,0.5084,0.8584,0.4937
1173,190,10,0.8778,0.5084,0.8584,0.4937
1174,190,10,0.8778,0.5084,0.8584,0.4937
1175,190,10,0.8778,0.5084,0.8584,0.4937
1176,190,10,0.8778,0.5084,0.8584,0.4937
1177,190,10,0.8778,0.5084,0.8584,0.4937
1178,190,10,0.8778,0.5084,0.8584,0.4937
1179,190,10,0.8778,0.5084,0.8584,0.4937
1180,190,10,0.8778,0.5084,0.8584,0.4937
1181,190,10,0.8778,0.5084,0.8584,0.4937
1182,190,10,0.8778,0.5084,0.8584,0.4937
1183,190,10,0.8778,0.5084,0.8584,0.4937
1184,190,10,0.8778,0.5084,0.8584,0.4937
1185,190,10,0.8778,0.5084,0.8584,0.4937
1186,190,10,0.8778,0.5084,0.8584,0.4937
1187,190,10,0.8778,0.5084,0.8584,0.4937
1188,190,10,0.8778,0.5084,0.8584,0.4937
1189,190,10,0.8778,0.5084,0.8584,0.4937
1190,190,10,0.8778,0.5084,0.8584,0.4937
1191,190,10,0.8778,0.5084,0.8584,0.4937
1192,190,10,0.8778,0.5084,0.8584,0.4937
1193,190,10,0.8778,0.5084,0.8584,0.4937
1194,190,10,0.8778,0.5084,0.8584,0.4937
1195,190,10,0.8778,0.5084,0.8584,0.4937
1196,190,10,0.8778,0.5084,0.8584,0.4937
1197,190,10,0.8778,0.5084,0.8584,0.4937
1198,190,10,0.8778,0.5084,0.8584,0.4937
1199,190,10,0.8778,0.5084,0.8584,0.4937
1200,190,10,0.8778,0.5084,0.8584,0.4937
1201,190,10,0.8778,0.5084,0.8584,0.4937
1202,190,10,0.8778,0.5084,0.8584,0.4937
1203,190,10,0.8778,0.5084,0.8584,0.4937
1204,190,10,0.8778,0.5084,0.8584,0.4937
1205,190,10,0.8778,0.5084,0.8584,0.4937
1206,190,10,0.8778,0.5084,0.8584,0.4937
1207,190,10,0.8778,0.5084,0.8584,0.4937
1208,190,10,0.8778,0.5084,0.8584,0.4937
1209,190,10,0.8778,0.5084,0.8584,0.4937
1210,190,10,0.8778,0.5084,0.8584,0.4937
1211,190,10,0.8778,0.5084,0.8584,0.4937
1212,190,10,0.8778,0.5084,0.8584,0.4937
1213,190,10,0.8778,0.5084,0.8584,0.4937
1214,190,10,0.8778,0.5084,0.8584,0.4937
1215,190,10,0.8778,0.5084,0.8584,0.4937
1216,190,10,0.8778,0.5084,0.8584,0.4937
1217,190,10,0.8778,0.5084,0.8584,0.4937
1218,190,10,0.8778,0.5084,0.8584,0.4937
1219,190,10,0.8778,0.5084,0.8584,0.4937
1220,190,10,0.8778,0.5084,0.8584,0.4937
1221,190,10,0.8778,0.5084,0.8584,0.4937
1222,190,10,0.8778,0.5084,0.8584,0.4937
1223,190,10,0.8778,0.5084,0.8584,0.4937
1224,190,10,0.8778,0.5084,0.8584,0.4937
1225,190,10,0.8778,0.5084,0.8584,0.4937
1226,190,10,0.8778,0.5084,0.8584,0.4937
1227,190,10,0.8778,0.5084,0.8584,0.4937
1228,190,10,0.8778,0.5084,0.8584,0.4937
1229,190,10,0.8778,0.5084,0.8584,0.4937
1230,190,10,0.8778,0.5084,0.8584,0.4937
1231,190,10,0.8778,0.5084,0.8584,0.4937
1232,190,10,0.8778,0.5084,0.8584,0.4937
1233,190,10,0.8778,0.5084,0.8584,0.4937
1234,190,10,0.8778,0.5084,0.8584,0.4937
1235,190,10,0.8778,0.5084,0.8584,0.4937
1236,190,10,0.8778,0.5084,0.8584,0.4937
1237,190,10,0.8778,0.5084,0.8584,0.4937
1238,190,10,0.8778,0.5084,0.8584,0.4937
1239,190,10,0.8778,0.5084,0.8584,0.4937
1240,190,10,0.8778,0.5084,0.8584,0.4937
1241,190,10,0.8778,0.5084,0.8584,0.4937
1242,190,10,0.8778,0.5084,0.8584,0.4937
1243,190,10,0.8778,0.5084,0.8584,0.4937
1244,190,10,0.8778,0.5084,0.8584,0.4937
1245,190,10,0.8778,0.5084,0.8584,0.4937
1246,190,10,0.8778,0.5084,0.8584,0.4937
1247,190,10,0.8778,0.5084,0.8584,0.4937
1248,190,10,0.8778,0.5084,0.8584,0.4937
1249,190,10,0.8778,0.5084,0.8584,0.4937
1250,190,10,0.8778,0.5084,0.8584,0.4937
1251,190,10,0.8778,0.5084,0.8584,0.4937
1252,190,10,0.8778,0.5084,0.8584,0.4937
1253,190,10,0.8778,0.5084,0.8584,0.4937
1254,190,10,0.8778,0.5084,0.8584,0.4937
1255,190,10,0.8778,0.5084,0.8584,0.4937
1256,190,10,0.8778,0.5084,0.8584,0.4937
1257,190,10,0.8778,0.5084,0.8584,0.4937
1258,190,10,0.8778,0.5084,0.8584,0.4937
1259,190,10,0.8778,0.5084,0.8584,0.4937
1260,190,10,0.8778,0.5084,0.8584,0.4937
1261,190,10,0.8778,0.5084,0.8584,0.4937
1262,190,10,0.8778,0.5084,0.8584,0.4937
1263,190,10,0.8778,0.5084,0.8584,0.4937
1264,190,10,0.8778,0.5084,0.8584,0.4937
1265,190,10,0.8778,0.5084,0.8584,0.4937
1266,190,10,0.8778,0.5084,0.8584,0.4937
1267,190,10,0.8778,0.5084,0.8584,0.4937
1268,190,10,0.8778,0.5084,0.8584,0.4937
1269,190,10,0.8778,0.5084,0.8584,0.4937
1270,190,10,0.8778,0.5084,0.8584,0.4937
1271,190,10,0.8778,0.5084,0.8584,0.4937
1272,190,10,0.8778,0.5084,0.8584,0.4937
1273,190,10,0.8778,0.5084,0.8584,0.4937
1274,190,10,0.8778,0.5084,0.8584,0.4937
1275,190,10,0.8778,0.5084,0.8584,0.4937
1276,190,10,0.8778,0.5084,0.8584,0.4937
1277,190,10,0.8778,0.5084,0.8584,0.4937
1278,190,10,0.8778,0.5084,0.8584,0.4937
1279,190,10,0.8778,0.5084,0.8584,0.4937
1280,190,10,0.8778,0.5084,0.8584,0.4937
1281,190,10,0.8778,0.5084,0.8584,0.4937
1282,190,10,0.8778,0.5084,0.8584,0.4937
1283,190,10,0.8778,0.5084,0.8584,0.4937
1284,190,10,0.8778,0.5084,0.8584,0.4937
1285,190,10,0.8778,0.5084,0.8584,0.4937
1286,190,10,0.8778,0.5084,0.8584,0.4937
1287,190,10,0.8778,0.5084,0.8584,0.4937
1288,190,10,0.8778,0.5084,0.8584,0.4937
1289,190,10,0.8778,0.5084,0.8584,0.4937
1290,190,10,0.8778,0.5084,0.8584,0.4937
1291,190,10,0.8778,0.5084,0.8584,0.4937
1292,190,10,0.8778,0.5084,0.8584,0.4937
1293,190,10,0.8778,0.5084,0.8584,0.4937
1294,190,10,0.8778,0.5084,0.8584,0.4937
1295,190,10,0.8778,0.5084,0.8584,0.4937
1296,190,10,0.8778,0.5084,0.8584,0.4937
1297,190,10,0.8778,0.5084,0.8584,0.4937
1298,190,10,0.8778,0.5084,0.8584,0.4937
1299,190,10,0.8778,0.5084,0.8584,0.4937
1300,190,10,0.8778,0.5084,0.8584,0.4937
1301,190,10,0.8778,0.5084,0.8584,0.4937
1302,190,10,0.8778,0.5084,0.8584,0.4937
1303,190,10,0.8778,0.5084,0.8584,0.4937
1304,190,10,0.8778,0.5084,0.8584,0.4937
1305,190,10,0.8778,0.5084,0.8584,0.4937
1306,190,10,0.8778,0.5084,0.8584,0.4937
1307,190,10,0.8778,0.5084,0.8584,0.4937
1308,190,10,0.8778,0.5084,0.8584,0.4937
1309,190,10,0.8778,0.5084,0.8584,0.4937
1310,190,10,0.8778,0.5084,0.8584,0.4937
1311,190,10,0.8778,0.5084,0.8584,0.4937
1312,190,10,0.8778,0.5084,0.8584,0.4937
1313,190,10,0.8778,0.5084,0.8584,0.4937
1314,190,10,0.8778,0.5084,0.8584,0.4937
1315,190,10,0.8778,0.5084,0.8584,0.4937
1316,190,10,0.8778,0.5084,0.8584,0.4937
1317,190,10,0.8778,0.5084,0.8584,0.4937
1318,190,10,0.8778,0.5084,0.8584,0.4937
1319,190,10,0.8778,0.5084,0.8584,0.4937
1320,190,10,0.8778,0.5084,0.8584,0.4937
1321,190,10,0.8778,0.5084,0.8584,0.4937
1322,190,10,0.8778,0.5084,0.8584,0.4937
1323,190,10,0.8778,0.5084,0.8584,0.4937
1324,190,10,0.8778,0.5084,0.8584,0.4937
1325,190,10,0.8778,0.5084,0.8584,0.4937
1326,190,10,0.8778,0.5084,0.8584,0.4937
1327,190,10,0.8778,0.5084,0.8584,0.4937
1328,190,10,0.8778,0.5084,0.8584,0.4937
1329,190,10,0.8778,0.5084,0.8584,0.4937
1330,190,10,0.8778,0.5084,0.8584,0.4937
1331,190,10,0.8778,0.5084,0.8584,0.4937
1332,190,10,0.8778,0.5084,0.8584,0.4937
1333,190,10,0.8778,0.5084,0.8584,0.4937
1334,190,10,0.8778,0.5084,0.8584,0.4937
1335,190,10,0.8778,0.5084,0.8584,0.4937
1336,190,10,0.8778,0.5084,0.8584,0.4937
1337,190,10,0.8778,0.5084,0.8584,0.4937
1338,190,10,0.8778,0.5084,0.8584,0.4937
1339,190,10,0.8778,0.5084,0.8584,0.4937
1340,190,10,0.8778,0.5084,0.8584,0.4937
1341,190,10,0.8778,0.5084,0.8584,0.4937
1342,190,10,0.8778,0.5084,0.8584,0.4937
1343,190,10,0.8778,0.5084,0.8584,0.4937
1344,190,10,0.8778,0.5084,0.8584,0.4937
1345,190,10,0.8778,0.5084,0.8584,0.4937
1346,190,10,0.8778,0.5084,0.8584,0.4937
1347,190,10,0.8778,0.5084,0.8584,0.4937
1348,190,10,0.8778,0.5084,0.8584,0.4937
1349,190,10,0.8778,0.5084,0.8584,0.4937
1350,190,10,0.8778,0.5084,0.8584,0.4937
1351,190,10,0.8778,0.5084,0.8584,0.4937
1352,190,10,0.8778,0.5084,0.8584,0.4937
1353,190,10,0.8778,0.5084,0.8584,0.4937
1354,190,10,0.8778,0.5084,0.8584,0.4937
1355,190,10,0.8778,0.5084,0.8584,0.4937
1356,190,10,0.8778,0.5084,0.8584,0.4937
1357,190,10,0.8778,0.5084,0.8584,0.4937
1358,190,10,0.8778,0.5084,0.8584,0.4937
1359,190,10,0.8778,0.5084,0.8584,0.4937
1360,190,10,0.8778,0.5084,0.8584,0.4937
1361,190,10,0.8778,0.5084,0.8584,0.4937
1362,190,10,0.8778,0.5084,0.8584,0.4937
1363,190,10,0.8778,0.5084,0.8584,0.4937
1364,190,10,0.8778,0.5084,0.8584,0.4937
1365,190,10,0.8778,0.5084,0.8584,0.4937
1366,190,10,0.8778,0.5084,0.8584,0.4937
1367,190,10,0.8778,0.5084,0.8584,0.4937
1368,190,10,0.8778,0.5084,0.8584,0.4937
1369,190,10,0.8778,0.5084,0.8584,0.4937
1370,190,10,0.8778,0.5084,0.8584,0.4937
1371,190,10,0.8778,0.5084,0.8584,0.4937
1372,190,10,0.8778,0.5084,0.8584,0.4937
1373,190,10,0.8778,0.5084,0.8584,0.4937
1374,190,10,0.8778,0.5084,0.8584,0.4937
1375,190,10,0.8778,0.5084,0.8584,0.4937
1376,190,10,0.8778,0.5084,0.8584,0.4937
1377,190,10,0.8778,0.5084,0.8584,0.4937
1378,190,10,0.8778,0.5084,0.8584,0.4937
1379,190,10,0.8778,0.5084,0.8584,0.4937
1380,190,10,0.8778,0.5084,0.8584,0.4937
1381,190,10,0.8778,0.5084,0.8584,0.4937
1382,190,10,0.8778,0.5084,0.8584,0.4937
1383,190,10,0.8778,0.5084,0.8584,0.4937
1384,190,10,0.8778,0.5084,0.8584,0.4937
1385,190,10,0.8778,0.5084,0.8584,0.4937
1386,190,10,0.8778,0.5084,0.8584,0.4937
1387,190,10,0.8778,0.5084,0.8584,0.4937
1388,190,10,0.8778,0.5084,0.8584,0.4937
1389,190,10,0.8778,0.5084,0.8584,0.4937
1390,190,10,0.8778,0.5084,0.8584,0.4937
1391,190,10,0.8778,0.5084,0.8584,0.4937
1392,190,10,0.8778,0.5084,0.8584,0.4937
1393,190,10,0.8778,0.5084,0.8584,0.4937
1394,190,10,0.8778,0.5084,0.8584,0.4937
1395,190,10,0.8778,0.5084,0.8584,0.4937
1396,190,10,0.8778,0.5084,0.8584,0.4937
1397,190,10,0.8778,0.5084,0.8584,0.4937
1398,190,10,0.8778,0.5084,0.8584,0.4937
1399,190,10,0.8778,0.5084,0.8584,0.4937
1400,190,10,0.8778,0.5084,0.8584,0.4937
1401,190,10,0.8778,0.5084,0.8584,0.4937
1402,190,10,0.8778,0.5084,0.8584,0.4937
1403,190,10,0.8778,0.5084,0.8584,0.4937
1404,190,10,0.8778,0.5084,0.8584,0.4937
1405,190,10,0.8778,0.5084,0.8584,0.4937
1406,190,10,0.8778,0.5084,0.8584,0.4937
1407,190,10,0.8778,0.5084,0.8584,0.4937
1408,190,10,0.8778,0.5084,0.8584,0.4937
1409,190,10,0.8778,0.5084,0.8584,0.4937
1410,190,10,0.8778,0.5084,0.8584,0.4937
1411,190,10,0.8778,0.5084,0.8584,0.4937
1412,190,10,0.8778,0.5084,0.8584,0.4937
1413,190,10,0.8778,0.5084,0.8584,0.4937
1414,190,10,0.8778,0.5084,0.8584,0.4937
1415,190,10,0.8778,0.5084,0.8584,0.4937
1416,190,10,0.8778,0.5084,0.8584,0.4937
1417,190,10,0.8778,0.5084,0.8584,0.4937
1418,190,10,0.8778,0.5084,0.8584,0.4937
1419,190,10,0.8778,0.5084,0.8584,0.4937
1420,190,10,0.8778,0.5084,0.8584,0.4937
1421,190,10,0.8778,0.5084,0.8584,0.4937
1422,190,10,0.8778,0.5084,0.8584,0.4937
1423,190,10,0.8778,0.5084,0.8584,0.4937
1424,190,10,0.8778,0.5084,0.8584,0.4937
1425,190,10,0.8778,0.5084,0.8584,0.4937
1426,190,10,0.8778,0.5084,0.8584,0.4937
1427,190,10,0.8778,0.5084,0.8584,0.4937
1428,190,10,0.8778,0.5084,0.8584,0.4937
1429,190,10,0.8778,0.5084,0.8584,0.4937
1430,190,10,0.8778,0.5084,0.8584,0.4937
1431,190,10,0.8778,0.5084,0.8584,0.4937
1432,190,10,0.8778,0.5084,0.8584,0.4937
1433,190,10,0.8778,0.5084,0.8584,0.4937
1434,190,10,0.8778,0.5084,0.8584,0.4937
1435,190,10,0.8778,0.5084,0.8584,0.4937
1436,190,10,0.8778,0.5084,0.8584,0.4937
1437,190,10,0.8778,0.5084,0.8584,0.4937
1438,190,10,0.8778,0.5084,0.8584,0.4937
1439,190,10,0.8778,0.5084,0.8584,0.4937
1440,190,10,0.8778,0.5084,0.8584,0.4937
1441,190,10,0.8778,0.5084,0.8584,0.4937
1442,190,10,0.8778,0.5084,0.8584,0.4937
1443,190,10,0.8778,0.5084,0.8584,0.4937
1444,190,10,0.8778,0.5084,0.8584,0.4937
1445,190,10,0.8778,0.5084,0.8584,0.4937
1446,190,10,0.8778,0.5084,0.8584,0.4937
1447,190,10,0.8778,0.5084,0.8584,0.4937
1448,190,10,0.8778,0.5084,0.8584,0.4937
1449,190,10,0.8778,0.5084,0.8584,0.4937
1450,190,10,0.8778,0.5084,0.8584,0.4937
1451,190,10,0.8778,0.5084,0.8584,0.4937
1452,190,10,0.8778,0.5084,0.8584,0.4937
1453,190,10,0.8778,0.5084,0.8584,0.4937
1454,190,10,0.8778,0.5084,0.8584,0.4937
1455,190,10,0.8778,0.5084,0.8584,0.4937
1456,190,10,0.8778,0.5084,0.8584,0.4937
1457,190,10,0.8778,0.5084,0.8584,0.4937
1458,190,10,0.8778,0.5084,0.8584,0.4937
1459,190,10,0.8778,0.5084,0.8584,0.4937
1460,190,10,0.8778,0.5084,0.8584,0.4937
1461,190,10,0.8778,0.5084,0.8584,0.4937
1462,190,10,0.8778,0.5084,0.8584,0.4937
1463,190,10,0.8778,0.5084,0.8584,0.4937
1464,190,10,0.8778,0.5084,0.8584,0.4937
1465,190,10,0.8778,0.5084,0.8584,0.4937
1466,190,10,0.8778,0.5084,0.8584,0.4937
1467,190,10,0.8778,0.5084,0.8584,0.4937
1468,190,10,0.8778,0.5084,0.8584,0.4937
1469,190,10,0.8778,0.5084,0.8584,0.4937
1470,190,10,0.8778,0.5084,0.8584,0.4937
1471,190,10,0.8778,0.5084,0.8584,0.4937
1472,190,10,0.8778,0.5084,0.8584,0.4937
1473,190,10,0.8778,0.5084,0.8584,0.4937
1474,190,10,0.8778,0.5084,0.8584,0.4937
1475,190,10,0.8778,0.5084,0.8584,0.4937
1476,190,10,0.8778,0.5084,0.8584,0.4937
1477,190,10,0.8778,0.5084,0.8584,0.4937
1478,190,10,0.8778,0.5084,0.8584,0.4937
1479,190,10,0.8778,0.5084,0.8584,0.4937
1480,190,10,0.8778,0.5084,0.8584,0.4937
1481,190,10,0.8778,0.5084,0.8584,0.4937
1482,190,10,0.8778,0.5084,0.8584,0.4937
1483,190,10,0.8778,0.5084,0.8584,0.4937
1484,190,10,0.8778,0.5084,0.8584,0.4937
1485,190,10,0.8778,0.5084,0.8584,0.4937
1486,190,10,0.8778,0.5084,0.8584,0.4937
1487,190,10,0.8778,0.5084,0.8584,0.4937
1488,190,10,0.8778,0.5084,0.8584,0.4937
1489,190,10,0.8778,0.5084,0.8584,0.4937
1490,190,10,0.8778,0.5084,0.8584,0.4937
1491,190,10,0.8778,0.5084,0.8584,0.4937
1492,190,10,0.8778,0.5084,0.8584,0.4937
1493,190,10,0.8778,0.5084,0.8584,0.4937
1494,190,10,0.8778,0.5084,0.8584,0.4937
1495,190,10,0.8778,0.5084,0.8584,0.4937
1496,190,10,0.8778,0.5084,0.8584,0.4937
1497,190,10,0.8778,0.5084,0.8584,0.4937
1498,190,10,0.8778,0.5084,0.8584,0.4937
1499,190,10,0.8778,0.5084,0.8584,0.4937
1500,190,10,0.8778,0.5084,0.8584,0.4937
1501,190,10,0.8778,0.5084,0.8584,0.4937
1502,190,10,0.8778,0.5084,0.8584,0.4937
1503,190,10,0.8778,0.5084,0.8584,0.4937
1504,190,10,0.8778,0.5084,0.8584,0.4937
1505,190,10,0.8778,0.5084,0.8584,0.4937
1506,190,10,0.8778,0.5084,0.8584,0.4937
1507,190,10,0.8778,0.5084,0.8584,0.4937
1508,190,10,0.8778,0.5084,0.8584,0.4937
1509,190,10,0.8778,0.5084,0.8584,0.4937
1510,190,10,0.8778,0.5084,0.8584,0.4937
1511,190,10,0.8778,0.5084,0.8584,0.4937
1512,190,10,0.8778,0.5084,0.8584,0.4937
1513,190,10,0.8778,0.5084,0.8584,0.4937
1514,190,10,0.8778,0.5084,0.8584,0.4937
1515,190,10,0.8778,0.5084,0.8584,0.4937
1516,190,10,0.8778,0.5084,0.8584,0.4937
1517,190,10,0.8778,0.5084,0.8584,0.4937
1518,190,10,0.8778,0.5084,0.8584,0.4937
1519,190,10,0.8778,0.5084,0.8584,0.4937
1520,190,10,0.8778,0.5084,0.8584,0.4937
1521,190,10,0.8778,0.5084,0.8584,0.4937
1522,190,10,0.8778,0.5084,0.8584,0.4937
1523,190,10,0.8778,0.5084,0.8584,0.4937
1524,190,10,0.8778,0.5084,0.8584,0.4937
1525,190,10,0.8778,0.5084,0.8584,0.4937
1526,190,10,0.8778,0.5084,0.8584,0.4937
1527,190,10,0.8778,0.5084,0.8584,0.4937
1528,190,10,0.8778,0.5084,0.8584,0.4937
1529,190,10,0.8778,0.5084,0.8584,0.4937
1530,190,10,0.8778,0.5084,0.8584,0.4937
1531,190,10,0.8778,0.5084,0.8584,0.4937
1532,190,10,0.8778,0.5084,0.8584,0.4937
1533,190,10,0.8778,0.5084,0.8584,0.4937
1534,190,10,0.8778,0.5084,0.8584,0.4937
1535,190,10,0.8778,0.5084,0.8584,0.4937
1536,190,10,0.8778,0.5084,0.8584,0.4937
1537,190,10,0.8778,0.5084,0.8584,0.4937
1538,190,10,0.8778,0.5084,0.8584,0.4937
1539,190,10,0.8778,0.5084,0.8584,0.4937
1540,190,10,0.8778,0.5084,0.8584,0.4937
1541,190,10,0.8778,0.5084,0.8584,0.4937
1542,190,10,0.8778,0.5084,0.8584,0.4937
1543,190,10,0.8778,0.5084,0.8584,0.4937
1544,190,10,0.8778,0.5084,0.8584,0.4937
1545,190,10,0.8778,0.5084,0.8584,0.4937
1546,190,10,0.8778,0.5084,0.8584,0.4937
1547,190,10,0.8778,0.5084,0.8584,0.4937
1548,190,10,0.8778,0.5084,0.8584,0.4937
1549,190,10,0.8778,0.5084,0.8584,0.4937
1550,190,10,0.8778,0.5084,0.8584,0.4937
1551,190,10,0.8778,0.5084,0.8584,0.4937
1552,190,10,0.8778,0.5084,0.8584,0.4937
1553,190,10,0.8778,0.5084,0.8584,0.4937
1554,190,10,0.8778,0.5084,0.8584,0.4937
1555,190,10,0.8778,0.5084,0.8584,0.4937
1556,190,10,0.8778,0.5084,0.8584,0.4937
1557,190,10,0.8778,0.5084,0.8584,0.4937
1558,190,10,0.8778,0.5084,0.8584,0.4937
1559,190,10,0.8778,0.5084,0.8584,0.4937
1560,190,10,0.8778,0.5084,0.8584,0.4937
1561,190,10,0.8778,0.5084,0.8584,0.4937
1562,190,10,0.8778,0.5084,0.8584,0.4937
1563,190,10,0.8778,0.5084,0.8584,0.4937
1564,190,10,0.8778,0.5084,0.8584,0.4937
1565,190,10,0.8778,0.5084,0.8584,0.4937
1566,190,10,0.8778,0.5084,0.8584,0.4937
1567,190,10,0.8778,0.5084,0.8584,0.4937
1568,190,10,0.8778,0.5084,0.8584,0.4937
1569,190,10,0.8778,0.5084,0.8584,0.4937
1570,190,10,0.8778,0.5084,0.8584,0.4937
1571,190,10,0.8778,0.5084,0.8584,0.4937
1572,190,10,0.8778,0.5084,0.8584,0.4937
1573,190,10,0.8778,0.5084,0.8584,0.4937
1574,190,10,0.8778,0.5084,0.8584,0.4937
1575,190,10,0.8778,0.5084,0.8584,0.4937
1576,190,10,0.8778,0.5084,0.8584,0.4937
1577,190,10,0.8778,0.5084,0.8584,0.4937
1578,190,10,0.8778,0.5084,0.8584,0.4937
1579,190,10,0.8778,0.5084,0.8584,0.4937
1580,190,10,0.8778,0.5084,0.8584,0.4937
1581,190,10,0.8778,0.5084,0.8584,0.4937
1582,190,10,0.8778,0.5084,0.8584,0.4937
1583,190,10,0.8778,0.5084,0.8584,0.4937
1584,190,10,0.8778,0.5084,0.8584,0.4937
1585,190,10,0.8778,0.5084,0.8584,0.4937
1586,190,10,0.8778,0.5084,0.8584,0.4937
1587,190,10,0.8778,0.5084,0.8584,0.4937
1588,190,10,0.8778,0.5084,0.8584,0.4937
1589,190,10,0.8778,0.5084,0.8584,0.4937
1590,190,10,0.8778,0.5084,0.8584,0.4937
1591,190,10,0.8778,0.5084,0.8584,0.4937
1592,190,10,0.8778,0.5084,0.8584,0.4937
1593,190,10,0.8778,0.5084,0.8584,0.4937
1594,190,10,0.8778,0.5084,0.8584,0.4937
1595,190,10,0.8778,0.5084,0.8584,0.4937
1596,190,10,0.8778,0.5084,0.8584,0.4937
1597,190,10,0.8778,0.5084,0.8584,0.4937
1598,190,10,0.8778,0.5084,0.8584,0.4937
1599,190,10,0.8778,0.5084,0.8584,0.4937
1600,190,10,0.8778,0.5084,0.8584,0.4937
1601,190,10,0.8778,0.5084,0.8584,0.4937
1602,190,10,0.8778,0.5084,0.8584,0.4937
1603,190,10,0.8778,0.5084,0.8584,0.4937
1604,190,10,0.8778,0.5084,0.8584,0.4937
1605,190,10,0.8778,0.5084,0.8584,0.4937
1606,190,10,0.8778,0.5084,0.8584,0.4937
1607,190,10,0.8778,0.5084,0.8584,0.4937
1608,190,10,0.8778,0.5084,0.8584,0.4937
1609,190,10,0.8778,0.5084,0.8584,0.4937
1610,190,10,0.8778,0.5084,0.8584,0.4937
1611,190,10,0.8778,0.5084,0.8584,0.4937
1612,190,10,0.8778,0.5084,0.8584,0.4937
1613,190,10,0.8778,0.5084,0.8584,0.4937
1614,190,10,0.8778,0.5084,0.8584,0.4937
1615,190,10,0.8778,0.5084,0.8584,0.4937
1616,190,10,0.8778,0.5084,0.8584,0.4937
1617,190,10,0.8778,0.5084,0.8584,0.4937
1618,190,10,0.8778,0.5084,0.8584,0.4937
1619,190,10,0.8778,0.5084,0.8584,0.4937
1620,190,10,0.8778,0.5084,0.8584,0.4937
1621,190,10,0.8778,0.5084,0.8584,0.4937
1622,190,10,0.8778,0.5084,0.8584,0.4937
1623,190,10,0.8778,0.5084,0.8584,0.4937
1624,190,10,0.8778,0.5084,0.8584,0.4937
1625,190,10,0.8778,0.5084,0.8584,0.4937
1626,190,10,0.8778,0.5084,0.8584,0.4937
1627,190,10,0.8778,0.5084,0.8584,0.4937
1628,190,10,0.8778,0.5084,0.8584,0.4937
1629,190,10,0.8778,0.5084,0.8584,0.4937
1630,190,10,0.8778,0.5084,0.8584,0.4937
1631,190,10,0.8778,0.5084,0.8584,0.4937
1632,190,10,0.8778,0.5084,0.8584,0.4937
1633,190,10,0.8778,0.5084,0.8584,0.4937
1634,190,10,0.8778,0.5084,0.8584,0.4937
1635,190,10,0.8778,0.5084,0.8584,0.4937
1636,190,10,0.8778,0.5084,0.8584,0.4937
1637,190,10,0.8778,0.5084,0.8584,0.4937
1638,190,10,0.8778,0.5084,0.8584,0.4937
1639,190,10,0.8778,0.5084,0.8584,0.4937
1640,190,10,0.8778,0.5084,0.8584,0.4937
1641,190,10,0.8778,0.5084,0.8584,0.4937
1642,190,10,0.8778,0.5084,0.8584,0.4937
1643,190,10,0.8778,0.5084,0.8584,0.4937
1644,190,10,0.8778,0.5084,0.8584,0.4937
1645,190,10,0.8778,0.5084,0.8584,0.4937
1646,190,10,0.8778,0.5084,0.8584,0.4937
1647,190,10,0.8778,0.5084,0.8584,0.4937
1648,190,10,0.8778,0.5084,0.8584,0.4937
1649,190,10,0.8778,0.5084,0.8584,0.4937
1650,190,10,0.8778,0.5084,0.8584,0.4937
1651,190,10,0.8778,0.5084,0.8584,0.4937
1652,190,10,0.8778,0.5084,0.8584,0.4937
1653,190,10,0.8778,0.5084,0.8584,0.4937
1654,190,10,0.8778,0.5084,0.8584,0.4937
1655,190,10,0.8778,0.5084,0.8584,0.4937
1656,190,10,0.8778,0.5084,0.8584,0.4937
1657,190,10,0.8778,0.5084,0.8584,0.4937
1658,190,10,0.8778,0.5084,0.8584,0.4937
1659,190,10,0.8778,0.5084,0.8584,0.4937
1660,190,10,0.8778,0.5084,0.8584,0.4937
1661,190,10,0.8778,0.5084,0.8584,0.4937
1662,190,10,0.8778,0.5084,0.8584,0.4937
1663,190,10,0.8778,0.5084,0.8584,0.4937
1664,190,10,0.8778,0.5084,0.8584,0.4937
1665,190,10,0.8778,0.5084,0.8584,0.4937
1666,190,10,0.8778,0.5084,0.8584,0.4937
1667,190,10,0.8778,0.5084,0.8584,0.4937
1668,190,10,0.8778,0.5084,0.8584,0.4937
1669,190,10,0.8778,0.5084,0.8584,0.4937
1670,190,10,0.8778,0.5084,0.8584,0.4937
1671,190,10,0.8778,0.5084,0.8584,0.4937
1672,190,10,0.8778,0.5084,0.8584,0.4937
1673,190,10,0.8778,0.5084,0.8584,0.4937
1674,190,10,0.8778,0.5084,0.8584,0.4937
1675,190,10,0.8778,0.5084,0.8584,0.4937
1676,190,10,0.8778,0.5084,0.8584,0.4937
1677,190,10,0.8778,0.5084,0.8584,0.4937
1678,190,10,0.8778,0.5084,0.8584,0.4937
1679,190,10,0.8778,0.5084,0.8584,0.4937
1680,190,10,0.8778,0.5084,0.8584,0.4937
1681,190,10,0.8778,0.5084,0.8584,0.4937
1682,190,10,0.8778,0.5084,0.8584,0.4937
1683,190,10,0.8778,0.5084,0.8584,0.4937
1684,190,10,0.8778,0.5084,0.8584,0.4937
1685,190,10,0.8778,0.5084,0.8584,0.4937
1686,190,10,0.8778,0.5084,0.8584,0.4937
1687,190,10,0.8778,0.5084,0.8584,0.4937
1688,190,10,0.8778,0.5084,0.8584,0.4937
1689,190,10,0.8778,0.5084,0.8584,0.4937
1690,190,10,0.8778,0.5084,0.8584,0.4937
1691,190,10,0.8778,0.5084,0.8584,0.4937
1692,190,10,0.8778,0.5084,0.8584,0.4937
1693,190,10,0.8778,0.5084,0.8584,0.4937
1694,190,10,0.8778,0.5084,0.8584,0.4937
1695,190,10,0.8778,0.5084,0.8584,0.4937
1696,190,10,0.8778,0.5084,0.8584,0.4937
1697,190,10,0.8778,0.5084,0.8584,0.4937
1698,190,10,0.8778,0.5084,0.8584,0.4937
1699,190,10,0.8778,0.5084,0.8584,0.4937
1700,190,10,0.8778,0.5084,0.8584,0.4937
1701,190,10,0.8778,0.5084,0.8584,0.4937
1702,190,10,0.8778,0.5084,0.8584,0.4937
1703,190,10,0.8778,0.5084,0.8584,0.4937
1704,190,10,0.8778,0.5084,0.8584,0.4937
1705,190,10,0.8778,0.5084,0.8584,0.4937
1706,190,10,0.8778,0.5084,0.8584,0.4937
1707,190,10,0.8778,0.5084,0.8584,0.4937
1708,190,10,0.8778,0.5084,0.8584,0.4937
1709,190,10,0.8778,0.5084,0.8584,0.4937
1710,190,10,0.8778,0.5084,0.8584,0.4937
1711,190,10,0.8778,0.5084,0.8584,0.4937
1712,190,10,0.8778,0.5084,0.8584,0.4937
1713,190,10,0.8778,0.5084,0.8584,0.4937
1714,190,10,0.8778,0.5084,0.8584,0.4937
1715,190,10,0.8778,0.5084,0.8584,0.4937
1716,190,10,0.8778,0.5084,0.8584,0.4937
1717,190,10,0.8778,0.5084,0.8584,0.4937
1718,190,10,0.8778,0.5084,0.8584,0.4937
1719,190,10,0.8778,0.5084,0.8584,0.4937
1720,190,10,0.8778,0.5084,0.8584,0.4937
1721,190,10,0.8778,0.5084,0.8584,0.4937
1722,190,10,0.8778,0.5084,0.8584,0.4937
1723,190,10,0.8778,0.5084,0.8584,0.4937
1724,190,10,0.8778,0.5084,0.8584,0.4937
1725,190,10,0.8778,0.5084,0.8584,0.4937
1726,190,10,0.8778,0.5084,0.8584,0.4937
1727,190,10,0.8778,0.5084,0.8584,0.4937
1728,190,10,0.8778,0.5084,0.8584,0.4937
1729,190,10,0.8778,0.5084,0.8584,0.4937
1730,190,10,0.8778,0.5084,0.8584,0.4937
1731,190,10,0.8778,0.5084,0.8584,0.4937
1732,190,10,0.8778,0.5084,0.8584,0.4937
1733,190,10,0.8778,0.5084,0.8584,0.4937
1734,190,10,0.8778,0.5084,0.8584,0.4937
1735,190,10,0.8778,0.5084,0.8584,0.4937
1736,190,10,0.8778,0.5084,0.8584,0.4937
1737,190,10,0.8778,0.5084,0.8584,0.4937
1738,190,10,0.8778,0.5084,0.8584,0.4937
1739,190,10,0.8778,0.5084,0.8584,0.4937
1740,190,10,0.8778,0.5084,0.8584,0.4937
1741,190,10,0.8778,0.5084,0.8584,0.4937
1742,190,10,0.8778,0.5084,0.8584,0.4937
1743,190,10,0.8778,0.5084,0.8584,0.4937
1744,190,10,0.8778,0.5084,0.8584,0.4937
1745,190,10,0.8778,0.5084,0.8584,0.4937
1746,190,10,0.8778,0.5084,0.8584,0.4937
1747,190,10,0.8778,0.5084,0.8584,0.4937
1748,190,10,0.8778,0.5084,0.8584,0.4937
1749,190,10,0.8778,0.5084,0.8584,0.4937
1750,190,10,0.8778,0.5084,0.8584,0.4937
1751,190,10,0.8778,0.5084,0.8584,0.4937
1752,190,10,0.8778,0.5084,0.8584,0.4937
1753,190,10,0.8778,0.5084,0.8584,0.4937
1754,190,10,0.8778,0.5084,0.8584,0.4937
1755,190,10,0.8778,0.5084,0.8584,0.4937
1756,190,10,0.8778,0.5084,0.8584,0.4937
1757,190,10,0.8778,0.5084,0.8584,0.4937
1758,190,10,0.8778,0.5084,0.8584,0.4937
1759,190,10,0.8778,0.5084,0.8584,0.4937
1760,190,10,0.8778,0.5084,0.8584,0.4937
1761,190,10,0.8778,0.5084,0.8584,0.4937
1762,190,10,0.8778,0.5084,0.8584,0.4937
1763,190,10,0.8778,0.5084,0.8584,0.4937
1764,190,10,0.8778,0.5084,0.8584,0.4937
1765,190,10,0.8778,0.5084,0.8584,0.4937
1766,190,10,0.8778,0.5084,0.8584,0.4937
1767,190,10,0.8778,0.5084,0.8584,0.4937
1768,190,10,0.8778,0.5084,0.8584,0.4937
1769,190,10,0.8778,0.5084,0.8584,0.4937
1770,190,10,0.8778,0.5084,0.8584,0.4937
1771,190,10,0.8778,0.5084,0.8584,0.4937
1772,190,10,0.8778,0.5084,0.8584,0.4937
1773,190,10,0.8778,0.5084,0.8584,0.4937
1774,190,10,0.8778,0.5084,0.8584,0.4937
1775,190,10,0.8778,0.5084,0.8584,0.4937
1776,190,10,0.8778,0.5084,0.8584,0.4937
1777,190,10,0.8778,0.5084,0.8584,0.4937
1778,190,10,0.8778,0.5084,0.8584,0.4937
1779,190,10,0.8778,0.5084,0.8584,0.4937
1780,190,10,0.8778,0.5084,0.8584,0.4937
1781,190,10,0.8778,0.5084,0.8584,0.4937
1782,190,10,0.8778,0.5084,0.8584,0.4937
1783,190,10,0.8778,0.5084,0.8584,0.4937
1784,190,10,0.8778,0.5084,0.8584,0.4937
1785,190,10,0.8778,0.5084,0.8584,0.4937
1786,190,10,0.8778,0.5084,0.8584,0.4937
1787,190,10,0.8778,0.5084,0.8584,0.4937
1788,190,10,0.8778,0.5084,0.8584,0.4937
1789,190,10,0.8778,0.5084,0.8584,0.4937
1790,190,10,0.8778,0.5084,0.8584,0.4937
1791,190,10,0.8778,0.5084,0.8584,0.4937
1792,190,10,0.8778,0.5084,0.8584,0.4937
1793,190,10,0.8778,0.5084,0.8584,0.4937
1794,190,10,0.8778,0.5084,0.8584,0.4937
1795,190,10,0.8778,0.5084,0.8584,0.4937
1796,190,10,0.8778,0.5084,0.8584,0.4937
1797,190,10,0.8778,0.5084,0.8584,0.4937
1798,190,10,0.8778,0.5084,0.8584,0.4937
1799,190,10,0.8778,0.5084,0.8584,0.4937
1800,190,10,0.8778,0.5084,0.8584,0.4937
1801,190,10,0.8778,0.5084,0.8584,0.4937
1802,190,10,0.8778,0.5084,0.8584,0.4937
1803,190,10,0.8778,0.5084,0.8584,0.4937
1804,190,10,0.8778,0.5084,0.8584,0.4937
1805,190,10,0.8778,0.5084,0.8584,0.4937
1806,190,10,0.8778,0.5084,0.8584,0.4937
1807,190,10,0.8778,0.5084,0.8584,0.4937
1808,190,10,0.8778,0.5084,0.8584,0.4937
1809,190,10,0.8778,0.5084,0.8584,0.4937
1810,190,10,0.8778,0.5084,0.8584,0.4937
1811,190,10,0.8778,0.5084,0.8584,0.4937
1812,190,10,0.8778,0.5084,0.8584,0.4937
1813,190,10,0.8778,0.5084,0.8584,0.4937
1814,190,10,0.8778,0.5084,0.8584,0.4937
1815,190,10,0.8778,0.5084,0.8584,0.4937
1816,190,10,0.8778,0.5084,0.8584,0.4937
1817,190,10,0.8778,0.5084,0.8584,0.4937
1818,190,10,0.8778,0.5084,0.8584,0.4937
1819,190,10,0.8778,0.5084,0.8584,0.4937
1820,190,10,0.8778,0.5084,0.8584,0.4937
1821,190,10,0.8778,0.5084,0.8584,0.4937
1822,190,10,0.8778,0.5084,0.8584,0.4937
1823,190,10,0.8778,0.5084,0.8584,0.4937
1824,190,10,0.8778,0.5084,0.8584,0.4937
1825,190,10,0.8778,0.5084,0.8584,0.4937
1826,190,10,0.8778,0.5084,0.8584,0.4937
1827,190,10,0.8778,0.5084,0.8584,0.4937
1828,190,10,0.8778,0.5084,0.8584,0.4937
1829,190,10,0.8778,0.5084,0.8584,0.4937
1830,190,10,0.8778,0.5084,0.8584,0.4937
1831,190,10,0.8778,0.5084,0.8584,0.4937
1832,190,10,0.8778,0.5084,0.8584,0.4937
1833,190,10,0.8778,0.5084,0.8584,0.4937
1834,190,10,0.8778,0.5084,0.8584,0.4937
1835,190,10,0.8778,0.5084,0.8584,0.4937
1836,190,10,0.8778,0.5084,0.8584,0.4937
1837,190,10,0.8778,0.5084,0.8584,0.4937
1838,190,10,0.8778,0.5084,0.8584,0.4937
1839,190,10,0.8778,0.5084,0.8584,0.4937
1840,190,10,0.8778,0.5084,0.8584,0.4937
1841,190,10,0.8778,0.5084,0.8584,0.4937
1842,190,10,0.8778,0.5084,0.8584,0.4937
1843,190,10,0.8778,0.5084,0.8584,0.4937
1844,190,10,0.8778,0.5084,0.8584,0.4937
1845,190,10,0.8778,0.5084,0.8584,0.4937
1846,190,10,0.8778,0.5084,0.8584,0.4937
1847,190,10,0.8778,0.5084,0.8584,0.4937
1848,190,10,0.8778,0.5084,0.8584,0.4937
1849,190,10,0.8778,0.5084,0.8584,0.4937
1850,190,10,0.8778,0.5084,0.8584,0.4937
1851,190,10,0.8778,0.5084,0.8584,0.4937
1852,190,10,0.8778,0.5084,0.8584,0.4937
1853,190,10,0.8778,0.5084,0.8584,0.4937
1854,190,10,0.8778,0.5084,0.8584,0.4937
1855,190,10,0.8778,0.5084,0.8584,0.4937
1856,190,10,0.8778,0.5084,0.8584,0.4937
1857,190,10,0.8778,0.5084,0.8584,0.4937
1858,190,10,0.8778,0.5084,0.8584,0.4937
1859,190,10,0.8778,0.5084,0.8584,0.4937
1860,190,10,0.8778,0.5084,0.8584,0.4937
1861,190,10,0.8778,0.5084,0.8584,0.4937
1862,190,10,0.8778,0.5084,0.8584,0.4937
1863,190,10,0.8778,0.5084,0.8584,0.4937
1864,190,10,0.8778,0.5084,0.8584,0.4937
1865,190,10,0.8778,0.5084,0.8584,0.4937
1866,190,10,0.8778,0.5084,0.8584,0.4937
1867,190,10,0.8778,0.5084,0.8584,0.4937
1868,190,10,0.8778,0.5084,0.8584,0.4937
1869,190,10,0.8778,0.5084,0.8584,0.4937
1870,190,10,0.8778,0.5084,0.8584,0.4937
1871,190,10,0.8778,0.5084,0.8584,0.4937
1872,190,10,0.8778,0.5084,0.8584,0.4937
1873,190,10,0.8778,0.5084,0.8584,0.4937
1874,190,10,0.8778,0.5084,0.8584,0.4937
1875,190,10,0.8778,0.5084,0.8584,0.4937
1876,190,10,0.8778,0.5084,0.8584,0.4937
1877,190,10,0.8778,0.5084,0.8584,0.4937
1878,190,10,0.8778,0.5084,0.8584,0.4937
1879,190,10,0.8778,0.5084,0.8584,0.4937
1880,190,10,0.8778,0.5084,0.8584,0.4937
1881,190,10,0.8778,0.5084,0.8584,0.4937
1882,190,10,0.8778,0.5084,0.8584,0.4937
1883,190,10,0.8778,0.5084,0.8584,0.4937
1884,190,10,0.8778,0.5084,0.8584,0.4937
1885,190,10,0.8778,0.5084,0.8584,0.4937
1886,190,10,0.8778,0.5084,0.8584,0.4937
1887,190,10,0.8778,0.5084,0.8584,0.4937
1888,190,10,0.8778,0.5084,0.8584,0.4937
1889,190,10,0.8778,0.5084,0.8584,0.4937
1890,190,10,0.8778,0.5084,0.8584,0.4937
1891,190,10,0.8778,0.5084,0.8584,0.4937
1892,190,10,0.8778,0.5084,0.8584,0.4937
1893,190,10,0.8778,0.5084,0.8584,0.4937
1894,190,10,0.8778,0.5084,0.8584,0.4937
1895,190,10,0.8778,0.5084,0.8584,0.4937
1896,190,10,0.8778,0.5084,0.8584,0.4937
1897,190,10,0.8778,0.5084,0.8584,0.4937
1898,190,10,0.8778,0.5084,0.8584,0.4937
1899,190,10,0.8778,0.5084,0.8584,0.4937
1900,190,10,0.8778,0.5084,0.8584,0.4937
1901,190,10,0.8778,0.5084,0.8584,0.4937
1902,190,10,0.8778,0.5084,0.8584,0.4937
1903,190,10,0.8778,0.5084,0.8584,0.4937
1904,190,10,0.8778,0.5084,0.8584,0.4937
1905,190,10,0.8778,0.5084,0.8584,0.4937
1906,190,10,0.8778,0.5084,0.8584,0.4937
1907,190,10,0.8778,0.5084,0.8584,0.4937
1908,190,10,0.8778,0.5084,0.8584,0.4937
1909,190,10,0.8778,0.5084,0.8584,0.4937
1910,190,10,0.8778,0.5084,0.8584,0.4937
1911,190,10,0.8778,0.5084,0.8584,0.4937
1912,190,10,0.8778,0.5084,0.8584,0.4937
1913,190,10,0.8778,0.5084,0.8584,0.4937
1914,190,10,0.8778,0.5084,0.8584,0.4937
1915,190,10,0.8778,0.5084,0.8584,0.4937
1916,190,10,0.8778,0.5084,0.8584,0.4937
1917,190,10,0.8778,0.5084,0.8584,0.4937
1918,190,10,0.8778,0.5084,0.8584,0.4937
1919,190,10,0.8778,0.5084,0.8584,0.4937
1920,190,10,0.8778,0.5084,0.8584,0.4937
1921,190,10,0.8778,0.5084,0.8584,0.4937
1922,190,10,0.8778,0.5084,0.8584,0.4937
1923,190,10,0.8778,0.5084,0.8584,0.4937
1924,190,10,0.8778,0.5084,0.8584,0.4937
1925,190,10,0.8778,0.5084,0.8584,0.4937
1926,190,10,0.8778,0.5084,0.8584,0.4937
1927,190,10,0.8778,0.5084,0.8584,0.4937
1928,190,10,0.8778,0.5084,0.8584,0.4937
1929,190,10,0.8778,0.5084,0.8584,0.4937
1930,190,10,0.8778,0.5084,0.8584,0.4937
1931,190,10,0.8778,0.5084,0.8584,0.4937
1932,190,10,0.8778,0.5084,0.8584,0.4937
1933,190,10,0.8778,0.5084,0.8584,0.4937
1934,190,10,0.8778,0.5084,0.8584,0.4937
1935,190,10,0.8778,0.5084,0.8584,0.4937
1936,190,10,0.8778,0.5084,0.8584,0.4937
1937,190,10,0.8778,0.5084,0.8584,0.4937
1938,190,10,0.8778,0.5084,0.8584,0.4937
1939,190,10,0.8778,0.5084,0.8584,0.4937
1940,190,10,0.8778,0.5084,0.8584,0.4937
1941,190,10,0.8778,0.5084,0.8584,0.4937
1942,190,10,0.8778,0.5084,0.8584,0.4937
1943,190,10,0.8778,0.5084,0.8584,0.4937
1944,190,10,0.8778,0.5084,0.8584,0.4937
1945,190,10,0.8778,0.5084,0.8584,0.4937
1946,190,10,0.8778,0.5084,0.8584,0.4937
1947,190,10,0.8778,0.5084,0.8584,0.4937
1948,190,10,0.8778,0.5084,0.8584,0.4937
1949,190,10,0.8778,0.5084,0.8584,0.4937
1950,190,10,0.8778,0.5084,0.8584,0.4937
1951,190,10,0.8778,0.5084,0.8584,0.4937
1952,190,10,0.8778,0.5084,0.8584,0.4937
1953,190,10,0.8778,0.5084,0.8584,0.4937
1954,190,10,0.8778,0.5084,0.8584,0.4937
1955,190,10,0.8778,0.5084,0.8584,0.4937
1956,190,10,0.8778,0.5084,0.8584,0.4937
1957,190,10,0.8778,0.5084,0.8584,0.4937
1958,190,10,0.8778,0.5084,0.8584,0.4937
1959,190,10,0.8778,0.5084,0.8584,0.4937
1960,190,10,0.8778,0.5084,0.8584,0.4937
1961,190,10,0.8778,0.5084,0.8584,0.4937
1962,190,10,0.8778,0.5084,0.8584,0.4937
1963,190,10,0.8778,0.5084,0.8584,0.4937
1964,190,10,0.8778,0.5084,0.8584,0.4937
1965,190,10,0.8778,0.5084,0.8584,0.4937
1966,190,10,0.8778,0.5084,0.8584,0.4937
1967,190,10,0.8778,0.5084,0.8584,0.4937
1968,190,10,0.8778,0.5084,0.8584,0.4937
1969,190,10,0.8778,0.5084,0.8584,0.4937
1970,190,10,0.8778,0.5084,0.8584,0.4937
1971,190,10,0.8778,0.5084,0.8584,0.4937
1972,190,10,0.8778,0.5084,0.8584,0.4937
1973,190,10,0.8778,0.5084,0.8584,0.4937
1974,190,10,0.8778,0.5084,0.8584,0.4937
1975,190,10,0.8778,0.5084,0.8584,0.4937
1976,190,10,0.8778,0.5084,0.8584,0.4937
1977,190,10,0.8778,0.5084,0.8584,0.4937
1978,190,10,0.8778,0.5084,0.8584,0.4937
1979,190,10,0.8778,0.5084,0.8584,0.4937
1980,190,10,0.8778,0.5084,0.8584,0.4937
1981,190,10,0.8778,0.5084,0.8584,0.4937
1982,190,10,0.8778,0.5084,0.8584,0.4937
1983,190,10,0.8778,0.5084,0.8584,0.4937
1984,190,10,0.8778,0.5084,0.8584,0.4937
1985,190,10,0.8778,0.5084,0.8584,0.4937
1986,190,10,0.8778,0.5084,0.8584,0.4937
1987,190,10,0.8778,0.5084,0.8584,0.4937
1988,190,10,0.8778,0.5084,0.8584,0.4937
1989,190,10,0.8778,0.5084,0.8584,0.4937
1990,190,10,0.8778,0.5084,0.8584,0.4937
1991,190,10,0.8778,0.5084,0.8584,0.4937
1992,190,10,0.8778,0.5084,0.8584,0.4937
1993,190,10,0.8778,0.5084,0.8584,0.4937
1994,190,10,0.8778,0.5084,0.8584,0.4937
1995,190,10,0.8778,0.5084,0.8584,0.4937
1996,190,10,0.8778,0.5084,0.8584,0.4937
1997,190,10,0.8778,0.5084,0.8584,0.4937
1998,190,10,0.8778,0.5084,0.8584,0.4937
1999,190,10,0.8778,0.5084,0.8584,0.4937
2000,190,10,0.8778,0.5084,0.8584,0.4937
