tick,pop_ancient,pop_primitive,avg_nrg_ancient,avg_nrg_prim
1,10,10,547.3,142.0
2,10,10,535.6,138.1
3,10,10,524.2,134.3
4,10,10,513.1,130.6
5,10,10,502.1,127.0
6,20,11,485.3,152.9
7,40,13,477.1,194.7
8,80,16,473.2,266.2
9,160,21,471.2,326.1
10,178,22,493.0,365.2
11,178,22,502.4,356.9
12,178,22,494.2,348.9
13,178,22,488.7,381.8
14,178,22,523.4,414.2
15,178,22,522.1,405.0
16,178,22,513.2,395.9
17,178,22,587.6,387.1
18,178,22,600.5,378.4
19,178,22,590.3,369.9
20,178,22,705.2,400.2
21,178,22,742.8,432.2
22,178,22,752.2,443.0
23,178,22,738.9,433.3
24,178,22,725.8,423.7
25,178,22,713.3,414.3
26,178,22,698.4,405.0
27,178,22,683.9,396.0
28,178,22,669.7,387.1
29,178,22,655.6,378.5
30,178,22,642.1,370.0
31,178,22,628.5,361.6
32,178,22,615.5,353.5
33,178,22,602.5,345.4
34,178,22,589.8,337.6
35,178,22,577.5,329.9
36,178,22,565.3,322.4
37,178,22,553.4,315.0
38,178,22,541.8,307.7
39,178,22,530.4,300.6
40,178,22,519.2,293.7
41,178,22,508.1,307.3
42,178,22,497.5,320.7
43,178,22,489.4,354.2
44,178,21,488.9,362.7
45,179,20,495.7,372.4
46,180,20,507.8,364.0
47,180,20,502.1,355.8
48,180,19,491.3,413.5
49,181,19,510.5,451.7
50,181,19,521.8,441.8
51,181,18,528.2,456.1
52,182,18,558.3,471.1
53,182,18,600.7,460.8
54,182,17,602.5,477.3
55,183,17,680.2,493.3
56,183,16,731.6,540.9
57,184,16,741.3,557.3
58,184,16,740.5,545.2
59,184,16,727.4,561.4
60,184,16,714.5,549.1
61,184,16,699.2,537.0
62,184,14,684.2,600.0
63,186,14,669.5,586.5
64,186,14,657.2,573.3
65,186,14,645.1,560.1
66,186,13,630.7,589.3
67,186,14,616.5,566.5
68,186,14,602.4,553.2
69,186,14,588.4,540.1
70,186,14,574.7,559.4
71,186,14,561.2,545.9
72,186,14,547.9,532.7
73,186,14,534.8,519.6
74,186,14,529.2,506.8
75,186,14,518.9,494.1
76,186,14,508.7,545.9
77,186,14,508.2,532.2
78,186,14,507.7,547.2
79,186,14,511.8,565.3
80,186,14,503.7,550.8
81,186,14,492.8,633.0
82,186,14,515.7,648.8
83,186,14,531.2,632.0
84,186,14,558.2,647.6
85,186,14,591.9,630.6
86,186,14,612.6,613.8
87,186,14,681.1,626.0
88,186,14,724.9,673.4
89,186,14,724.7,687.4
90,186,14,711.9,668.7
91,186,14,700.0,650.4
92,186,14,680.6,632.4
93,186,14,664.4,614.8
94,186,14,645.9,597.6
95,186,14,630.3,580.7
96,186,14,612.6,564.1
97,186,14,595.3,580.1
98,186,14,580.6,563.3
99,186,14,564.0,546.8
100,186,14,555.0,530.7
101,186,14,541.4,515.0
102,186,14,525.6,499.6
103,186,14,529.3,481.0
104,186,14,515.9,530.6
105,186,14,512.5,546.6
106,186,14,509.1,529.9
107,186,14,501.0,609.9
108,186,14,524.0,623.2
109,186,14,534.6,603.9
110,186,14,546.0,617.1
111,186,14,576.9,626.3
112,186,14,631.2,635.3
113,186,14,699.9,644.0
114,186,14,721.4,688.1
115,186,14,715.5,666.3
116,186,14,699.9,645.1
117,186,14,677.6,624.5
118,186,14,655.5,604.3
119,186,14,634.2,616.8
120,186,14,613.3,596.6
121,186,14,593.1,576.9
122,186,14,573.5,557.7
123,186,14,554.2,539.0
124,186,14,545.3,552.9
125,186,14,541.2,534.2
126,186,14,530.1,512.3
127,186,14,519.1,526.8
128,186,14,510.7,540.7
129,186,14,507.2,554.0
130,186,14,521.0,627.4
131,186,14,526.3,605.3
132,186,14,541.0,612.5
133,186,14,576.5,622.8
134,186,14,620.8,600.5
135,186,14,702.5,643.2
136,186,14,718.0,652.0
137,186,14,706.8,628.3
138,186,14,688.5,605.3
139,186,14,663.4,615.2
140,186,14,639.0,592.4
141,186,14,617.8,570.2
142,186,14,594.9,548.8
143,186,14,577.6,528.0
144,186,14,558.4,540.0
145,186,14,547.0,584.0
146,186,14,533.3,561.9
147,186,14,522.6,540.5
148,186,14,519.2,551.9
149,186,14,508.9,562.8
150,186,14,515.8,637.4
151,186,14,522.1,676.9
152,186,14,539.4,650.4
153,186,14,568.6,624.8
154,186,14,625.7,632.3
155,186,14,673.0,639.3
156,186,14,696.3,613.7
157,186,14,694.9,653.3
158,186,14,671.9,626.9
159,186,14,647.2,601.4
160,186,14,620.9,576.8
161,186,14,600.5,553.0
162,186,14,578.2,530.1
163,186,14,564.1,504.4
164,186,14,547.8,547.5
165,186,14,534.7,524.4
166,186,14,521.9,534.3
167,186,14,514.5,508.0
168,186,14,514.1,582.6
169,186,14,528.2,654.0
170,186,14,539.0,626.3
171,186,14,575.5,631.7
172,186,14,611.2,604.6
173,186,14,674.3,607.0
174,186,14,697.8,677.1
175,186,14,686.6,647.6
176,186,14,656.6,619.2
177,186,14,637.5,591.9
178,186,14,609.4,565.6
179,186,14,591.7,540.4
180,186,14,577.5,548.3
181,186,14,556.4,520.0
182,186,14,536.2,528.5
183,186,14,521.7,533.0
184,186,14,514.9,505.0
185,186,14,508.2,542.4
186,186,14,520.5,613.7
187,186,14,544.3,617.4
188,186,14,574.2,588.7
189,186,14,641.3,589.7
190,186,14,685.7,626.3
191,186,14,687.0,628.8
192,186,14,666.7,631.5
193,186,14,642.6,601.8
194,186,14,619.5,573.3
195,186,14,602.2,578.2
196,186,14,580.8,550.5
197,186,14,557.8,556.2
198,186,14,535.8,561.4
199,186,14,519.3,566.3
200,186,14,520.6,567.2
201,186,14,523.7,600.2
202,186,14,541.4,599.2
203,186,14,546.0,569.6
204,186,14,603.7,605.6
205,186,14,687.1,607.5
206,186,14,691.5,609.2
207,186,14,678.7,575.0
208,186,14,649.6,578.0
209,186,14,626.3,548.7
210,186,14,606.5,552.8
211,186,14,582.9,517.3
212,186,14,555.6,586.9
213,186,14,536.6,556.9
214,186,14,518.3,560.4
215,186,14,510.6,627.9
216,186,14,512.8,627.6
217,186,14,536.4,627.1
218,186,14,568.6,626.4
219,186,14,624.7,625.7
220,186,14,673.6,621.3
221,186,14,676.9,584.8
222,186,14,663.0,585.8
223,186,14,637.6,554.5
224,186,14,615.7,556.8
225,186,14,592.1,523.2
226,186,14,565.2,559.1
227,186,14,542.0,528.6
228,186,14,526.9,560.4
229,186,14,514.7,594.3
230,186,14,514.9,590.5
231,186,14,537.5,558.2
232,186,14,567.8,620.4
233,186,14,630.5,618.3
234,186,14,673.1,648.3
235,186,14,679.2,612.3
236,186,14,653.3,578.1
237,186,14,626.0,577.8
238,186,14,605.4,541.6
239,186,14,575.6,539.5
240,186,14,550.0,508.8
241,186,14,530.9,544.0
242,186,14,524.8,537.7
243,186,14,518.5,603.2
244,186,14,532.3,568.4
245,186,14,559.4,596.1
246,186,14,603.9,658.3
247,186,14,664.9,620.2
248,186,14,674.8,616.4
249,186,14,654.9,580.4
250,186,14,640.9,578.6
251,186,14,610.5,576.7
252,186,14,579.4,574.8
253,186,14,549.6,540.7
254,186,14,534.0,540.6
255,186,14,521.6,568.9
256,186,14,526.5,599.1
257,186,14,523.8,595.2
258,186,14,564.3,623.5
259,186,14,631.1,617.8
260,186,14,670.0,612.3
261,186,14,670.6,607.4
262,186,14,658.9,602.7
263,186,14,623.5,598.0
264,186,14,592.4,593.5
265,186,14,560.6,557.0
266,186,14,545.1,554.7
267,186,14,528.1,584.6
268,186,14,529.2,580.3
269,186,14,530.2,608.3
270,186,14,566.8,570.2
271,186,14,617.4,598.6
272,186,14,652.3,592.9
273,186,14,659.4,587.4
274,186,14,641.4,550.0
275,186,14,619.9,611.3
276,186,14,590.1,604.6
277,186,14,554.9,566.0
278,186,14,535.8,594.1
279,186,14,520.3,588.0
280,186,14,510.9,582.2
281,186,14,518.6,608.8
282,186,14,554.4,601.4
283,186,14,633.0,594.3
284,186,14,644.5,619.7
285,186,14,657.7,579.0
286,186,14,641.3,572.9
287,186,14,611.2,599.3
288,186,14,578.1,559.4
289,186,14,551.9,586.4
290,186,14,537.1,579.6
291,186,14,518.2,569.6
292,186,14,524.5,628.0
293,186,14,551.3,618.1
294,186,14,612.6,605.1
295,186,14,645.7,628.5
296,186,14,649.8,586.0
297,186,14,639.6,542.5
298,186,14,617.3,601.8
299,186,14,582.0,560.6
300,186,14,561.6,554.1
301,186,14,535.2,515.9
302,186,14,512.5,505.1
303,186,14,522.8,630.6
304,186,14,548.7,615.7
305,186,14,597.0,569.4
306,186,14,639.4,594.0
307,186,14,652.7,581.1
308,186,14,640.2,572.5
309,186,14,604.9,564.3
310,186,14,569.6,524.5
311,186,14,555.9,515.8
312,186,14,530.6,475.5
313,186,14,523.7,598.6
314,186,14,543.4,652.2
315,186,14,557.1,637.6
316,186,14,632.9,624.2
317,186,14,652.4,643.7
318,186,14,651.0,597.5
319,186,14,627.8,586.5
320,186,14,591.9,544.0
321,186,14,562.8,568.6
322,186,14,541.0,559.3
323,186,14,537.6,614.7
324,186,14,546.2,633.9
325,186,14,549.2,619.4
326,186,14,624.7,605.7
327,186,14,648.1,625.1
328,186,14,657.8,611.1
329,186,14,630.7,565.9
330,186,14,598.2,523.8
331,186,14,575.0,581.1
332,186,14,546.1,569.7
333,186,14,526.2,655.5
334,186,14,534.6,670.5
335,186,14,542.2,619.8
336,186,14,595.1,605.0
337,186,14,634.0,591.1
338,186,14,643.5,578.1
339,186,14,627.7,530.2
340,186,14,596.6,489.4
341,186,14,564.5,580.1
342,186,14,537.7,567.8
343,186,14,527.6,549.0
344,186,14,527.3,603.0
345,186,14,546.2,588.5
346,186,14,598.9,607.0
347,186,14,621.2,623.9
348,186,14,642.0,575.1
349,186,14,615.7,530.0
350,186,14,586.1,584.6
351,185,14,567.2,603.1
352,186,14,538.8,652.1
353,185,14,537.3,632.9
354,186,14,550.1,647.1
355,186,14,585.9,627.9
356,186,14,611.2,642.2
357,186,14,649.2,590.9
358,186,14,623.3,543.5
359,186,14,607.1,564.0
360,186,14,580.0,550.6
361,186,14,555.2,570.3
362,186,14,554.1,620.4
363,186,14,565.0,634.7
364,186,14,596.8,611.8
365,186,14,623.3,590.6
366,186,14,636.9,606.7
367,186,14,633.4,557.1
368,186,14,617.9,543.4
369,186,14,589.1,530.8
370,186,14,553.0,583.3
371,186,14,555.3,563.6
372,186,14,557.8,573.9
373,186,14,581.8,618.9
374,186,14,605.5,631.9
375,186,14,622.1,575.8
376,186,14,622.9,559.9
377,186,14,599.6,577.2
378,186,14,585.6,528.7
379,186,14,546.0,580.5
380,186,14,546.2,595.7
381,186,14,555.4,538.0
382,186,14,570.2,588.6
383,186,14,589.2,667.0
384,186,14,628.3,610.4
385,186,14,624.9,558.4
386,186,14,608.1,542.8
387,186,14,578.0,592.7
388,186,14,552.7,606.0
389,186,14,548.4,585.9
390,186,14,556.4,595.9
391,186,14,570.5,608.5
392,186,14,595.8,555.6
393,186,14,616.2,535.6
394,186,14,615.5,552.9
395,186,14,597.4,569.0
396,186,14,576.8,547.8
397,186,14,552.8,560.4
398,186,14,567.2,603.9
399,186,14,582.1,614.9
400,186,14,588.8,624.8
401,186,14,616.6,565.8
402,186,14,629.6,579.7
403,186,14,607.2,592.6
404,186,14,584.2,572.1
405,186,14,573.6,585.3
406,186,14,563.6,629.3
407,186,14,572.8,605.0
408,186,14,583.8,647.0
409,186,14,618.8,585.1
410,186,14,633.5,532.1
411,186,14,612.3,512.3
412,186,14,590.8,562.1
413,186,14,570.5,639.3
414,186,14,562.4,645.5
415,186,14,556.0,618.8
416,186,14,565.4,594.3
417,186,14,619.2,572.0
418,186,14,625.0,583.6
419,186,14,613.2,526.2
420,186,14,595.7,538.2
421,186,14,574.5,552.5
422,186,14,565.0,629.7
423,186,14,568.1,635.7
424,186,14,558.8,608.7
425,186,14,595.3,548.4
426,186,14,605.0,557.9
427,186,14,608.5,534.1
428,186,14,584.2,512.4
429,186,14,564.1,560.5
430,186,14,568.1,532.5
431,186,14,562.9,578.3
432,186,14,570.2,619.8
433,186,14,586.5,593.3
434,186,14,600.8,533.4
435,186,14,606.1,546.9
436,186,14,594.2,558.9
437,186,14,579.0,569.6
438,186,14,562.1,643.5
439,186,14,563.6,613.7
440,186,14,557.6,583.0
441,186,14,598.2,590.8
442,186,14,603.4,598.1
443,186,14,598.3,540.3
444,186,14,588.7,616.4
445,186,14,582.1,620.7
446,186,14,566.5,624.4
447,186,14,573.9,627.6
448,186,14,601.6,566.1
449,186,14,602.6,571.1
450,186,14,606.0,547.3
451,186,14,606.8,557.8
452,186,14,583.5,563.5
453,186,14,576.4,568.5
454,186,14,562.8,608.6
455,186,14,564.4,548.1
456,186,14,587.5,525.6
457,186,14,594.7,565.9
458,186,14,598.3,534.1
459,186,14,591.9,544.6
460,186,14,591.2,618.7
461,186,14,570.8,653.0
462,186,14,564.3,587.3
463,186,14,592.0,527.9
464,186,14,585.0,538.7
465,186,14,593.9,580.4
466,186,14,594.0,550.3
467,186,14,601.5,623.0
468,186,14,578.8,620.4
469,186,14,582.8,553.6
470,186,14,600.9,525.4
471,185,14,598.1,535.8
472,186,14,601.7,577.1
473,186,14,599.8,614.0
474,186,14,583.9,615.3
475,186,14,589.2,616.2
476,186,14,581.7,616.9
477,186,14,574.3,585.1
478,186,14,589.1,588.6
479,186,14,583.8,559.4
480,186,14,602.8,529.6
481,186,14,595.4,599.1
482,186,14,573.8,565.2
483,186,14,577.2,531.1
484,186,14,587.6,603.9
485,186,14,586.9,572.5
486,186,14,580.4,576.4
487,186,14,611.0,515.5
488,186,14,609.7,621.5
489,186,14,584.0,651.9
490,186,14,570.0,615.1
491,186,14,560.0,581.9
492,186,14,580.2,584.2
493,186,14,593.9,586.1
494,186,14,598.2,551.9
495,186,14,595.1,621.2
496,186,14,572.4,583.0
497,186,14,574.3,616.5
498,186,14,575.0,614.5
499,186,14,578.9,580.4
500,186,14,589.0,582.0
501,186,14,586.4,583.2
502,186,14,602.8,616.3
503,186,14,581.3,581.3
504,186,14,578.9,550.0
505,186,14,561.8,550.4
506,186,14,587.8,551.1
507,186,14,591.0,487.2
508,186,14,592.1,594.4
509,186,14,587.3,557.6
510,186,14,583.3,560.4
511,186,14,564.4,530.5
512,186,14,562.4,568.1
513,186,14,570.5,601.4
514,186,14,576.8,599.1
515,186,14,587.8,597.0
516,186,14,597.8,530.5
517,186,14,589.8,564.2
518,186,14,574.8,629.6
519,186,14,580.8,591.2
520,186,14,598.8,549.7
521,186,14,579.7,616.3
522,186,14,604.6,579.2
523,186,14,594.8,610.4
524,186,14,581.4,637.9
525,186,14,576.3,597.8
526,186,14,589.1,562.1
527,186,14,581.0,562.4
528,186,14,580.4,555.4
529,186,14,584.3,588.7
530,186,14,589.7,585.9
531,186,14,580.7,647.5
532,186,14,567.2,605.5
533,186,14,572.4,536.0
534,186,14,569.1,535.0
535,185,14,575.0,533.9
536,186,14,584.9,533.3
537,186,14,587.4,628.8
538,186,14,582.5,620.4
539,186,14,592.8,544.9
540,186,14,587.8,578.0
541,186,14,576.0,539.3
542,186,14,583.3,569.1
543,186,14,590.5,631.0
544,186,14,584.4,653.4
545,186,14,586.1,573.5
546,186,14,580.7,570.5
547,186,14,587.7,496.3
548,186,14,586.9,534.2
549,186,14,597.4,663.9
550,186,14,611.8,649.7
551,186,14,617.4,601.6
552,186,14,593.5,562.6
553,186,14,593.9,560.1
554,186,14,584.8,589.9
555,186,14,585.1,551.7
556,186,14,595.8,514.3
557,186,14,614.7,481.2
558,186,14,590.2,544.8
559,186,14,582.5,607.7
560,186,14,590.6,599.2
561,186,14,595.2,591.4
562,186,14,604.1,520.1
563,186,14,611.8,553.6
564,186,14,592.0,643.7
565,186,14,581.7,594.6
566,186,14,584.5,619.1
567,186,14,586.3,608.2
568,186,14,591.7,534.2
569,186,14,592.9,597.6
570,186,14,581.3,549.5
571,186,14,573.2,471.5
572,186,14,571.3,474.2
573,186,14,581.7,537.0
574,186,14,577.7,503.3
575,186,14,589.4,562.7
576,186,14,587.0,554.0
577,186,14,583.2,582.0
578,186,14,582.3,606.3
579,186,14,585.9,595.7
580,186,14,573.5,586.2
581,186,14,588.5,574.2
582,186,14,596.2,631.3
583,186,14,578.2,581.1
584,186,14,564.6,508.5
585,186,14,569.1,605.4
586,186,14,572.7,558.4
587,186,14,582.9,552.7
588,186,14,597.4,611.8
589,186,14,568.4,563.4
590,186,14,565.2,520.9
591,186,14,581.5,512.2
592,186,14,588.7,544.0
593,186,14,589.6,536.0
594,186,14,580.4,593.1
595,186,14,569.9,546.3
596,186,14,560.6,537.4
597,186,14,566.4,565.3
598,186,14,575.5,589.4
599,186,14,582.6,610.6
600,186,14,593.4,629.0
601,186,14,568.0,580.6
602,186,14,555.6,538.1
603,186,14,557.3,565.3
604,186,14,572.2,588.7
605,186,14,578.9,573.7
606,186,14,589.4,624.7
607,186,14,569.7,576.1
608,186,14,579.2,565.7
609,186,14,579.9,588.6
610,186,14,585.3,608.4
611,186,14,583.1,622.3
612,186,14,575.4,637.7
613,186,14,576.1,554.5
614,186,14,582.9,574.8
615,186,14,591.7,563.7
616,186,14,597.0,511.1
617,186,14,604.2,600.8
618,186,14,583.8,582.6
619,186,14,579.2,570.2
620,186,14,573.5,520.0
621,186,14,572.4,547.5
622,186,14,579.1,603.5
623,186,14,580.0,616.5
624,186,14,583.0,567.0
625,186,14,583.7,588.1
626,186,14,593.7,606.2
627,186,14,577.9,557.4
628,186,14,595.2,547.1
629,186,14,589.3,534.8
630,186,14,578.4,552.6
631,186,14,573.5,574.9
632,186,14,579.4,561.9
633,186,14,566.6,518.3
634,186,14,591.6,541.2
635,186,14,581.7,560.7
636,186,14,581.1,613.7
637,186,14,585.4,591.4
638,186,14,571.9,571.9
639,186,14,600.7,590.6
640,186,14,585.3,574.5
641,186,14,585.7,589.3
642,186,14,576.9,605.5
643,186,14,574.2,619.3
644,186,14,570.3,534.6
645,186,14,579.1,557.7
646,186,14,562.2,577.5
647,186,14,586.4,591.3
648,186,14,563.9,570.8
649,186,14,573.1,588.6
650,186,14,588.2,603.8
651,186,14,587.4,584.7
652,186,14,598.0,564.4
653,186,14,583.7,547.1
654,186,14,577.8,596.2
655,186,14,584.1,609.9
656,186,14,590.1,589.3
657,186,14,585.8,500.0
658,186,14,598.8,558.6
659,186,14,578.3,573.7
660,186,14,601.9,557.8
661,186,14,603.1,608.2
662,186,14,598.9,555.0
663,186,14,600.5,541.2
664,186,14,584.7,625.6
665,186,14,594.9,601.9
666,186,14,603.3,577.8
667,186,14,593.4,560.5
668,185,14,580.0,545.4
669,186,14,597.9,596.6
670,186,14,606.1,576.4
671,186,14,618.0,587.5
672,186,14,596.6,568.2
673,186,14,587.5,515.8
674,186,14,596.7,570.7
675,186,14,592.1,521.1
676,186,14,614.5,574.8
677,186,14,602.7,556.9
678,186,14,584.8,573.5
679,186,14,596.1,551.8
680,186,14,590.4,504.5
681,186,14,598.1,560.2
682,186,14,597.8,479.1
683,186,14,572.8,531.1
684,186,13,587.9,627.3
685,187,13,587.6,571.2
686,187,13,580.5,519.1
687,187,13,581.3,547.4
688,187,13,569.9,563.8
689,187,13,577.0,619.9
690,187,13,575.4,599.0
691,187,13,573.7,546.2
692,187,13,591.5,535.5
693,187,13,577.7,526.2
694,187,13,578.3,621.9
695,187,13,571.2,600.1
696,187,13,581.3,546.6
697,187,13,588.1,604.6
698,187,13,581.6,550.1
699,187,13,577.2,638.0
700,187,13,581.9,536.3
701,187,13,598.3,557.1
702,187,13,590.8,536.1
703,187,13,591.6,487.3
704,187,13,575.3,584.1
705,187,13,568.1,532.1
706,187,13,594.8,453.0
707,187,13,576.3,489.3
708,187,13,587.6,520.0
709,187,13,566.5,507.5
710,187,13,566.5,492.9
711,187,13,577.0,518.8
712,187,13,585.4,463.6
713,187,13,585.5,420.4
714,187,13,561.6,418.1
715,187,13,574.5,450.7
716,187,13,585.4,451.4
717,187,13,585.0,451.9
718,187,12,578.9,527.4
719,188,12,571.8,480.4
720,188,12,572.6,556.9
721,188,12,573.3,546.9
722,188,12,595.3,500.7
723,188,12,580.7,494.8
724,188,12,560.7,456.3
725,188,12,562.9,456.9
726,188,12,576.2,457.3
727,188,12,588.3,461.7
728,188,12,573.9,423.7
729,188,11,559.1,595.2
730,189,11,554.7,503.3
731,189,11,571.3,548.0
732,189,11,587.0,581.3
733,189,11,551.0,572.9
734,189,11,553.2,561.2
735,189,11,572.6,514.9
736,189,11,572.6,598.2
737,189,11,573.9,586.8
738,189,11,572.4,536.1
739,189,11,583.3,493.2
740,189,11,553.8,452.3
741,189,11,561.9,540.3
742,189,11,576.5,619.1
743,189,11,581.7,562.8
744,189,11,581.3,474.3
745,189,11,572.9,517.6
746,189,11,580.3,640.4
747,189,11,591.6,580.3
748,189,11,567.3,570.4
749,189,11,573.1,521.1
750,188,11,573.9,602.0
751,189,11,597.7,670.2
752,189,11,578.7,645.7
753,189,11,580.1,543.1
754,189,11,567.1,447.5
755,189,11,572.6,439.5
756,189,11,576.7,564.6
757,189,11,570.5,592.5
758,189,11,557.7,538.6
759,189,11,566.0,534.0
760,189,11,587.6,652.8
761,189,11,571.6,670.8
762,189,11,565.3,604.0
763,189,11,564.9,502.2
764,189,11,578.9,462.0
765,189,11,607.2,582.7
766,189,11,581.2,652.2
767,189,11,561.3,587.7
768,189,11,561.4,533.4
769,189,11,599.8,564.9
770,189,11,584.5,632.3
771,189,11,565.9,561.4
772,189,11,561.9,551.8
773,189,11,585.3,502.7
774,189,11,595.1,584.1
775,189,11,581.2,561.4
776,189,11,564.4,592.3
777,189,11,567.9,536.2
778,189,11,580.4,525.5
779,189,11,584.0,593.6
780,189,11,580.9,659.7
781,189,11,572.0,546.7
782,189,11,576.1,538.4
783,189,11,601.0,572.2
784,189,11,580.2,554.9
785,189,11,568.1,667.7
786,189,11,553.0,557.2
787,189,11,570.9,546.6
788,189,11,583.2,619.5
789,189,11,576.9,634.8
790,189,11,561.5,565.6
791,189,11,566.1,466.8
792,189,11,584.1,416.1
793,189,11,579.1,500.9
794,189,11,568.4,535.2
795,188,11,557.9,522.9
796,188,12,591.4,469.5
797,188,12,578.8,392.4
798,188,12,594.8,457.2
799,188,12,585.2,494.3
800,188,12,590.7,450.0
801,188,12,595.6,492.1
802,188,12,596.7,476.9
803,188,12,587.3,434.9
804,188,12,572.3,624.7
805,188,12,581.6,561.6
806,188,12,593.1,508.9
807,188,12,593.5,610.7
808,188,12,570.9,667.4
809,188,12,591.9,639.2
810,188,12,599.5,577.9
811,188,12,592.8,489.1
812,188,12,581.1,677.6
813,188,12,582.8,642.2
814,188,12,594.4,537.5
815,188,12,596.7,491.9
816,188,12,569.6,603.7
817,188,12,584.4,621.3
818,188,12,592.1,635.5
819,188,12,588.8,534.6
820,188,12,596.2,479.7
821,188,12,599.6,546.5
822,188,12,604.3,564.1
823,188,12,610.5,586.7
824,187,12,589.4,492.7
825,188,12,579.4,522.9
826,188,12,593.8,618.5
827,188,12,605.9,589.1
828,188,12,589.8,531.1
829,188,12,578.5,520.4
830,188,12,596.2,511.2
831,188,12,615.7,574.3
832,188,12,586.0,555.4
833,188,12,584.5,535.3
834,188,12,593.8,518.5
835,188,12,620.5,541.8
836,188,12,592.2,527.6
837,188,12,589.9,553.1
838,188,12,587.9,536.4
839,188,12,612.8,518.2
840,188,12,582.6,503.0
841,188,12,588.6,531.9
842,188,12,588.2,551.4
843,188,12,589.7,539.7
844,188,12,567.6,529.8
845,187,12,585.6,517.1
846,188,12,599.6,585.5
847,188,11,609.2,577.2
848,189,11,583.3,608.0
849,189,11,577.1,546.7
850,189,11,569.2,623.1
851,189,11,612.7,603.8
852,189,11,590.8,587.6
853,189,11,572.3,614.9
854,189,11,569.3,637.0
855,189,11,599.2,573.0
856,189,11,582.1,556.4
857,189,11,584.7,587.9
858,189,11,571.8,613.5
859,189,11,594.7,593.2
860,189,11,582.4,576.3
861,189,11,584.8,603.0
862,189,11,581.8,583.7
863,189,11,600.3,608.4
864,189,11,577.0,587.5
865,189,11,591.5,611.0
866,189,11,589.3,548.1
867,189,11,589.6,537.1
868,189,11,565.2,564.2
869,189,11,567.0,586.1
870,189,11,584.9,485.6
871,189,11,589.6,607.6
872,189,11,567.3,579.9
873,189,11,584.4,643.3
874,189,11,572.7,578.6
875,189,11,593.5,607.0
876,189,11,572.0,539.0
877,189,11,566.8,569.2
878,189,11,581.4,511.7
879,189,11,588.6,459.8
880,189,11,582.6,416.9
881,189,11,565.0,554.2
882,189,11,582.4,584.3
883,189,11,574.7,485.7
884,189,11,562.8,486.6
885,188,11,558.6,568.8
886,189,11,571.3,553.8
887,189,11,575.0,459.3
888,189,11,563.0,504.6
889,189,11,555.4,536.7
890,189,11,560.9,485.2
891,189,11,587.0,524.8
892,189,10,574.3,567.4
893,189,10,554.9,509.0
894,190,10,577.8,596.1
895,190,10,602.0,581.8
896,190,10,592.9,519.7
897,190,10,592.1,563.8
898,190,10,551.4,554.4
899,190,10,598.9,546.5
900,190,10,586.6,541.7
901,190,10,564.6,492.3
902,190,10,573.2,586.7
903,190,10,598.1,622.8
904,190,10,591.3,606.7
905,190,10,565.8,503.1
906,190,10,559.4,548.5
907,190,10,587.9,544.9
908,190,10,596.8,586.6
909,190,10,565.7,529.9
910,190,10,569.3,618.5
911,190,10,587.6,599.9
912,190,10,583.6,579.4
913,190,10,575.8,522.3
914,190,10,569.2,510.7
915,190,10,579.1,645.8
916,190,10,578.1,575.0
917,190,10,563.6,472.2
918,190,10,537.2,468.6
919,190,10,572.7,515.3
920,190,10,573.0,507.7
921,190,10,556.0,501.3
922,190,10,561.0,540.0
923,190,10,576.0,583.0
924,189,10,571.3,572.2
925,190,10,548.7,468.0
926,190,10,548.3,563.2
927,190,10,549.8,599.7
928,190,10,570.4,583.6
929,190,10,558.8,520.1
930,190,10,561.4,563.4
931,190,10,584.4,552.9
932,190,10,562.6,543.9
933,190,10,559.3,581.2
934,190,10,556.6,520.9
935,190,10,563.3,556.9
936,190,10,566.1,495.4
937,190,10,563.7,440.5
938,189,10,550.1,445.9
939,189,11,565.1,494.5
940,188,11,557.2,535.6
941,189,11,555.1,531.5
942,189,11,538.8,527.6
943,188,11,583.7,523.7
944,188,12,569.4,476.6
945,188,12,575.0,517.9
946,188,12,557.0,512.8
947,188,12,561.6,470.5
948,188,12,570.6,548.3
949,188,12,570.3,497.6
950,188,12,574.3,452.1
951,188,12,577.5,463.1
952,188,12,588.6,433.6
953,188,12,579.0,521.7
954,188,11,591.6,604.7
955,189,11,583.9,598.8
956,189,11,590.4,538.5
957,189,11,585.3,666.6
958,189,11,552.5,611.2
959,189,11,579.9,561.1
960,189,11,578.2,647.1
961,189,11,564.8,592.2
962,189,11,575.6,588.1
963,189,11,564.2,542.9
964,189,11,576.7,583.0
965,189,11,555.4,577.7
966,189,11,566.7,572.6
967,189,11,586.2,517.5
968,189,11,580.1,559.0
969,189,11,534.5,464.0
970,189,11,573.8,519.0
971,189,11,596.4,480.4
972,189,11,577.0,530.5
973,189,11,556.7,528.9
974,189,11,582.6,526.8
975,188,11,602.3,571.7
976,189,11,574.5,524.8
977,189,11,583.1,481.7
978,189,11,597.1,451.0
979,189,11,587.6,507.3
980,189,11,564.1,428.7
981,189,11,583.2,487.8
982,189,10,589.2,632.6
983,190,10,576.6,528.2
984,190,10,578.4,484.2
985,190,10,578.9,438.3
986,189,10,608.0,595.0
987,190,10,585.0,502.2
988,190,10,575.5,562.5
989,190,10,574.7,699.5
990,190,10,590.6,598.0
991,190,10,591.7,650.9
992,190,10,585.7,596.6
993,190,10,583.0,557.1
994,190,10,582.7,524.4
995,190,10,588.3,582.2
996,190,10,553.7,632.0
997,190,10,575.8,625.3
998,190,10,594.1,528.8
999,190,10,580.6,496.1
1000,190,10,569.4,509.1
