tick,prey_pop,pred_pop,avg_prey_evade,avg_pred_hunt,avg_prey_eff
1,200,20,0.1990,0.5000,0.9022
2,200,20,0.1990,0.5000,0.9022
3,199,20,0.1990,0.5000,0.9022
4,197,22,0.1989,0.4917,0.9023
5,195,29,0.1995,0.5017,0.9018
6,195,42,0.1999,0.5006,0.9016
7,197,50,0.2005,0.5021,0.9009
8,194,50,0.2015,0.5021,0.9014
9,195,50,0.2006,0.5021,0.9018
10,198,50,0.1992,0.5021,0.9024
11,199,50,0.2003,0.5021,0.9014
12,195,50,0.2005,0.5021,0.9020
13,197,50,0.2002,0.5021,0.9026
14,196,50,0.2000,0.5021,0.9010
15,194,50,0.2009,0.5021,0.9021
16,189,50,0.2017,0.5021,0.8993
17,189,50,0.2043,0.5021,0.9015
18,189,50,0.2058,0.5021,0.9004
19,189,50,0.2065,0.5021,0.9025
20,189,50,0.2061,0.5021,0.9019
21,192,50,0.2055,0.5021,0.9015
22,194,50,0.2057,0.5021,0.9018
23,193,50,0.2029,0.5021,0.8996
24,190,50,0.2078,0.5021,0.8994
25,197,50,0.2122,0.5021,0.8957
26,195,50,0.2112,0.5021,0.8973
27,195,50,0.2145,0.5021,0.8969
28,198,50,0.2156,0.5021,0.8956
29,194,50,0.2157,0.5021,0.8939
30,192,50,0.2176,0.5021,0.8904
31,197,50,0.2188,0.5021,0.8934
32,192,50,0.2182,0.5021,0.8928
33,196,50,0.2192,0.5021,0.8934
34,191,50,0.2214,0.5021,0.8934
35,194,50,0.2220,0.5021,0.8916
36,200,50,0.2200,0.5021,0.8914
37,193,50,0.2225,0.5021,0.8906
38,193,50,0.2242,0.5021,0.8892
39,189,50,0.2296,0.5021,0.8845
40,192,50,0.2327,0.5021,0.8842
41,194,50,0.2368,0.5021,0.8838
42,194,50,0.2373,0.5021,0.8861
43,195,50,0.2397,0.5021,0.8828
44,195,50,0.2411,0.5021,0.8846
45,194,50,0.2432,0.5021,0.8856
46,192,50,0.2453,0.5021,0.8867
47,195,50,0.2471,0.5021,0.8896
48,190,50,0.2494,0.5021,0.8936
49,196,50,0.2552,0.5021,0.8930
50,195,50,0.2572,0.5021,0.8928
51,194,50,0.2598,0.5021,0.8903
52,193,50,0.2609,0.5021,0.8938
53,194,50,0.2639,0.5021,0.8962
54,192,50,0.2669,0.5021,0.8889
55,197,50,0.2648,0.5021,0.8865
56,196,50,0.2659,0.5021,0.8844
57,192,50,0.2699,0.5021,0.8814
58,191,50,0.2682,0.5021,0.8771
59,197,50,0.2707,0.5021,0.8791
60,193,50,0.2735,0.5021,0.8793
61,193,50,0.2713,0.5021,0.8713
62,193,50,0.2730,0.5021,0.8701
63,193,50,0.2775,0.5021,0.8733
64,194,50,0.2783,0.5021,0.8705
65,196,50,0.2799,0.5021,0.8704
66,195,50,0.2834,0.5021,0.8692
67,195,50,0.2900,0.5021,0.8692
68,195,50,0.2914,0.5021,0.8730
69,197,50,0.2944,0.5021,0.8769
70,193,50,0.2976,0.5021,0.8776
71,194,50,0.3003,0.5021,0.8746
72,187,50,0.3038,0.5021,0.8709
73,193,50,0.3115,0.5021,0.8617
74,194,50,0.3104,0.5021,0.8667
75,199,50,0.3090,0.5021,0.8682
76,195,50,0.3147,0.5021,0.8701
77,192,50,0.3168,0.5021,0.8671
78,194,50,0.3200,0.5021,0.8654
79,196,50,0.3223,0.5021,0.8675
80,195,50,0.3236,0.5021,0.8682
81,195,50,0.3265,0.5021,0.8696
82,191,50,0.3282,0.5021,0.8716
83,195,50,0.3284,0.5021,0.8735
84,195,50,0.3323,0.5021,0.8690
85,195,50,0.3369,0.5021,0.8690
86,194,50,0.3399,0.5021,0.8675
87,197,50,0.3421,0.5021,0.8632
88,196,50,0.3460,0.5021,0.8610
89,194,50,0.3447,0.5021,0.8573
90,194,50,0.3465,0.5021,0.8610
91,195,50,0.3493,0.5021,0.8600
92,193,50,0.3505,0.5021,0.8608
93,196,50,0.3554,0.5021,0.8609
94,194,50,0.3562,0.5021,0.8619
95,198,50,0.3550,0.5021,0.8638
96,196,50,0.3593,0.5021,0.8652
97,192,50,0.3580,0.5021,0.8659
98,194,50,0.3575,0.5021,0.8674
99,194,50,0.3593,0.5021,0.8673
100,194,50,0.3602,0.5021,0.8637
101,194,50,0.3610,0.5021,0.8658
102,196,50,0.3598,0.5021,0.8617
103,197,50,0.3571,0.5021,0.8618
104,193,50,0.3591,0.5021,0.8619
105,195,50,0.3583,0.5021,0.8591
106,192,50,0.3569,0.5021,0.8605
107,192,50,0.3578,0.5021,0.8547
108,195,50,0.3574,0.5021,0.8530
109,197,50,0.3613,0.5021,0.8529
110,193,50,0.3631,0.5021,0.8534
111,197,50,0.3660,0.5021,0.8563
112,196,50,0.3704,0.5021,0.8542
113,193,50,0.3720,0.5021,0.8550
114,193,50,0.3715,0.5021,0.8521
115,196,50,0.3771,0.5021,0.8619
116,196,50,0.3792,0.5021,0.8594
117,193,50,0.3825,0.5021,0.8622
118,194,50,0.3873,0.5021,0.8626
119,199,50,0.3855,0.5021,0.8650
120,192,50,0.3876,0.5021,0.8666
121,189,50,0.3887,0.5021,0.8735
122,197,50,0.3889,0.5021,0.8670
123,195,50,0.3904,0.5021,0.8698
124,196,50,0.3906,0.5021,0.8744
125,193,50,0.3915,0.5021,0.8789
126,196,50,0.3913,0.5021,0.8786
127,195,50,0.3943,0.5021,0.8773
128,194,50,0.3934,0.5021,0.8827
129,193,50,0.3923,0.5021,0.8879
130,196,50,0.3909,0.5021,0.8859
131,194,50,0.3942,0.5021,0.8844
132,197,50,0.3940,0.5021,0.8846
133,193,50,0.3946,0.5021,0.8802
134,193,50,0.3965,0.5021,0.8839
135,192,50,0.3968,0.5021,0.8824
136,195,50,0.4018,0.5021,0.8833
137,193,50,0.4032,0.5021,0.8882
138,195,50,0.4042,0.5021,0.8926
139,196,50,0.4078,0.5021,0.8958
140,196,50,0.4055,0.5021,0.9003
141,195,50,0.4042,0.5021,0.8966
142,195,50,0.4051,0.5021,0.9012
143,194,50,0.4071,0.5021,0.8969
144,196,50,0.4076,0.5021,0.8951
145,195,50,0.4094,0.5021,0.8943
146,196,50,0.4086,0.5021,0.8958
147,191,50,0.4121,0.5021,0.8970
148,196,50,0.4126,0.5021,0.9004
149,199,50,0.4122,0.5021,0.8998
150,195,50,0.4108,0.5021,0.8948
151,192,50,0.4153,0.5021,0.8974
152,190,50,0.4123,0.5021,0.9008
153,195,50,0.4089,0.5021,0.9047
154,195,50,0.4117,0.5021,0.9038
155,195,50,0.4122,0.5021,0.9052
156,194,50,0.4115,0.5021,0.9119
157,197,50,0.4094,0.5021,0.9175
158,195,50,0.4096,0.5021,0.9166
159,194,50,0.4080,0.5021,0.9211
160,197,50,0.4118,0.5021,0.9231
161,191,50,0.4140,0.5021,0.9292
162,199,50,0.4144,0.5021,0.9317
163,196,50,0.4173,0.5021,0.9292
164,195,50,0.4201,0.5021,0.9286
165,194,50,0.4204,0.5021,0.9257
166,199,50,0.4210,0.5021,0.9248
167,196,50,0.4230,0.5021,0.9284
168,192,50,0.4232,0.5021,0.9341
169,196,50,0.4228,0.5021,0.9380
170,195,50,0.4218,0.5021,0.9412
171,197,50,0.4204,0.5021,0.9367
172,198,50,0.4192,0.5021,0.9343
173,193,50,0.4174,0.5021,0.9329
174,193,50,0.4209,0.5021,0.9373
175,193,50,0.4203,0.5021,0.9371
176,195,50,0.4194,0.5021,0.9389
177,197,50,0.4149,0.5021,0.9376
178,197,50,0.4152,0.5021,0.9395
179,189,50,0.4116,0.5021,0.9377
180,196,50,0.4094,0.5021,0.9415
181,193,50,0.4084,0.5021,0.9423
182,193,50,0.4038,0.5021,0.9430
183,196,50,0.4004,0.5021,0.9462
184,193,50,0.3984,0.5021,0.9505
185,194,50,0.3978,0.5021,0.9538
186,191,50,0.3947,0.5021,0.9544
187,195,50,0.3921,0.5021,0.9516
188,194,50,0.3928,0.5021,0.9536
189,195,50,0.3890,0.5021,0.9523
190,194,50,0.3905,0.5021,0.9498
191,197,50,0.3941,0.5021,0.9461
192,192,50,0.3967,0.5021,0.9446
193,196,50,0.3969,0.5021,0.9440
194,194,50,0.3971,0.5021,0.9435
195,197,50,0.3962,0.5021,0.9428
196,195,50,0.3955,0.5021,0.9393
197,193,50,0.3969,0.5021,0.9329
198,192,50,0.3967,0.5021,0.9334
199,197,50,0.3937,0.5021,0.9316
200,191,50,0.3941,0.5021,0.9229
201,192,50,0.3912,0.5021,0.9275
202,194,50,0.3905,0.5021,0.9262
203,195,50,0.3894,0.5021,0.9232
204,195,50,0.3901,0.5021,0.9208
205,199,50,0.3899,0.5021,0.9198
206,192,50,0.3901,0.5021,0.9225
207,195,50,0.3886,0.5021,0.9242
208,194,50,0.3952,0.5021,0.9253
209,193,50,0.4013,0.5021,0.9227
210,195,50,0.4060,0.5021,0.9167
211,192,50,0.4121,0.5021,0.9200
212,196,50,0.4128,0.5021,0.9213
213,194,50,0.4180,0.5021,0.9168
214,195,50,0.4212,0.5021,0.9165
215,192,50,0.4252,0.5021,0.9113
216,195,50,0.4280,0.5021,0.9095
217,195,50,0.4300,0.5021,0.9122
218,196,50,0.4331,0.5021,0.9104
219,196,50,0.4356,0.5021,0.9108
220,192,50,0.4396,0.5021,0.9033
221,197,50,0.4407,0.5021,0.8985
222,196,50,0.4399,0.5021,0.8967
223,194,50,0.4401,0.5021,0.8954
224,196,50,0.4406,0.5021,0.8959
225,197,50,0.4436,0.5021,0.8969
226,191,50,0.4486,0.5021,0.8974
227,197,50,0.4473,0.5021,0.8973
228,196,50,0.4484,0.5021,0.8978
229,197,50,0.4510,0.5021,0.9043
230,199,50,0.4483,0.5021,0.9037
231,198,50,0.4498,0.5021,0.9023
232,191,50,0.4512,0.5021,0.8989
233,193,50,0.4528,0.5021,0.9030
234,194,50,0.4539,0.5021,0.9081
235,195,50,0.4545,0.5021,0.9086
236,190,50,0.4544,0.5021,0.9060
237,197,50,0.4589,0.5021,0.9081
238,194,50,0.4609,0.5021,0.9076
239,191,50,0.4636,0.5021,0.9076
240,198,50,0.4617,0.5021,0.9083
241,199,50,0.4608,0.5021,0.9108
242,195,50,0.4620,0.5021,0.9091
243,195,50,0.4627,0.5021,0.9071
244,196,50,0.4644,0.5021,0.9051
245,194,50,0.4657,0.5021,0.9046
246,193,50,0.4678,0.5021,0.9016
247,197,50,0.4683,0.5021,0.9029
248,192,50,0.4683,0.5021,0.9055
249,196,50,0.4714,0.5021,0.9057
250,194,50,0.4701,0.5021,0.9078
251,194,50,0.4674,0.5021,0.9057
252,194,50,0.4691,0.5021,0.9053
253,196,50,0.4668,0.5021,0.9069
254,196,50,0.4664,0.5021,0.9061
255,198,50,0.4663,0.5021,0.9108
256,195,50,0.4690,0.5021,0.9143
257,192,50,0.4666,0.5021,0.9131
258,195,50,0.4627,0.5021,0.9124
259,194,50,0.4606,0.5021,0.9145
260,195,50,0.4591,0.5021,0.9110
261,197,50,0.4592,0.5021,0.9104
262,194,50,0.4615,0.5021,0.9100
263,193,50,0.4610,0.5021,0.9085
264,197,50,0.4648,0.5021,0.9119
265,192,50,0.4660,0.5021,0.9125
266,196,50,0.4656,0.5021,0.9119
267,192,50,0.4677,0.5021,0.9148
268,194,50,0.4619,0.5021,0.9114
269,196,50,0.4648,0.5021,0.9131
270,194,50,0.4635,0.5021,0.9136
271,196,50,0.4677,0.5021,0.9142
272,196,50,0.4725,0.5021,0.9153
273,194,50,0.4813,0.5021,0.9144
274,196,50,0.4820,0.5021,0.9155
275,196,50,0.4765,0.5021,0.9116
276,194,50,0.4734,0.5021,0.9092
277,192,50,0.4771,0.5021,0.9152
278,194,50,0.4778,0.5021,0.9172
279,198,50,0.4802,0.5021,0.9201
280,193,50,0.4760,0.5021,0.9178
281,196,50,0.4810,0.5021,0.9144
282,197,50,0.4831,0.5021,0.9154
283,195,50,0.4897,0.5021,0.9146
284,197,50,0.4879,0.5021,0.9120
285,194,50,0.4924,0.5021,0.9110
286,192,50,0.4924,0.5021,0.9065
287,195,50,0.4945,0.5021,0.9057
288,194,50,0.4964,0.5021,0.9047
289,195,50,0.4922,0.5021,0.9073
290,198,50,0.4968,0.5021,0.9059
291,196,50,0.4989,0.5021,0.9099
292,196,50,0.5038,0.5021,0.9114
293,194,50,0.5049,0.5021,0.9096
294,194,50,0.5039,0.5021,0.9060
295,195,50,0.5049,0.5021,0.9041
296,191,50,0.5042,0.5021,0.9081
297,194,50,0.5067,0.5021,0.9072
298,197,50,0.5055,0.5021,0.9078
299,194,50,0.5043,0.5021,0.9076
300,198,50,0.5081,0.5021,0.9067
301,190,50,0.5087,0.5021,0.9037
302,195,50,0.5079,0.5021,0.9029
303,198,50,0.5051,0.5021,0.9030
304,196,50,0.5069,0.5021,0.9006
305,195,50,0.5080,0.5021,0.9046
306,195,50,0.5105,0.5021,0.9062
307,193,50,0.5081,0.5021,0.9066
308,195,50,0.5082,0.5021,0.9076
309,194,50,0.5165,0.5021,0.9048
310,196,50,0.5215,0.5021,0.9074
311,195,50,0.5248,0.5021,0.9015
312,194,50,0.5217,0.5021,0.9019
313,196,50,0.5216,0.5021,0.9035
314,190,50,0.5235,0.5021,0.9035
315,195,50,0.5225,0.5021,0.9043
316,196,50,0.5247,0.5021,0.9046
317,194,50,0.5263,0.5021,0.9025
318,195,50,0.5270,0.5021,0.9036
319,195,50,0.5305,0.5021,0.9052
320,198,50,0.5292,0.5021,0.9046
321,199,50,0.5290,0.5021,0.9047
322,195,50,0.5273,0.5021,0.9026
323,199,50,0.5261,0.5021,0.9007
324,195,50,0.5273,0.5021,0.8961
325,196,50,0.5297,0.5021,0.8964
326,191,50,0.5301,0.5021,0.8933
327,195,50,0.5319,0.5021,0.8910
328,192,50,0.5403,0.5021,0.8891
329,196,50,0.5417,0.5021,0.8911
330,197,50,0.5447,0.5021,0.8944
331,198,50,0.5396,0.5021,0.8943
332,195,50,0.5350,0.5021,0.8968
333,193,50,0.5341,0.5021,0.8940
334,193,50,0.5365,0.5021,0.8947
335,195,50,0.5352,0.5021,0.8961
336,197,50,0.5370,0.5021,0.8909
337,198,50,0.5368,0.5021,0.8917
338,192,50,0.5344,0.5021,0.8935
339,196,50,0.5356,0.5021,0.8977
340,197,50,0.5363,0.5021,0.8967
341,195,50,0.5394,0.5021,0.8979
342,196,50,0.5372,0.5021,0.8949
343,193,50,0.5431,0.5021,0.8913
344,195,50,0.5494,0.5021,0.8882
345,195,50,0.5485,0.5021,0.8851
346,192,50,0.5503,0.5021,0.8848
347,196,50,0.5556,0.5021,0.8850
348,197,50,0.5573,0.5021,0.8835
349,195,50,0.5584,0.5021,0.8830
350,192,50,0.5680,0.5021,0.8782
351,196,50,0.5696,0.5021,0.8814
352,194,50,0.5740,0.5021,0.8805
353,197,50,0.5754,0.5021,0.8815
354,196,50,0.5777,0.5021,0.8803
355,196,50,0.5839,0.5021,0.8779
356,193,50,0.5904,0.5021,0.8743
357,195,50,0.5923,0.5021,0.8732
358,198,50,0.5937,0.5021,0.8745
359,194,50,0.5974,0.5021,0.8712
360,196,50,0.6004,0.5021,0.8729
361,195,50,0.6018,0.5021,0.8691
362,196,50,0.6026,0.5021,0.8702
363,197,50,0.6027,0.5021,0.8759
364,195,50,0.6064,0.5021,0.8716
365,196,50,0.6109,0.5021,0.8744
366,197,50,0.6112,0.5021,0.8744
367,198,50,0.6122,0.5021,0.8740
368,196,50,0.6137,0.5021,0.8722
369,193,50,0.6190,0.5021,0.8738
370,196,50,0.6266,0.5021,0.8707
371,199,50,0.6260,0.5021,0.8726
372,192,50,0.6277,0.5021,0.8750
373,196,50,0.6356,0.5021,0.8729
374,193,50,0.6382,0.5021,0.8709
375,195,50,0.6407,0.5021,0.8735
376,195,50,0.6482,0.5021,0.8714
377,194,50,0.6575,0.5021,0.8661
378,196,50,0.6604,0.5021,0.8671
379,193,50,0.6634,0.5021,0.8640
380,195,50,0.6716,0.5021,0.8603
381,197,50,0.6740,0.5021,0.8585
382,196,50,0.6763,0.5021,0.8576
383,196,50,0.6758,0.5021,0.8550
384,197,50,0.6788,0.5021,0.8536
385,191,50,0.6750,0.5021,0.8559
386,195,50,0.6759,0.5021,0.8545
387,199,50,0.6792,0.5021,0.8532
388,199,50,0.6801,0.5021,0.8536
389,196,50,0.6835,0.5021,0.8520
390,196,50,0.6862,0.5021,0.8517
391,196,50,0.6903,0.5021,0.8496
392,195,50,0.6924,0.5021,0.8504
393,196,50,0.6946,0.5021,0.8497
394,193,50,0.6985,0.5021,0.8478
395,197,50,0.6971,0.5021,0.8492
396,199,50,0.6966,0.5021,0.8527
397,195,50,0.7001,0.5021,0.8501
398,192,50,0.7028,0.5021,0.8471
399,197,50,0.7075,0.5021,0.8471
400,196,50,0.7063,0.5021,0.8490
401,198,50,0.7086,0.5021,0.8479
402,197,50,0.7086,0.5021,0.8521
403,197,50,0.7073,0.5021,0.8540
404,195,50,0.7060,0.5021,0.8534
405,198,50,0.7118,0.5021,0.8496
406,190,50,0.7133,0.5021,0.8527
407,194,50,0.7125,0.5021,0.8536
408,198,50,0.7144,0.5021,0.8512
409,197,50,0.7154,0.5021,0.8498
410,195,50,0.7182,0.5021,0.8485
411,196,50,0.7193,0.5021,0.8489
412,196,50,0.7188,0.5021,0.8479
413,196,50,0.7210,0.5021,0.8459
414,193,50,0.7280,0.5021,0.8398
415,199,50,0.7319,0.5021,0.8349
416,199,50,0.7324,0.5021,0.8350
417,195,50,0.7306,0.5021,0.8373
418,194,50,0.7341,0.5021,0.8319
419,197,50,0.7393,0.5021,0.8273
420,195,50,0.7412,0.5021,0.8268
421,194,50,0.7487,0.5021,0.8205
422,197,50,0.7506,0.5021,0.8165
423,192,50,0.7519,0.5021,0.8118
424,199,50,0.7529,0.5021,0.8064
425,195,50,0.7591,0.5021,0.8053
426,194,50,0.7635,0.5021,0.8049
427,195,50,0.7661,0.5021,0.7990
428,196,50,0.7676,0.5021,0.7976
429,195,50,0.7706,0.5021,0.7961
430,198,50,0.7731,0.5021,0.7934
431,193,50,0.7749,0.5021,0.7920
432,196,50,0.7809,0.5021,0.7854
433,197,50,0.7782,0.5021,0.7844
434,194,50,0.7775,0.5021,0.7835
435,200,50,0.7741,0.5021,0.7839
436,196,50,0.7760,0.5021,0.7830
437,197,50,0.7763,0.5021,0.7845
438,198,50,0.7805,0.5021,0.7810
439,199,50,0.7811,0.5021,0.7784
440,196,50,0.7815,0.5021,0.7786
441,195,50,0.7830,0.5021,0.7776
442,198,50,0.7852,0.5021,0.7771
443,196,50,0.7873,0.5021,0.7748
444,196,50,0.7857,0.5021,0.7757
445,196,50,0.7864,0.5021,0.7701
446,198,50,0.7860,0.5021,0.7720
447,194,50,0.7909,0.5021,0.7699
448,194,50,0.7963,0.5021,0.7647
449,195,50,0.7960,0.5021,0.7605
450,199,50,0.7946,0.5021,0.7634
451,195,50,0.7953,0.5021,0.7635
452,198,50,0.7947,0.5021,0.7595
453,196,50,0.7941,0.5021,0.7600
454,197,50,0.7959,0.5021,0.7595
455,196,50,0.7956,0.5021,0.7621
456,197,50,0.7982,0.5021,0.7611
457,195,50,0.8008,0.5021,0.7599
458,197,50,0.7976,0.5021,0.7606
459,193,50,0.7986,0.5021,0.7602
460,195,50,0.8007,0.5021,0.7591
461,196,50,0.8025,0.5021,0.7592
462,196,50,0.8036,0.5021,0.7576
463,199,50,0.8019,0.5021,0.7601
464,198,50,0.8017,0.5021,0.7624
465,195,50,0.8000,0.5021,0.7666
466,193,50,0.7934,0.5021,0.7661
467,195,50,0.7965,0.5021,0.7656
468,197,50,0.7973,0.5021,0.7615
469,195,50,0.7997,0.5021,0.7605
470,194,50,0.7989,0.5021,0.7571
471,197,50,0.8062,0.5021,0.7552
472,197,50,0.8099,0.5021,0.7516
473,190,50,0.8143,0.5021,0.7514
474,198,50,0.8157,0.5021,0.7523
475,197,50,0.8147,0.5021,0.7520
476,198,50,0.8142,0.5021,0.7509
477,195,50,0.8153,0.5021,0.7520
478,194,50,0.8163,0.5021,0.7533
479,199,50,0.8162,0.5021,0.7515
480,195,50,0.8193,0.5021,0.7501
481,196,50,0.8250,0.5021,0.7469
482,194,50,0.8310,0.5021,0.7476
483,198,50,0.8288,0.5021,0.7504
484,195,50,0.8291,0.5021,0.7486
485,198,50,0.8283,0.5021,0.7467
486,197,50,0.8286,0.5021,0.7495
487,191,50,0.8326,0.5021,0.7451
488,199,50,0.8298,0.5021,0.7454
489,198,50,0.8319,0.5021,0.7444
490,197,50,0.8321,0.5021,0.7418
491,197,50,0.8356,0.5021,0.7448
492,196,50,0.8331,0.5021,0.7462
493,196,50,0.8314,0.5021,0.7469
494,195,50,0.8357,0.5021,0.7425
495,196,50,0.8363,0.5021,0.7429
496,192,50,0.8410,0.5021,0.7410
497,198,50,0.8448,0.5021,0.7397
498,195,50,0.8491,0.5021,0.7305
499,196,50,0.8514,0.5021,0.7301
500,193,50,0.8577,0.5021,0.7313
501,198,50,0.8615,0.5021,0.7300
502,197,50,0.8604,0.5021,0.7320
503,193,50,0.8624,0.5021,0.7342
504,198,50,0.8602,0.5021,0.7386
505,196,50,0.8589,0.5021,0.7349
506,195,50,0.8623,0.5021,0.7372
507,197,50,0.8581,0.5021,0.7400
508,199,50,0.8605,0.5021,0.7389
509,197,50,0.8618,0.5021,0.7367
510,198,50,0.8618,0.5021,0.7359
511,196,50,0.8599,0.5021,0.7371
512,192,50,0.8597,0.5021,0.7421
513,197,50,0.8645,0.5021,0.7401
514,197,50,0.8650,0.5021,0.7385
515,192,50,0.8646,0.5021,0.7421
516,196,50,0.8628,0.5021,0.7467
517,196,50,0.8625,0.5021,0.7474
518,198,50,0.8602,0.5021,0.7503
519,196,50,0.8630,0.5021,0.7483
520,197,50,0.8607,0.5021,0.7506
521,196,50,0.8644,0.5021,0.7471
522,194,50,0.8623,0.5021,0.7438
523,194,50,0.8635,0.5021,0.7414
524,198,50,0.8620,0.5021,0.7461
525,197,50,0.8607,0.5021,0.7471
526,197,50,0.8603,0.5021,0.7515
527,196,50,0.8624,0.5021,0.7486
528,193,50,0.8653,0.5021,0.7412
529,198,50,0.8635,0.5021,0.7477
530,197,50,0.8617,0.5021,0.7477
531,196,50,0.8612,0.5021,0.7504
532,194,50,0.8597,0.5021,0.7564
533,193,50,0.8552,0.5021,0.7579
534,197,50,0.8565,0.5021,0.7547
535,199,50,0.8518,0.5021,0.7594
536,196,50,0.8526,0.5021,0.7623
537,198,50,0.8510,0.5021,0.7665
538,196,50,0.8480,0.5021,0.7666
539,197,50,0.8492,0.5021,0.7670
540,197,50,0.8484,0.5021,0.7647
541,197,50,0.8487,0.5021,0.7646
542,196,50,0.8490,0.5021,0.7633
543,197,50,0.8447,0.5021,0.7628
544,196,50,0.8456,0.5021,0.7642
545,198,50,0.8490,0.5021,0.7661
546,196,50,0.8483,0.5021,0.7679
547,195,50,0.8426,0.5021,0.7681
548,195,50,0.8445,0.5021,0.7719
549,197,50,0.8443,0.5021,0.7737
550,197,50,0.8412,0.5021,0.7761
551,196,50,0.8429,0.5021,0.7740
552,196,50,0.8403,0.5021,0.7732
553,197,50,0.8406,0.5021,0.7715
554,196,50,0.8431,0.5021,0.7725
555,199,50,0.8436,0.5021,0.7735
556,198,50,0.8440,0.5021,0.7754
557,197,50,0.8433,0.5021,0.7736
558,196,50,0.8412,0.5021,0.7734
559,195,50,0.8385,0.5021,0.7761
560,195,50,0.8379,0.5021,0.7775
561,192,50,0.8340,0.5021,0.7736
562,197,50,0.8325,0.5021,0.7762
563,195,50,0.8269,0.5021,0.7776
564,194,50,0.8328,0.5021,0.7779
565,194,50,0.8279,0.5021,0.7712
566,197,50,0.8294,0.5021,0.7656
567,197,50,0.8289,0.5021,0.7634
568,198,50,0.8269,0.5021,0.7633
569,195,50,0.8271,0.5021,0.7600
570,196,50,0.8300,0.5021,0.7643
571,197,50,0.8317,0.5021,0.7588
572,197,50,0.8302,0.5021,0.7582
573,198,50,0.8309,0.5021,0.7526
574,194,50,0.8311,0.5021,0.7508
575,193,50,0.8293,0.5021,0.7538
576,195,50,0.8334,0.5021,0.7503
577,198,50,0.8339,0.5021,0.7532
578,197,50,0.8347,0.5021,0.7562
579,194,50,0.8367,0.5021,0.7578
580,195,50,0.8400,0.5021,0.7597
581,196,50,0.8359,0.5021,0.7643
582,195,50,0.8301,0.5021,0.7641
583,198,50,0.8329,0.5021,0.7640
584,200,50,0.8337,0.5021,0.7652
585,199,50,0.8344,0.5021,0.7637
586,197,50,0.8329,0.5021,0.7638
587,198,50,0.8332,0.5021,0.7632
588,197,50,0.8329,0.5021,0.7655
589,196,50,0.8335,0.5021,0.7633
590,196,50,0.8343,0.5021,0.7633
591,190,50,0.8296,0.5021,0.7691
592,197,50,0.8300,0.5021,0.7667
593,196,50,0.8309,0.5021,0.7652
594,196,50,0.8301,0.5021,0.7664
595,194,50,0.8287,0.5021,0.7678
596,193,50,0.8270,0.5021,0.7703
597,196,50,0.8274,0.5021,0.7667
598,197,50,0.8300,0.5021,0.7669
599,194,50,0.8316,0.5021,0.7655
600,195,50,0.8320,0.5021,0.7601
601,198,50,0.8320,0.5021,0.7624
602,193,50,0.8348,0.5021,0.7559
603,197,50,0.8358,0.5021,0.7519
604,196,50,0.8385,0.5021,0.7509
605,198,50,0.8381,0.5021,0.7567
606,196,50,0.8369,0.5021,0.7579
607,199,50,0.8362,0.5021,0.7616
608,196,50,0.8392,0.5021,0.7619
609,194,50,0.8419,0.5021,0.7607
610,197,50,0.8443,0.5021,0.7616
611,197,50,0.8417,0.5021,0.7566
612,198,50,0.8408,0.5021,0.7532
613,194,50,0.8392,0.5021,0.7522
614,196,50,0.8355,0.5021,0.7510
615,194,50,0.8350,0.5021,0.7531
616,195,50,0.8370,0.5021,0.7537
617,199,50,0.8320,0.5021,0.7566
618,196,50,0.8311,0.5021,0.7566
619,198,50,0.8342,0.5021,0.7549
620,196,50,0.8315,0.5021,0.7556
621,198,50,0.8335,0.5021,0.7549
622,194,50,0.8339,0.5021,0.7593
623,197,50,0.8354,0.5021,0.7545
624,193,50,0.8324,0.5021,0.7525
625,196,50,0.8321,0.5021,0.7525
626,196,50,0.8324,0.5021,0.7527
627,196,50,0.8303,0.5021,0.7523
628,196,50,0.8348,0.5021,0.7521
629,198,50,0.8344,0.5021,0.7517
630,197,50,0.8338,0.5021,0.7523
631,194,50,0.8323,0.5021,0.7484
632,200,50,0.8328,0.5021,0.7485
633,198,50,0.8346,0.5021,0.7478
634,198,50,0.8345,0.5021,0.7488
635,198,50,0.8340,0.5021,0.7478
636,194,50,0.8349,0.5021,0.7436
637,195,50,0.8311,0.5021,0.7447
638,195,50,0.8315,0.5021,0.7400
639,198,50,0.8299,0.5021,0.7387
640,199,50,0.8289,0.5021,0.7399
641,199,50,0.8275,0.5021,0.7403
642,199,50,0.8263,0.5021,0.7405
643,196,50,0.8264,0.5021,0.7381
644,194,50,0.8286,0.5021,0.7365
645,197,50,0.8270,0.5021,0.7337
646,196,50,0.8267,0.5021,0.7334
647,195,50,0.8270,0.5021,0.7316
648,189,50,0.8325,0.5021,0.7399
649,189,50,0.8398,0.5021,0.7400
650,197,50,0.8453,0.5021,0.7404
651,197,50,0.8435,0.5021,0.7392
652,199,50,0.8422,0.5021,0.7403
653,196,50,0.8411,0.5021,0.7407
654,197,50,0.8420,0.5021,0.7351
655,194,50,0.8453,0.5021,0.7353
656,196,50,0.8452,0.5021,0.7408
657,198,50,0.8427,0.5021,0.7374
658,196,50,0.8447,0.5021,0.7337
659,197,50,0.8478,0.5021,0.7324
660,193,50,0.8457,0.5021,0.7311
661,196,50,0.8475,0.5021,0.7351
662,195,50,0.8498,0.5021,0.7317
663,196,50,0.8484,0.5021,0.7297
664,197,50,0.8470,0.5021,0.7271
665,199,50,0.8465,0.5021,0.7297
666,195,50,0.8479,0.5021,0.7289
667,195,50,0.8488,0.5021,0.7281
668,197,50,0.8460,0.5021,0.7282
669,198,50,0.8433,0.5021,0.7284
670,199,50,0.8428,0.5021,0.7280
671,197,50,0.8445,0.5021,0.7282
672,198,50,0.8419,0.5021,0.7263
673,194,50,0.8409,0.5021,0.7264
674,197,50,0.8445,0.5021,0.7263
675,196,50,0.8464,0.5021,0.7246
676,198,50,0.8483,0.5021,0.7229
677,198,50,0.8505,0.5021,0.7247
678,194,50,0.8513,0.5021,0.7175
679,197,50,0.8501,0.5021,0.7173
680,195,50,0.8533,0.5021,0.7184
681,196,50,0.8522,0.5021,0.7157
682,195,50,0.8511,0.5021,0.7151
683,198,50,0.8516,0.5021,0.7135
684,196,50,0.8529,0.5021,0.7154
685,195,50,0.8559,0.5021,0.7139
686,197,50,0.8566,0.5021,0.7135
687,195,50,0.8573,0.5021,0.7141
688,197,50,0.8597,0.5021,0.7134
689,196,50,0.8571,0.5021,0.7166
690,197,50,0.8577,0.5021,0.7162
691,199,50,0.8579,0.5021,0.7190
692,198,50,0.8573,0.5021,0.7183
693,197,50,0.8576,0.5021,0.7205
694,194,50,0.8600,0.5021,0.7196
695,198,50,0.8627,0.5021,0.7190
696,195,50,0.8625,0.5021,0.7186
697,193,50,0.8580,0.5021,0.7212
698,195,50,0.8582,0.5021,0.7245
699,196,50,0.8560,0.5021,0.7178
700,196,50,0.8585,0.5021,0.7201
701,196,50,0.8561,0.5021,0.7209
702,195,50,0.8545,0.5021,0.7197
703,196,50,0.8569,0.5021,0.7217
704,197,50,0.8541,0.5021,0.7210
705,197,50,0.8542,0.5021,0.7186
706,198,50,0.8514,0.5021,0.7195
707,196,50,0.8508,0.5021,0.7188
708,199,50,0.8500,0.5021,0.7173
709,197,50,0.8539,0.5021,0.7157
710,194,50,0.8516,0.5021,0.7155
711,195,50,0.8527,0.5021,0.7154
712,197,50,0.8529,0.5021,0.7135
713,197,50,0.8521,0.5021,0.7104
714,192,50,0.8504,0.5021,0.7121
715,196,50,0.8467,0.5021,0.7134
716,196,50,0.8490,0.5021,0.7108
717,197,50,0.8510,0.5021,0.7098
718,198,50,0.8510,0.5021,0.7133
719,196,50,0.8509,0.5021,0.7105
720,195,50,0.8517,0.5021,0.7089
721,195,50,0.8499,0.5021,0.7047
722,199,50,0.8525,0.5021,0.6999
723,200,50,0.8502,0.5021,0.7004
724,196,50,0.8513,0.5021,0.7008
725,198,50,0.8506,0.5021,0.7010
726,196,50,0.8500,0.5021,0.7016
727,195,50,0.8478,0.5021,0.7012
728,194,50,0.8500,0.5021,0.7004
729,198,50,0.8495,0.5021,0.7018
730,198,50,0.8518,0.5021,0.7039
731,199,50,0.8523,0.5021,0.7028
732,192,50,0.8554,0.5021,0.7046
733,197,50,0.8488,0.5021,0.7021
734,196,50,0.8463,0.5021,0.7050
735,199,50,0.8484,0.5021,0.7020
736,196,50,0.8495,0.5021,0.7046
737,195,50,0.8489,0.5021,0.7017
738,197,50,0.8505,0.5021,0.7029
739,193,50,0.8512,0.5021,0.7001
740,195,50,0.8511,0.5021,0.6968
741,196,50,0.8506,0.5021,0.7000
742,196,50,0.8494,0.5021,0.7013
743,194,50,0.8482,0.5021,0.7024
744,198,50,0.8500,0.5021,0.7031
745,196,50,0.8503,0.5021,0.7037
746,196,50,0.8531,0.5021,0.7028
747,197,50,0.8527,0.5021,0.7028
748,198,50,0.8536,0.5021,0.7028
749,199,50,0.8542,0.5021,0.7028
750,195,50,0.8521,0.5021,0.7040
751,198,50,0.8554,0.5021,0.7033
752,195,50,0.8570,0.5021,0.7028
753,194,50,0.8612,0.5021,0.6966
754,194,50,0.8581,0.5021,0.6994
755,198,50,0.8610,0.5021,0.7008
756,196,50,0.8635,0.5021,0.7020
757,198,50,0.8656,0.5021,0.7009
758,192,50,0.8655,0.5021,0.6987
759,195,50,0.8542,0.5021,0.6986
760,197,50,0.8579,0.5021,0.6998
761,198,50,0.8587,0.5021,0.6988
762,197,50,0.8578,0.5021,0.6973
763,197,50,0.8568,0.5021,0.6949
764,195,50,0.8575,0.5021,0.6946
765,195,50,0.8570,0.5021,0.6997
766,195,50,0.8596,0.5021,0.7015
767,196,50,0.8606,0.5021,0.7031
768,197,50,0.8633,0.5021,0.7054
769,194,50,0.8616,0.5021,0.7039
770,195,50,0.8633,0.5021,0.7017
771,196,50,0.8690,0.5021,0.7035
772,200,50,0.8673,0.5021,0.7055
773,197,50,0.8680,0.5021,0.7075
774,199,50,0.8682,0.5021,0.7075
775,196,50,0.8695,0.5021,0.7115
776,199,50,0.8704,0.5021,0.7103
777,196,50,0.8687,0.5021,0.7117
778,193,50,0.8708,0.5021,0.7068
779,198,50,0.8715,0.5021,0.7028
780,198,50,0.8736,0.5021,0.7019
781,198,50,0.8775,0.5021,0.7024
782,197,50,0.8812,0.5021,0.7029
783,193,50,0.8829,0.5021,0.7029
784,190,50,0.8818,0.5021,0.7006
785,197,50,0.8859,0.5021,0.6958
786,200,50,0.8873,0.5021,0.6927
787,197,50,0.8905,0.5021,0.6919
788,198,50,0.8911,0.5021,0.6929
789,198,50,0.8912,0.5021,0.6921
790,196,50,0.8919,0.5021,0.6920
791,197,50,0.8952,0.5021,0.6910
792,197,50,0.8971,0.5021,0.6899
793,196,50,0.8970,0.5021,0.6854
794,196,50,0.8988,0.5021,0.6859
795,193,50,0.9038,0.5021,0.6884
796,197,50,0.9055,0.5021,0.6855
797,198,50,0.9097,0.5021,0.6835
798,194,50,0.9114,0.5021,0.6862
799,197,50,0.9142,0.5021,0.6833
800,194,50,0.9189,0.5021,0.6853
801,197,50,0.9218,0.5021,0.6809
802,198,50,0.9243,0.5021,0.6802
803,196,50,0.9261,0.5021,0.6783
804,196,50,0.9276,0.5021,0.6750
805,196,50,0.9247,0.5021,0.6774
806,195,50,0.9258,0.5021,0.6739
807,194,50,0.9262,0.5021,0.6778
808,195,50,0.9248,0.5021,0.6720
809,198,50,0.9263,0.5021,0.6698
810,195,50,0.9277,0.5021,0.6709
811,196,50,0.9261,0.5021,0.6713
812,198,50,0.9269,0.5021,0.6683
813,197,50,0.9279,0.5021,0.6681
814,199,50,0.9275,0.5021,0.6683
815,197,50,0.9296,0.5021,0.6669
816,198,50,0.9299,0.5021,0.6636
817,196,50,0.9347,0.5021,0.6576
818,195,50,0.9369,0.5021,0.6570
819,199,50,0.9343,0.5021,0.6563
820,195,50,0.9346,0.5021,0.6502
821,197,50,0.9384,0.5021,0.6484
822,197,50,0.9402,0.5021,0.6477
823,200,50,0.9412,0.5021,0.6457
824,193,50,0.9449,0.5021,0.6454
825,196,50,0.9479,0.5021,0.6479
826,196,50,0.9492,0.5021,0.6456
827,194,50,0.9500,0.5021,0.6442
828,196,50,0.9489,0.5021,0.6466
829,199,50,0.9467,0.5021,0.6421
830,196,50,0.9497,0.5021,0.6359
831,196,50,0.9499,0.5021,0.6322
832,198,50,0.9518,0.5021,0.6307
833,197,50,0.9518,0.5021,0.6307
834,198,50,0.9523,0.5021,0.6281
835,199,50,0.9522,0.5021,0.6287
836,194,50,0.9543,0.5021,0.6245
837,198,50,0.9547,0.5021,0.6259
838,195,50,0.9541,0.5021,0.6217
839,197,50,0.9480,0.5021,0.6177
840,199,50,0.9476,0.5021,0.6172
841,193,50,0.9495,0.5021,0.6065
842,199,50,0.9479,0.5021,0.6091
843,196,50,0.9509,0.5021,0.6062
844,197,50,0.9472,0.5021,0.6067
845,193,50,0.9452,0.5021,0.6076
846,197,50,0.9444,0.5021,0.6089
847,200,50,0.9462,0.5021,0.6102
848,195,50,0.9454,0.5021,0.6108
849,193,50,0.9463,0.5021,0.5986
850,199,50,0.9490,0.5021,0.6010
851,197,50,0.9483,0.5021,0.6021
852,199,50,0.9489,0.5021,0.6021
853,197,50,0.9495,0.5021,0.6010
854,195,50,0.9479,0.5021,0.6006
855,196,50,0.9453,0.5021,0.5979
856,196,50,0.9458,0.5021,0.5947
857,196,50,0.9433,0.5021,0.5960
858,194,50,0.9444,0.5021,0.5956
859,196,50,0.9453,0.5021,0.5975
860,197,50,0.9450,0.5021,0.5943
861,196,50,0.9474,0.5021,0.5958
862,197,50,0.9468,0.5021,0.6000
863,193,50,0.9481,0.5021,0.6024
864,195,50,0.9521,0.5021,0.6044
865,196,50,0.9529,0.5021,0.6094
866,197,50,0.9527,0.5021,0.6068
867,197,50,0.9540,0.5021,0.6073
868,195,50,0.9510,0.5021,0.6002
869,197,50,0.9539,0.5021,0.5988
870,197,50,0.9494,0.5021,0.5958
871,200,50,0.9496,0.5021,0.5965
872,197,50,0.9496,0.5021,0.5937
873,196,50,0.9474,0.5021,0.5981
874,199,50,0.9478,0.5021,0.5935
875,198,50,0.9474,0.5021,0.5923
876,196,50,0.9479,0.5021,0.5894
877,195,50,0.9502,0.5021,0.5866
878,197,50,0.9515,0.5021,0.5898
879,196,50,0.9477,0.5021,0.5875
880,198,50,0.9474,0.5021,0.5844
881,195,50,0.9459,0.5021,0.5850
882,195,50,0.9434,0.5021,0.5827
883,196,50,0.9403,0.5021,0.5818
884,195,50,0.9359,0.5021,0.5830
885,199,50,0.9336,0.5021,0.5806
886,197,50,0.9349,0.5021,0.5791
887,195,50,0.9344,0.5021,0.5837
888,196,50,0.9330,0.5021,0.5806
889,196,50,0.9330,0.5021,0.5821
890,200,50,0.9304,0.5021,0.5809
891,196,50,0.9329,0.5021,0.5804
892,197,50,0.9312,0.5021,0.5824
893,196,50,0.9311,0.5021,0.5811
894,197,50,0.9341,0.5021,0.5778
895,194,50,0.9360,0.5021,0.5789
896,195,50,0.9341,0.5021,0.5770
897,198,50,0.9355,0.5021,0.5735
898,196,50,0.9349,0.5021,0.5716
899,193,50,0.9334,0.5021,0.5731
900,198,50,0.9371,0.5021,0.5691
901,198,50,0.9349,0.5021,0.5641
902,193,50,0.9354,0.5021,0.5603
903,196,50,0.9347,0.5021,0.5527
904,197,50,0.9348,0.5021,0.5517
905,199,50,0.9358,0.5021,0.5501
906,197,50,0.9362,0.5021,0.5473
907,196,50,0.9382,0.5021,0.5515
908,196,50,0.9352,0.5021,0.5496
909,196,50,0.9377,0.5021,0.5490
910,198,50,0.9403,0.5021,0.5475
911,198,50,0.9417,0.5021,0.5430
912,197,50,0.9441,0.5021,0.5412
913,196,50,0.9465,0.5021,0.5400
914,195,50,0.9479,0.5021,0.5378
915,198,50,0.9464,0.5021,0.5399
916,199,50,0.9428,0.5021,0.5409
917,196,50,0.9431,0.5021,0.5385
918,198,50,0.9409,0.5021,0.5333
919,194,50,0.9453,0.5021,0.5310
920,196,50,0.9464,0.5021,0.5348
921,198,50,0.9435,0.5021,0.5269
922,196,50,0.9450,0.5021,0.5276
923,196,50,0.9469,0.5021,0.5265
924,199,50,0.9480,0.5021,0.5286
925,193,50,0.9476,0.5021,0.5329
926,195,50,0.9508,0.5021,0.5371
927,195,50,0.9543,0.5021,0.5399
928,198,50,0.9552,0.5021,0.5354
929,195,50,0.9585,0.5021,0.5328
930,197,50,0.9613,0.5021,0.5334
931,199,50,0.9599,0.5021,0.5304
932,199,50,0.9635,0.5021,0.5309
933,194,50,0.9630,0.5021,0.5304
934,196,50,0.9617,0.5021,0.5251
935,196,50,0.9612,0.5021,0.5270
936,196,50,0.9643,0.5021,0.5297
937,198,50,0.9657,0.5021,0.5303
938,196,50,0.9679,0.5021,0.5262
939,197,50,0.9666,0.5021,0.5231
940,199,50,0.9702,0.5021,0.5276
941,195,50,0.9784,0.5021,0.5237
942,195,50,0.9809,0.5021,0.5172
943,197,50,0.9795,0.5021,0.5176
944,196,50,0.9754,0.5021,0.5202
945,197,50,0.9765,0.5021,0.5182
946,198,50,0.9760,0.5021,0.5164
947,199,50,0.9756,0.5021,0.5154
948,197,50,0.9771,0.5021,0.5182
949,198,50,0.9731,0.5021,0.5226
950,193,50,0.9781,0.5021,0.5232
951,197,50,0.9797,0.5021,0.5249
952,197,50,0.9789,0.5021,0.5235
953,198,50,0.9817,0.5021,0.5286
954,196,50,0.9816,0.5021,0.5238
955,197,50,0.9812,0.5021,0.5263
956,196,50,0.9848,0.5021,0.5265
957,197,50,0.9840,0.5021,0.5309
958,195,50,0.9852,0.5021,0.5385
959,197,50,0.9851,0.5021,0.5411
960,198,50,0.9878,0.5021,0.5360
961,197,50,0.9905,0.5021,0.5361
962,196,50,0.9937,0.5021,0.5347
963,198,50,0.9967,0.5021,0.5261
964,196,50,0.9955,0.5021,0.5241
965,196,50,0.9986,0.5021,0.5265
966,199,50,0.9995,0.5021,0.5232
967,198,50,1.0010,0.5021,0.5254
968,196,50,1.0031,0.5021,0.5263
969,195,50,1.0054,0.5021,0.5239
970,197,50,1.0053,0.5021,0.5211
971,194,50,1.0107,0.5021,0.5180
972,198,50,1.0149,0.5021,0.5192
973,195,50,1.0196,0.5021,0.5231
974,198,50,1.0258,0.5021,0.5316
975,196,50,1.0271,0.5021,0.5343
976,198,50,1.0252,0.5021,0.5341
977,195,50,1.0259,0.5021,0.5396
978,197,50,1.0285,0.5021,0.5374
979,199,50,1.0296,0.5021,0.5350
980,196,50,1.0271,0.5021,0.5297
981,195,50,1.0305,0.5021,0.5241
982,195,50,1.0350,0.5021,0.5229
983,198,50,1.0380,0.5021,0.5175
984,200,50,1.0363,0.5021,0.5204
985,196,50,1.0410,0.5021,0.5191
986,197,50,1.0398,0.5021,0.5192
987,194,50,1.0398,0.5021,0.5158
988,198,50,1.0364,0.5021,0.5218
989,195,50,1.0417,0.5021,0.5201
990,197,50,1.0441,0.5021,0.5268
991,200,50,1.0445,0.5021,0.5267
992,195,50,1.0444,0.5021,0.5224
993,196,50,1.0479,0.5021,0.5236
994,195,50,1.0487,0.5021,0.5205
995,197,50,1.0485,0.5021,0.5262
996,194,50,1.0513,0.5021,0.5280
997,198,50,1.0531,0.5021,0.5265
998,199,50,1.0550,0.5021,0.5223
999,196,50,1.0518,0.5021,0.5199
1000,197,50,1.0524,0.5021,0.5158
1001,194,50,1.0520,0.5021,0.5245
1002,198,50,1.0627,0.5021,0.5310
1003,197,50,1.0647,0.5021,0.5319
1004,197,50,1.0661,0.5021,0.5326
1005,195,50,1.0666,0.5021,0.5296
1006,197,50,1.0691,0.5021,0.5276
1007,193,50,1.0701,0.5021,0.5361
1008,198,50,1.0702,0.5021,0.5318
1009,196,50,1.0701,0.5021,0.5294
1010,197,50,1.0750,0.5021,0.5323
1011,195,50,1.0799,0.5021,0.5339
1012,197,50,1.0771,0.5021,0.5388
1013,199,50,1.0809,0.5021,0.5393
1014,197,50,1.0814,0.5021,0.5428
1015,200,50,1.0789,0.5021,0.5382
1016,194,50,1.0790,0.5021,0.5394
1017,197,50,1.0847,0.5021,0.5410
1018,197,50,1.0869,0.5021,0.5376
1019,197,50,1.0915,0.5021,0.5357
1020,197,50,1.0959,0.5021,0.5406
1021,195,50,1.0974,0.5021,0.5459
1022,198,50,1.0979,0.5021,0.5497
1023,194,50,1.0956,0.5021,0.5527
1024,199,50,1.0982,0.5021,0.5508
1025,197,50,1.0995,0.5021,0.5480
1026,196,50,1.1005,0.5021,0.5515
1027,197,50,1.1064,0.5021,0.5574
1028,199,50,1.1080,0.5021,0.5576
1029,198,50,1.1096,0.5021,0.5585
1030,197,50,1.1107,0.5021,0.5552
1031,194,50,1.1158,0.5021,0.5626
1032,196,50,1.1157,0.5021,0.5579
1033,199,50,1.1181,0.5021,0.5566
1034,197,50,1.1201,0.5021,0.5543
1035,198,50,1.1250,0.5021,0.5592
1036,195,50,1.1265,0.5021,0.5624
1037,195,50,1.1332,0.5021,0.5623
1038,195,50,1.1329,0.5021,0.5742
1039,195,50,1.1355,0.5021,0.5819
1040,196,50,1.1368,0.5021,0.5888
1041,198,50,1.1347,0.5021,0.5886
1042,197,50,1.1381,0.5021,0.5932
1043,197,50,1.1398,0.5021,0.5927
1044,194,50,1.1406,0.5021,0.5855
1045,199,50,1.1361,0.5021,0.5830
1046,199,50,1.1357,0.5021,0.5793
1047,197,50,1.1414,0.5021,0.5838
1048,197,50,1.1436,0.5021,0.5863
1049,198,50,1.1467,0.5021,0.5860
1050,196,50,1.1515,0.5021,0.5904
1051,196,50,1.1558,0.5021,0.5929
1052,198,50,1.1605,0.5021,0.5895
1053,199,50,1.1586,0.5021,0.5935
1054,197,50,1.1641,0.5021,0.5961
1055,199,50,1.1632,0.5021,0.5951
1056,194,50,1.1670,0.5021,0.5900
1057,198,50,1.1683,0.5021,0.5941
1058,198,50,1.1715,0.5021,0.6000
1059,198,50,1.1684,0.5021,0.6033
1060,195,50,1.1697,0.5021,0.6092
1061,197,50,1.1672,0.5021,0.5997
1062,199,50,1.1694,0.5021,0.6071
1063,198,50,1.1685,0.5021,0.6063
1064,190,50,1.1711,0.5021,0.6119
1065,198,50,1.1703,0.5021,0.6073
1066,195,50,1.1716,0.5021,0.6066
1067,196,50,1.1761,0.5021,0.6087
1068,197,50,1.1803,0.5021,0.6065
1069,196,50,1.1797,0.5021,0.6113
1070,198,50,1.1831,0.5021,0.6139
1071,195,50,1.1824,0.5021,0.6150
1072,198,50,1.1874,0.5021,0.6169
1073,196,50,1.1902,0.5021,0.6265
1074,197,50,1.1940,0.5021,0.6266
1075,198,50,1.1882,0.5021,0.6259
1076,200,50,1.1849,0.5021,0.6262
1077,199,50,1.1860,0.5021,0.6283
1078,198,50,1.1857,0.5021,0.6288
1079,198,50,1.1857,0.5021,0.6259
1080,194,50,1.1853,0.5021,0.6087
1081,196,50,1.1880,0.5021,0.6036
1082,197,50,1.1848,0.5021,0.6040
1083,198,50,1.1811,0.5021,0.6021
1084,195,50,1.1752,0.5021,0.6022
1085,197,50,1.1651,0.5021,0.5994
1086,200,50,1.1622,0.5021,0.6060
1087,198,50,1.1620,0.5021,0.6072
1088,194,50,1.1622,0.5021,0.6094
1089,200,50,1.1567,0.5021,0.6205
1090,194,50,1.1600,0.5021,0.6220
1091,197,50,1.1621,0.5021,0.6181
1092,196,50,1.1670,0.5021,0.6149
1093,193,50,1.1681,0.5021,0.6149
1094,199,50,1.1678,0.5021,0.6190
1095,197,50,1.1720,0.5021,0.6236
1096,193,50,1.1736,0.5021,0.6245
1097,198,50,1.1751,0.5021,0.6319
1098,199,50,1.1724,0.5021,0.6327
1099,195,50,1.1707,0.5021,0.6394
1100,197,50,1.1741,0.5021,0.6433
1101,197,50,1.1766,0.5021,0.6410
1102,198,50,1.1784,0.5021,0.6433
1103,200,50,1.1763,0.5021,0.6422
1104,200,50,1.1763,0.5021,0.6422
1105,195,50,1.1774,0.5021,0.6464
1106,196,50,1.1814,0.5021,0.6519
1107,198,50,1.1738,0.5021,0.6580
1108,195,50,1.1715,0.5021,0.6627
1109,191,50,1.1776,0.5021,0.6679
1110,196,50,1.1694,0.5021,0.6707
1111,198,50,1.1683,0.5021,0.6689
1112,196,50,1.1684,0.5021,0.6659
1113,199,50,1.1609,0.5021,0.6639
1114,200,50,1.1597,0.5021,0.6611
1115,197,50,1.1597,0.5021,0.6614
1116,198,50,1.1622,0.5021,0.6675
1117,197,50,1.1653,0.5021,0.6712
1118,195,50,1.1656,0.5021,0.6692
1119,199,50,1.1671,0.5021,0.6763
1120,196,50,1.1659,0.5021,0.6777
1121,196,50,1.1731,0.5021,0.6782
1122,199,50,1.1782,0.5021,0.6822
1123,196,50,1.1792,0.5021,0.6873
1124,199,50,1.1816,0.5021,0.6856
1125,198,50,1.1819,0.5021,0.6918
1126,196,50,1.1788,0.5021,0.6920
1127,198,50,1.1868,0.5021,0.6906
1128,197,50,1.1801,0.5021,0.6917
1129,197,50,1.1850,0.5021,0.6973
1130,198,50,1.1853,0.5021,0.6926
1131,195,50,1.1833,0.5021,0.6861
1132,197,50,1.1831,0.5021,0.6915
1133,198,50,1.1833,0.5021,0.6908
1134,190,50,1.1938,0.5021,0.7023
1135,200,50,1.1938,0.5021,0.6958
1136,196,50,1.1935,0.5021,0.7019
1137,198,50,1.1899,0.5021,0.6965
1138,199,50,1.1871,0.5021,0.6961
1139,194,50,1.1818,0.5021,0.6984
1140,198,50,1.1880,0.5021,0.6967
1141,199,50,1.1903,0.5021,0.7046
1142,198,50,1.1880,0.5021,0.7030
1143,197,50,1.1860,0.5021,0.7044
1144,198,50,1.1851,0.5021,0.7042
1145,198,50,1.1884,0.5021,0.7063
1146,192,50,1.1902,0.5021,0.7141
1147,199,50,1.1926,0.5021,0.7175
1148,195,50,1.1967,0.5021,0.7137
1149,196,50,1.1974,0.5021,0.7173
1150,194,50,1.1978,0.5021,0.7092
1151,196,50,1.2041,0.5021,0.7149
1152,197,50,1.2021,0.5021,0.7151
1153,196,50,1.2058,0.5021,0.7142
1154,200,50,1.2049,0.5021,0.7149
1155,196,50,1.2004,0.5021,0.7128
1156,196,50,1.1996,0.5021,0.7118
1157,197,50,1.2010,0.5021,0.7055
1158,198,50,1.2017,0.5021,0.7039
1159,197,50,1.2039,0.5021,0.7019
1160,199,50,1.1984,0.5021,0.7022
1161,199,50,1.1974,0.5021,0.7044
1162,198,50,1.2008,0.5021,0.7024
1163,199,50,1.2009,0.5021,0.7035
1164,196,50,1.2059,0.5021,0.7059
1165,196,50,1.2041,0.5021,0.7128
1166,197,50,1.2087,0.5021,0.7116
1167,199,50,1.2098,0.5021,0.7090
1168,195,50,1.2137,0.5021,0.7074
1169,200,50,1.2163,0.5021,0.7061
1170,193,50,1.2229,0.5021,0.6995
1171,196,50,1.2281,0.5021,0.7070
1172,195,50,1.2373,0.5021,0.7165
1173,198,50,1.2405,0.5021,0.7228
1174,199,50,1.2428,0.5021,0.7242
1175,199,50,1.2466,0.5021,0.7272
1176,197,50,1.2503,0.5021,0.7325
1177,199,50,1.2545,0.5021,0.7325
1178,198,50,1.2557,0.5021,0.7337
1179,195,50,1.2630,0.5021,0.7401
1180,196,50,1.2716,0.5021,0.7385
1181,200,50,1.2707,0.5021,0.7393
1182,197,50,1.2712,0.5021,0.7326
1183,194,50,1.2831,0.5021,0.7339
1184,199,50,1.2786,0.5021,0.7375
1185,193,50,1.2767,0.5021,0.7356
1186,200,50,1.2850,0.5021,0.7338
1187,194,50,1.2850,0.5021,0.7359
1188,199,50,1.2894,0.5021,0.7380
1189,198,50,1.2961,0.5021,0.7389
1190,195,50,1.2986,0.5021,0.7424
1191,197,50,1.2970,0.5021,0.7461
1192,198,50,1.3030,0.5021,0.7514
1193,198,50,1.3088,0.5021,0.7471
1194,195,50,1.3148,0.5021,0.7492
1195,197,50,1.3224,0.5021,0.7564
1196,199,50,1.3186,0.5021,0.7551
1197,195,50,1.3252,0.5021,0.7624
1198,198,50,1.3280,0.5021,0.7624
1199,198,50,1.3267,0.5021,0.7611
1200,200,50,1.3282,0.5021,0.7597
1201,194,50,1.3399,0.5021,0.7588
1202,199,50,1.3425,0.5021,0.7553
1203,197,50,1.3491,0.5021,0.7561
1204,198,50,1.3522,0.5021,0.7573
1205,197,50,1.3549,0.5021,0.7591
1206,196,50,1.3585,0.5021,0.7511
1207,197,50,1.3627,0.5021,0.7522
1208,197,50,1.3592,0.5021,0.7534
1209,198,50,1.3620,0.5021,0.7545
1210,194,50,1.3639,0.5021,0.7571
1211,199,50,1.3626,0.5021,0.7576
1212,194,50,1.3711,0.5021,0.7582
1213,199,50,1.3756,0.5021,0.7593
1214,198,50,1.3758,0.5021,0.7616
1215,197,50,1.3818,0.5021,0.7605
1216,197,50,1.3821,0.5021,0.7639
1217,199,50,1.3850,0.5021,0.7648
1218,193,50,1.3893,0.5021,0.7702
1219,199,50,1.3874,0.5021,0.7692
1220,197,50,1.3867,0.5021,0.7733
1221,199,50,1.3897,0.5021,0.7733
1222,198,50,1.3911,0.5021,0.7723
1223,197,50,1.3884,0.5021,0.7701
1224,197,50,1.3857,0.5021,0.7674
1225,199,50,1.3900,0.5021,0.7662
1226,197,50,1.3920,0.5021,0.7639
1227,199,50,1.3926,0.5021,0.7674
1228,196,50,1.3968,0.5021,0.7694
1229,196,50,1.3951,0.5021,0.7696
1230,196,50,1.4038,0.5021,0.7715
1231,199,50,1.4038,0.5021,0.7703
1232,197,50,1.4068,0.5021,0.7737
1233,196,50,1.4134,0.5021,0.7793
1234,197,50,1.4161,0.5021,0.7787
1235,194,50,1.4150,0.5021,0.7752
1236,197,50,1.4212,0.5021,0.7736
1237,196,50,1.4297,0.5021,0.7773
1238,195,50,1.4288,0.5021,0.7790
1239,198,50,1.4285,0.5021,0.7768
1240,198,50,1.4284,0.5021,0.7749
1241,199,50,1.4343,0.5021,0.7738
1242,198,50,1.4370,0.5021,0.7737
1243,198,50,1.4372,0.5021,0.7732
1244,199,50,1.4376,0.5021,0.7733
1245,197,50,1.4330,0.5021,0.7740
1246,196,50,1.4366,0.5021,0.7743
1247,198,50,1.4422,0.5021,0.7729
1248,196,50,1.4423,0.5021,0.7727
1249,200,50,1.4442,0.5021,0.7692
1250,197,50,1.4513,0.5021,0.7720
1251,199,50,1.4512,0.5021,0.7679
1252,199,50,1.4508,0.5021,0.7696
1253,198,50,1.4564,0.5021,0.7665
1254,197,50,1.4532,0.5021,0.7710
1255,197,50,1.4611,0.5021,0.7770
1256,199,50,1.4628,0.5021,0.7785
1257,196,50,1.4733,0.5021,0.7817
1258,198,50,1.4793,0.5021,0.7806
1259,198,50,1.4796,0.5021,0.7820
1260,198,50,1.4842,0.5021,0.7814
1261,198,50,1.4828,0.5021,0.7838
1262,197,50,1.4897,0.5021,0.7775
1263,196,50,1.4871,0.5021,0.7737
1264,199,50,1.4843,0.5021,0.7748
1265,195,50,1.4869,0.5021,0.7761
1266,196,50,1.4832,0.5021,0.7751
1267,194,50,1.4812,0.5021,0.7718
1268,198,50,1.4835,0.5021,0.7771
1269,199,50,1.4854,0.5021,0.7752
1270,199,50,1.4841,0.5021,0.7795
1271,200,50,1.4844,0.5021,0.7800
1272,193,50,1.4862,0.5021,0.7853
1273,197,50,1.4797,0.5021,0.7845
1274,198,50,1.4755,0.5021,0.7849
1275,196,50,1.4747,0.5021,0.7870
1276,195,50,1.4663,0.5021,0.7899
1277,197,50,1.4732,0.5021,0.7885
1278,196,50,1.4753,0.5021,0.7890
1279,195,50,1.4820,0.5021,0.7880
1280,194,50,1.4803,0.5021,0.7880
1281,197,50,1.4781,0.5021,0.7828
1282,195,50,1.4782,0.5021,0.7870
1283,198,50,1.4768,0.5021,0.7862
1284,199,50,1.4792,0.5021,0.7870
1285,198,50,1.4838,0.5021,0.7869
1286,198,50,1.4829,0.5021,0.7883
1287,200,50,1.4843,0.5021,0.7871
1288,199,50,1.4861,0.5021,0.7905
1289,198,50,1.4845,0.5021,0.7882
1290,197,50,1.4905,0.5021,0.7893
1291,199,50,1.4972,0.5021,0.7897
1292,199,50,1.4961,0.5021,0.7899
1293,198,50,1.4966,0.5021,0.7895
1294,198,50,1.4995,0.5021,0.7913
1295,198,50,1.5007,0.5021,0.7950
1296,195,50,1.5000,0.5021,0.7963
1297,194,50,1.5041,0.5021,0.8014
1298,200,50,1.5062,0.5021,0.8030
1299,196,50,1.5081,0.5021,0.8049
1300,198,50,1.5089,0.5021,0.8076
1301,197,50,1.5110,0.5021,0.8079
1302,198,50,1.5100,0.5021,0.8078
1303,199,50,1.5139,0.5021,0.8063
1304,198,50,1.5176,0.5021,0.8040
1305,198,50,1.5195,0.5021,0.8032
1306,196,50,1.5268,0.5021,0.7953
1307,198,50,1.5277,0.5021,0.7957
1308,198,50,1.5282,0.5021,0.7932
1309,197,50,1.5294,0.5021,0.7900
1310,198,50,1.5231,0.5021,0.7890
1311,198,50,1.5236,0.5021,0.7865
1312,198,50,1.5247,0.5021,0.7868
1313,199,50,1.5274,0.5021,0.7845
1314,198,50,1.5266,0.5021,0.7843
1315,199,50,1.5300,0.5021,0.7852
1316,200,50,1.5316,0.5021,0.7856
1317,194,50,1.5366,0.5021,0.7870
1318,196,50,1.5420,0.5021,0.7807
1319,198,50,1.5449,0.5021,0.7816
1320,197,50,1.5451,0.5021,0.7858
1321,196,50,1.5493,0.5021,0.7845
1322,200,50,1.5491,0.5021,0.7830
1323,198,50,1.5476,0.5021,0.7838
1324,197,50,1.5552,0.5021,0.7844
1325,196,50,1.5579,0.5021,0.7841
1326,199,50,1.5632,0.5021,0.7839
1327,198,50,1.5623,0.5021,0.7845
1328,199,50,1.5613,0.5021,0.7838
1329,195,50,1.5595,0.5021,0.7878
1330,194,50,1.5753,0.5021,0.7792
1331,198,50,1.5795,0.5021,0.7818
1332,198,50,1.5773,0.5021,0.7823
1333,197,50,1.5785,0.5021,0.7823
1334,194,50,1.5836,0.5021,0.7810
1335,197,50,1.5848,0.5021,0.7839
1336,198,50,1.5858,0.5021,0.7878
1337,196,50,1.5876,0.5021,0.7906
1338,194,50,1.5949,0.5021,0.7921
1339,196,50,1.5985,0.5021,0.7862
1340,198,50,1.6055,0.5021,0.7803
1341,197,50,1.6085,0.5021,0.7831
1342,199,50,1.6121,0.5021,0.7852
1343,198,50,1.6166,0.5021,0.7863
1344,196,50,1.6195,0.5021,0.7853
1345,198,50,1.6194,0.5021,0.7883
1346,198,50,1.6210,0.5021,0.7893
1347,198,50,1.6249,0.5021,0.7914
1348,196,50,1.6257,0.5021,0.7877
1349,198,50,1.6249,0.5021,0.7890
1350,195,50,1.6267,0.5021,0.7872
1351,196,50,1.6330,0.5021,0.7928
1352,199,50,1.6319,0.5021,0.7958
1353,199,50,1.6311,0.5021,0.7964
1354,198,50,1.6309,0.5021,0.7965
1355,198,50,1.6263,0.5021,0.7978
1356,198,50,1.6301,0.5021,0.7945
1357,199,50,1.6308,0.5021,0.7951
1358,198,50,1.6330,0.5021,0.7958
1359,197,50,1.6372,0.5021,0.7923
1360,199,50,1.6391,0.5021,0.7923
1361,198,50,1.6413,0.5021,0.7924
1362,197,50,1.6412,0.5021,0.7931
1363,199,50,1.6431,0.5021,0.7890
1364,198,50,1.6438,0.5021,0.7877
1365,198,50,1.6457,0.5021,0.7891
1366,199,50,1.6422,0.5021,0.7906
1367,198,50,1.6434,0.5021,0.7923
1368,196,50,1.6426,0.5021,0.7898
1369,198,50,1.6442,0.5021,0.7914
1370,198,50,1.6387,0.5021,0.7924
1371,199,50,1.6395,0.5021,0.7924
1372,198,50,1.6423,0.5021,0.7929
1373,194,50,1.6491,0.5021,0.7951
1374,197,50,1.6510,0.5021,0.7951
1375,198,50,1.6512,0.5021,0.7947
1376,199,50,1.6523,0.5021,0.7968
1377,197,50,1.6585,0.5021,0.7986
1378,198,50,1.6570,0.5021,0.8039
1379,198,50,1.6587,0.5021,0.8038
1380,198,50,1.6545,0.5021,0.8089
1381,195,50,1.6572,0.5021,0.8043
1382,198,50,1.6663,0.5021,0.7993
1383,197,50,1.6680,0.5021,0.7994
1384,195,50,1.6602,0.5021,0.8009
1385,200,50,1.6579,0.5021,0.8053
1386,198,50,1.6559,0.5021,0.8071
1387,200,50,1.6554,0.5021,0.8069
1388,200,50,1.6554,0.5021,0.8069
1389,198,50,1.6549,0.5021,0.8064
1390,196,50,1.6549,0.5021,0.8119
1391,197,50,1.6604,0.5021,0.8078
1392,197,50,1.6611,0.5021,0.8131
1393,199,50,1.6639,0.5021,0.8098
1394,200,50,1.6657,0.5021,0.8104
1395,199,50,1.6644,0.5021,0.8126
1396,197,50,1.6643,0.5021,0.8126
1397,200,50,1.6606,0.5021,0.8149
1398,197,50,1.6626,0.5021,0.8116
1399,198,50,1.6612,0.5021,0.8115
1400,198,50,1.6610,0.5021,0.8121
1401,198,50,1.6599,0.5021,0.8138
1402,197,50,1.6591,0.5021,0.8154
1403,196,50,1.6561,0.5021,0.8221
1404,194,50,1.6555,0.5021,0.8314
1405,199,50,1.6532,0.5021,0.8283
1406,198,50,1.6552,0.5021,0.8312
1407,199,50,1.6568,0.5021,0.8310
1408,197,50,1.6544,0.5021,0.8302
1409,194,50,1.6495,0.5021,0.8330
1410,198,50,1.6495,0.5021,0.8399
1411,198,50,1.6470,0.5021,0.8413
1412,197,50,1.6518,0.5021,0.8410
1413,197,50,1.6445,0.5021,0.8465
1414,197,50,1.6440,0.5021,0.8460
1415,199,50,1.6406,0.5021,0.8498
1416,196,50,1.6428,0.5021,0.8476
1417,196,50,1.6424,0.5021,0.8492
1418,198,50,1.6407,0.5021,0.8523
1419,196,50,1.6434,0.5021,0.8557
1420,195,50,1.6488,0.5021,0.8502
1421,200,50,1.6502,0.5021,0.8536
1422,200,50,1.6502,0.5021,0.8536
1423,195,50,1.6476,0.5021,0.8553
1424,200,50,1.6421,0.5021,0.8613
1425,199,50,1.6398,0.5021,0.8613
1426,198,50,1.6419,0.5021,0.8581
1427,196,50,1.6411,0.5021,0.8588
1428,197,50,1.6422,0.5021,0.8566
1429,199,50,1.6435,0.5021,0.8554
1430,199,50,1.6445,0.5021,0.8563
1431,197,50,1.6409,0.5021,0.8546
1432,196,50,1.6428,0.5021,0.8537
1433,197,50,1.6450,0.5021,0.8557
1434,197,50,1.6435,0.5021,0.8566
1435,197,50,1.6461,0.5021,0.8548
1436,198,50,1.6511,0.5021,0.8577
1437,198,50,1.6552,0.5021,0.8575
1438,196,50,1.6540,0.5021,0.8582
1439,199,50,1.6522,0.5021,0.8558
1440,200,50,1.6533,0.5021,0.8540
1441,197,50,1.6524,0.5021,0.8557
1442,196,50,1.6528,0.5021,0.8559
1443,199,50,1.6506,0.5021,0.8567
1444,200,50,1.6510,0.5021,0.8577
1445,197,50,1.6544,0.5021,0.8546
1446,197,50,1.6557,0.5021,0.8556
1447,199,50,1.6524,0.5021,0.8556
1448,197,50,1.6463,0.5021,0.8643
1449,194,50,1.6441,0.5021,0.8667
1450,199,50,1.6497,0.5021,0.8649
1451,200,50,1.6494,0.5021,0.8642
1452,198,50,1.6468,0.5021,0.8659
1453,200,50,1.6472,0.5021,0.8639
1454,198,50,1.6504,0.5021,0.8621
1455,199,50,1.6559,0.5021,0.8561
1456,196,50,1.6531,0.5021,0.8542
1457,199,50,1.6516,0.5021,0.8549
1458,197,50,1.6488,0.5021,0.8561
1459,198,50,1.6487,0.5021,0.8588
1460,199,50,1.6464,0.5021,0.8612
1461,199,50,1.6474,0.5021,0.8592
1462,198,50,1.6488,0.5021,0.8548
1463,196,50,1.6457,0.5021,0.8530
1464,196,50,1.6451,0.5021,0.8494
1465,197,50,1.6471,0.5021,0.8500
1466,196,50,1.6500,0.5021,0.8480
1467,199,50,1.6513,0.5021,0.8460
1468,197,50,1.6508,0.5021,0.8437
1469,200,50,1.6498,0.5021,0.8473
1470,196,50,1.6509,0.5021,0.8444
1471,196,50,1.6519,0.5021,0.8398
1472,196,50,1.6507,0.5021,0.8456
1473,200,50,1.6460,0.5021,0.8408
1474,199,50,1.6447,0.5021,0.8431
1475,194,50,1.6442,0.5021,0.8456
1476,196,50,1.6496,0.5021,0.8388
1477,200,50,1.6462,0.5021,0.8402
1478,199,50,1.6469,0.5021,0.8406
1479,197,50,1.6464,0.5021,0.8413
1480,198,50,1.6534,0.5021,0.8375
1481,197,50,1.6587,0.5021,0.8333
1482,197,50,1.6542,0.5021,0.8361
1483,196,50,1.6569,0.5021,0.8282
1484,199,50,1.6597,0.5021,0.8286
1485,199,50,1.6597,0.5021,0.8297
1486,198,50,1.6604,0.5021,0.8256
1487,198,50,1.6611,0.5021,0.8249
1488,199,50,1.6581,0.5021,0.8216
1489,197,50,1.6581,0.5021,0.8254
1490,197,50,1.6579,0.5021,0.8264
1491,196,50,1.6578,0.5021,0.8270
1492,195,50,1.6532,0.5021,0.8239
1493,197,50,1.6561,0.5021,0.8201
1494,195,50,1.6562,0.5021,0.8191
1495,200,50,1.6595,0.5021,0.8184
1496,199,50,1.6624,0.5021,0.8150
1497,198,50,1.6610,0.5021,0.8171
1498,197,50,1.6618,0.5021,0.8125
1499,195,50,1.6583,0.5021,0.8118
1500,199,50,1.6581,0.5021,0.8144
1501,199,50,1.6574,0.5021,0.8115
1502,199,50,1.6573,0.5021,0.8094
1503,197,50,1.6581,0.5021,0.8095
1504,197,50,1.6582,0.5021,0.8118
1505,197,50,1.6576,0.5021,0.8125
1506,199,50,1.6587,0.5021,0.8080
1507,198,50,1.6578,0.5021,0.8108
1508,197,50,1.6592,0.5021,0.8107
1509,197,50,1.6566,0.5021,0.8133
1510,199,50,1.6605,0.5021,0.8102
1511,200,50,1.6619,0.5021,0.8114
1512,197,50,1.6651,0.5021,0.8068
1513,195,50,1.6625,0.5021,0.8019
1514,197,50,1.6652,0.5021,0.7974
1515,197,50,1.6661,0.5021,0.8034
1516,198,50,1.6631,0.5021,0.8112
1517,198,50,1.6628,0.5021,0.8118
1518,195,50,1.6639,0.5021,0.8122
1519,198,50,1.6709,0.5021,0.8083
1520,200,50,1.6689,0.5021,0.8115
1521,198,50,1.6703,0.5021,0.8096
1522,197,50,1.6694,0.5021,0.8059
1523,195,50,1.6671,0.5021,0.8053
1524,199,50,1.6678,0.5021,0.8026
1525,200,50,1.6699,0.5021,0.8020
1526,196,50,1.6663,0.5021,0.8046
1527,198,50,1.6683,0.5021,0.8051
1528,199,50,1.6686,0.5021,0.8029
1529,198,50,1.6686,0.5021,0.8043
1530,194,50,1.6665,0.5021,0.8075
1531,200,50,1.6730,0.5021,0.8045
1532,198,50,1.6688,0.5021,0.8040
1533,199,50,1.6680,0.5021,0.8047
1534,197,50,1.6633,0.5021,0.8074
1535,200,50,1.6619,0.5021,0.8073
1536,194,50,1.6606,0.5021,0.8062
1537,198,50,1.6608,0.5021,0.8064
1538,197,50,1.6619,0.5021,0.8080
1539,196,50,1.6660,0.5021,0.8049
1540,198,50,1.6663,0.5021,0.8072
1541,198,50,1.6682,0.5021,0.8084
1542,195,50,1.6721,0.5021,0.8001
1543,196,50,1.6733,0.5021,0.7983
1544,199,50,1.6747,0.5021,0.7919
1545,199,50,1.6727,0.5021,0.7947
1546,199,50,1.6737,0.5021,0.7964
1547,199,50,1.6769,0.5021,0.7919
1548,196,50,1.6776,0.5021,0.7969
1549,198,50,1.6759,0.5021,0.7961
1550,198,50,1.6765,0.5021,0.7942
1551,199,50,1.6757,0.5021,0.7947
1552,195,50,1.6794,0.5021,0.7905
1553,199,50,1.6842,0.5021,0.7886
1554,198,50,1.6862,0.5021,0.7904
1555,197,50,1.6904,0.5021,0.7854
1556,198,50,1.6855,0.5021,0.7865
1557,197,50,1.6880,0.5021,0.7866
1558,199,50,1.6875,0.5021,0.7874
1559,200,50,1.6887,0.5021,0.7865
1560,197,50,1.6880,0.5021,0.7836
1561,196,50,1.6977,0.5021,0.7796
1562,199,50,1.7036,0.5021,0.7737
1563,196,50,1.7083,0.5021,0.7730
1564,199,50,1.7098,0.5021,0.7717
1565,198,50,1.7139,0.5021,0.7704
1566,196,50,1.7098,0.5021,0.7750
1567,199,50,1.7112,0.5021,0.7772
1568,197,50,1.7100,0.5021,0.7770
1569,199,50,1.7105,0.5021,0.7780
1570,200,50,1.7109,0.5021,0.7763
1571,199,50,1.7130,0.5021,0.7761
1572,199,50,1.7135,0.5021,0.7741
1573,197,50,1.7102,0.5021,0.7776
1574,198,50,1.7113,0.5021,0.7760
1575,197,50,1.7057,0.5021,0.7776
1576,198,50,1.7042,0.5021,0.7806
1577,195,50,1.7071,0.5021,0.7779
1578,197,50,1.7019,0.5021,0.7828
1579,197,50,1.7027,0.5021,0.7809
1580,198,50,1.7017,0.5021,0.7837
1581,200,50,1.6996,0.5021,0.7888
1582,198,50,1.7033,0.5021,0.7840
1583,198,50,1.7034,0.5021,0.7819
1584,197,50,1.7040,0.5021,0.7774
1585,195,50,1.7079,0.5021,0.7776
1586,198,50,1.7066,0.5021,0.7720
1587,195,50,1.7035,0.5021,0.7773
1588,198,50,1.7114,0.5021,0.7724
1589,196,50,1.7155,0.5021,0.7680
1590,198,50,1.7153,0.5021,0.7671
1591,198,50,1.7132,0.5021,0.7632
1592,198,50,1.7152,0.5021,0.7554
1593,198,50,1.7179,0.5021,0.7503
1594,200,50,1.7173,0.5021,0.7518
1595,198,50,1.7196,0.5021,0.7489
1596,197,50,1.7238,0.5021,0.7453
1597,200,50,1.7197,0.5021,0.7463
1598,198,50,1.7224,0.5021,0.7469
1599,198,50,1.7255,0.5021,0.7430
1600,199,50,1.7241,0.5021,0.7442
1601,198,50,1.7263,0.5021,0.7412
1602,198,50,1.7245,0.5021,0.7437
1603,199,50,1.7236,0.5021,0.7413
1604,195,50,1.7188,0.5021,0.7416
1605,198,50,1.7193,0.5021,0.7410
1606,196,50,1.7243,0.5021,0.7342
1607,198,50,1.7276,0.5021,0.7326
1608,200,50,1.7250,0.5021,0.7346
1609,199,50,1.7253,0.5021,0.7356
1610,199,50,1.7219,0.5021,0.7369
1611,198,50,1.7237,0.5021,0.7348
1612,198,50,1.7291,0.5021,0.7274
1613,200,50,1.7266,0.5021,0.7259
1614,199,50,1.7248,0.5021,0.7276
1615,197,50,1.7272,0.5021,0.7217
1616,198,50,1.7256,0.5021,0.7211
1617,198,50,1.7295,0.5021,0.7208
1618,196,50,1.7332,0.5021,0.7147
1619,200,50,1.7372,0.5021,0.7140
1620,197,50,1.7430,0.5021,0.7110
1621,197,50,1.7443,0.5021,0.7104
1622,197,50,1.7429,0.5021,0.7132
1623,199,50,1.7420,0.5021,0.7154
1624,199,50,1.7420,0.5021,0.7174
1625,194,50,1.7467,0.5021,0.7161
1626,199,50,1.7471,0.5021,0.7137
1627,196,50,1.7469,0.5021,0.7123
1628,198,50,1.7523,0.5021,0.7057
1629,198,50,1.7505,0.5021,0.7048
1630,199,50,1.7549,0.5021,0.7042
1631,200,50,1.7551,0.5021,0.7028
1632,198,50,1.7553,0.5021,0.7028
1633,198,50,1.7589,0.5021,0.7051
1634,196,50,1.7593,0.5021,0.7046
1635,199,50,1.7556,0.5021,0.7035
1636,199,50,1.7524,0.5021,0.7062
1637,198,50,1.7527,0.5021,0.7075
1638,196,50,1.7545,0.5021,0.7006
1639,199,50,1.7565,0.5021,0.6975
1640,198,50,1.7576,0.5021,0.6970
1641,198,50,1.7520,0.5021,0.7010
1642,200,50,1.7508,0.5021,0.7038
1643,199,50,1.7500,0.5021,0.7052
1644,196,50,1.7531,0.5021,0.7025
1645,198,50,1.7535,0.5021,0.6975
1646,198,50,1.7541,0.5021,0.6956
1647,195,50,1.7559,0.5021,0.6935
1648,197,50,1.7553,0.5021,0.6902
1649,197,50,1.7502,0.5021,0.6921
1650,197,50,1.7558,0.5021,0.6842
1651,197,50,1.7554,0.5021,0.6836
1652,197,50,1.7549,0.5021,0.6869
1653,197,50,1.7611,0.5021,0.6824
1654,199,50,1.7604,0.5021,0.6792
1655,199,50,1.7584,0.5021,0.6794
1656,196,50,1.7552,0.5021,0.6817
1657,198,50,1.7548,0.5021,0.6813
1658,198,50,1.7512,0.5021,0.6837
1659,195,50,1.7541,0.5021,0.6859
1660,197,50,1.7496,0.5021,0.6886
1661,198,50,1.7480,0.5021,0.6898
1662,194,50,1.7468,0.5021,0.6884
1663,198,50,1.7475,0.5021,0.6865
1664,199,50,1.7508,0.5021,0.6866
1665,199,50,1.7540,0.5021,0.6856
1666,199,50,1.7533,0.5021,0.6897
1667,198,50,1.7557,0.5021,0.6868
1668,196,50,1.7588,0.5021,0.6833
1669,199,50,1.7598,0.5021,0.6821
1670,196,50,1.7628,0.5021,0.6816
1671,199,50,1.7621,0.5021,0.6819
1672,196,50,1.7594,0.5021,0.6849
1673,198,50,1.7650,0.5021,0.6825
1674,196,50,1.7614,0.5021,0.6840
1675,196,50,1.7630,0.5021,0.6824
1676,200,50,1.7623,0.5021,0.6822
1677,196,50,1.7609,0.5021,0.6839
1678,197,50,1.7607,0.5021,0.6770
1679,200,50,1.7628,0.5021,0.6749
1680,197,50,1.7655,0.5021,0.6726
1681,200,50,1.7669,0.5021,0.6739
1682,198,50,1.7653,0.5021,0.6730
1683,197,50,1.7668,0.5021,0.6704
1684,197,50,1.7699,0.5021,0.6687
1685,197,50,1.7671,0.5021,0.6678
1686,199,50,1.7677,0.5021,0.6650
1687,198,50,1.7682,0.5021,0.6650
1688,197,50,1.7694,0.5021,0.6646
1689,199,50,1.7727,0.5021,0.6623
1690,197,50,1.7739,0.5021,0.6623
1691,199,50,1.7783,0.5021,0.6558
1692,198,50,1.7776,0.5021,0.6564
1693,197,50,1.7795,0.5021,0.6537
1694,196,50,1.7837,0.5021,0.6476
1695,199,50,1.7831,0.5021,0.6452
1696,200,50,1.7823,0.5021,0.6445
1697,197,50,1.7792,0.5021,0.6463
1698,200,50,1.7777,0.5021,0.6495
1699,199,50,1.7759,0.5021,0.6484
1700,199,50,1.7748,0.5021,0.6484
1701,196,50,1.7768,0.5021,0.6412
1702,199,50,1.7775,0.5021,0.6413
1703,199,50,1.7790,0.5021,0.6412
1704,199,50,1.7817,0.5021,0.6396
1705,198,50,1.7832,0.5021,0.6406
1706,195,50,1.7838,0.5021,0.6412
1707,196,50,1.7837,0.5021,0.6327
1708,199,50,1.7823,0.5021,0.6344
1709,199,50,1.7794,0.5021,0.6343
1710,199,50,1.7798,0.5021,0.6355
1711,196,50,1.7765,0.5021,0.6362
1712,197,50,1.7826,0.5021,0.6263
1713,196,50,1.7873,0.5021,0.6244
1714,199,50,1.7882,0.5021,0.6235
1715,198,50,1.7894,0.5021,0.6236
1716,196,50,1.7872,0.5021,0.6258
1717,198,50,1.7883,0.5021,0.6257
1718,199,50,1.7882,0.5021,0.6253
1719,198,50,1.7907,0.5021,0.6214
1720,199,50,1.7920,0.5021,0.6233
1721,198,50,1.7911,0.5021,0.6233
1722,199,50,1.7912,0.5021,0.6234
1723,198,50,1.7944,0.5021,0.6215
1724,198,50,1.7967,0.5021,0.6223
1725,199,50,1.8008,0.5021,0.6233
1726,199,50,1.8006,0.5021,0.6214
1727,198,50,1.8041,0.5021,0.6161
1728,198,50,1.8070,0.5021,0.6150
1729,200,50,1.8072,0.5021,0.6151
1730,196,50,1.8078,0.5021,0.6189
1731,197,50,1.8117,0.5021,0.6172
1732,199,50,1.8131,0.5021,0.6174
1733,194,50,1.8104,0.5021,0.6190
1734,199,50,1.8110,0.5021,0.6200
1735,197,50,1.8130,0.5021,0.6175
1736,198,50,1.8167,0.5021,0.6155
1737,199,50,1.8184,0.5021,0.6167
1738,199,50,1.8185,0.5021,0.6163
1739,197,50,1.8184,0.5021,0.6188
1740,196,50,1.8169,0.5021,0.6193
1741,197,50,1.8164,0.5021,0.6215
1742,199,50,1.8160,0.5021,0.6213
1743,195,50,1.8159,0.5021,0.6182
1744,196,50,1.8197,0.5021,0.6176
1745,198,50,1.8256,0.5021,0.6143
1746,200,50,1.8249,0.5021,0.6159
1747,199,50,1.8242,0.5021,0.6161
1748,200,50,1.8236,0.5021,0.6163
1749,199,50,1.8246,0.5021,0.6153
1750,196,50,1.8269,0.5021,0.6101
1751,200,50,1.8287,0.5021,0.6092
1752,197,50,1.8258,0.5021,0.6101
1753,199,50,1.8229,0.5021,0.6116
1754,198,50,1.8267,0.5021,0.6100
1755,196,50,1.8263,0.5021,0.6091
1756,197,50,1.8302,0.5021,0.6045
1757,197,50,1.8319,0.5021,0.6021
1758,198,50,1.8334,0.5021,0.6022
1759,197,50,1.8363,0.5021,0.6021
1760,199,50,1.8376,0.5021,0.6018
1761,199,50,1.8382,0.5021,0.6011
1762,200,50,1.8368,0.5021,0.6009
1763,198,50,1.8348,0.5021,0.6006
1764,198,50,1.8361,0.5021,0.5994
1765,199,50,1.8378,0.5021,0.5974
1766,197,50,1.8377,0.5021,0.5960
1767,198,50,1.8360,0.5021,0.5970
1768,195,50,1.8321,0.5021,0.6002
1769,198,50,1.8329,0.5021,0.5975
1770,197,50,1.8345,0.5021,0.6012
1771,199,50,1.8338,0.5021,0.6044
1772,200,50,1.8350,0.5021,0.6043
1773,198,50,1.8355,0.5021,0.6061
1774,197,50,1.8370,0.5021,0.6074
1775,199,50,1.8387,0.5021,0.6064
1776,198,50,1.8389,0.5021,0.6060
1777,199,50,1.8375,0.5021,0.6064
1778,199,50,1.8361,0.5021,0.6062
1779,198,50,1.8375,0.5021,0.6052
1780,198,50,1.8364,0.5021,0.6040
1781,196,50,1.8404,0.5021,0.6002
1782,200,50,1.8412,0.5021,0.5993
1783,199,50,1.8423,0.5021,0.5986
1784,199,50,1.8416,0.5021,0.5971
1785,198,50,1.8441,0.5021,0.5971
1786,198,50,1.8427,0.5021,0.5988
1787,196,50,1.8434,0.5021,0.5987
1788,198,50,1.8438,0.5021,0.5984
1789,200,50,1.8443,0.5021,0.5986
1790,197,50,1.8456,0.5021,0.5979
1791,197,50,1.8437,0.5021,0.5960
1792,200,50,1.8470,0.5021,0.5943
1793,197,50,1.8485,0.5021,0.5940
1794,197,50,1.8451,0.5021,0.5958
1795,197,50,1.8433,0.5021,0.5955
1796,196,50,1.8478,0.5021,0.5899
1797,198,50,1.8493,0.5021,0.5885
1798,200,50,1.8471,0.5021,0.5899
1799,198,50,1.8481,0.5021,0.5902
1800,195,50,1.8497,0.5021,0.5884
1801,196,50,1.8502,0.5021,0.5878
1802,199,50,1.8486,0.5021,0.5869
1803,197,50,1.8475,0.5021,0.5880
1804,200,50,1.8487,0.5021,0.5869
1805,197,50,1.8498,0.5021,0.5829
1806,199,50,1.8521,0.5021,0.5822
1807,199,50,1.8525,0.5021,0.5815
1808,196,50,1.8563,0.5021,0.5788
1809,199,50,1.8599,0.5021,0.5756
1810,199,50,1.8583,0.5021,0.5761
1811,200,50,1.8583,0.5021,0.5764
1812,197,50,1.8593,0.5021,0.5767
1813,199,50,1.8616,0.5021,0.5750
1814,196,50,1.8637,0.5021,0.5783
1815,198,50,1.8624,0.5021,0.5791
1816,199,50,1.8605,0.5021,0.5780
1817,199,50,1.8600,0.5021,0.5773
1818,200,50,1.8595,0.5021,0.5769
1819,200,50,1.8595,0.5021,0.5769
1820,198,50,1.8579,0.5021,0.5760
1821,198,50,1.8623,0.5021,0.5755
1822,196,50,1.8617,0.5021,0.5769
1823,198,50,1.8608,0.5021,0.5767
1824,199,50,1.8600,0.5021,0.5776
1825,198,50,1.8601,0.5021,0.5783
1826,197,50,1.8629,0.5021,0.5778
1827,200,50,1.8632,0.5021,0.5777
1828,200,50,1.8632,0.5021,0.5777
1829,200,50,1.8632,0.5021,0.5777
1830,199,50,1.8630,0.5021,0.5774
1831,197,50,1.8636,0.5021,0.5772
1832,198,50,1.8615,0.5021,0.5780
1833,199,50,1.8574,0.5021,0.5780
1834,197,50,1.8585,0.5021,0.5768
1835,196,50,1.8591,0.5021,0.5731
1836,197,50,1.8594,0.5021,0.5761
1837,199,50,1.8591,0.5021,0.5778
1838,199,50,1.8590,0.5021,0.5761
1839,199,50,1.8579,0.5021,0.5759
1840,198,50,1.8595,0.5021,0.5727
1841,198,50,1.8564,0.5021,0.5726
1842,198,50,1.8552,0.5021,0.5742
1843,198,50,1.8535,0.5021,0.5744
1844,199,50,1.8526,0.5021,0.5760
1845,198,50,1.8511,0.5021,0.5748
1846,200,50,1.8504,0.5021,0.5745
1847,198,50,1.8493,0.5021,0.5744
1848,197,50,1.8502,0.5021,0.5727
1849,200,50,1.8484,0.5021,0.5713
1850,198,50,1.8492,0.5021,0.5723
1851,196,50,1.8499,0.5021,0.5697
1852,199,50,1.8499,0.5021,0.5678
1853,200,50,1.8479,0.5021,0.5687
1854,196,50,1.8518,0.5021,0.5622
1855,198,50,1.8523,0.5021,0.5630
1856,199,50,1.8496,0.5021,0.5642
1857,197,50,1.8519,0.5021,0.5645
1858,199,50,1.8509,0.5021,0.5638
1859,198,50,1.8521,0.5021,0.5630
1860,198,50,1.8525,0.5021,0.5626
1861,198,50,1.8487,0.5021,0.5639
1862,199,50,1.8496,0.5021,0.5654
1863,198,50,1.8478,0.5021,0.5676
1864,196,50,1.8489,0.5021,0.5680
1865,198,50,1.8510,0.5021,0.5704
1866,196,50,1.8494,0.5021,0.5697
1867,197,50,1.8497,0.5021,0.5724
1868,195,50,1.8485,0.5021,0.5738
1869,198,50,1.8488,0.5021,0.5730
1870,197,50,1.8439,0.5021,0.5746
1871,197,50,1.8415,0.5021,0.5744
1872,199,50,1.8425,0.5021,0.5744
1873,196,50,1.8451,0.5021,0.5756
1874,199,50,1.8447,0.5021,0.5751
1875,196,50,1.8424,0.5021,0.5761
1876,199,50,1.8443,0.5021,0.5797
1877,200,50,1.8448,0.5021,0.5801
1878,200,50,1.8448,0.5021,0.5801
1879,197,50,1.8454,0.5021,0.5797
1880,199,50,1.8446,0.5021,0.5782
1881,200,50,1.8451,0.5021,0.5767
1882,200,50,1.8451,0.5021,0.5767
1883,197,50,1.8438,0.5021,0.5777
1884,195,50,1.8455,0.5021,0.5759
1885,198,50,1.8465,0.5021,0.5766
1886,199,50,1.8471,0.5021,0.5759
1887,194,50,1.8441,0.5021,0.5731
1888,199,50,1.8443,0.5021,0.5748
1889,199,50,1.8427,0.5021,0.5756
1890,198,50,1.8449,0.5021,0.5716
1891,199,50,1.8435,0.5021,0.5702
1892,198,50,1.8399,0.5021,0.5700
1893,198,50,1.8399,0.5021,0.5670
1894,199,50,1.8422,0.5021,0.5674
1895,199,50,1.8413,0.5021,0.5698
1896,199,50,1.8401,0.5021,0.5704
1897,198,50,1.8400,0.5021,0.5705
1898,199,50,1.8378,0.5021,0.5700
1899,198,50,1.8388,0.5021,0.5701
1900,199,50,1.8378,0.5021,0.5696
1901,194,50,1.8385,0.5021,0.5701
1902,200,50,1.8423,0.5021,0.5728
1903,196,50,1.8407,0.5021,0.5737
1904,197,50,1.8381,0.5021,0.5739
1905,198,50,1.8367,0.5021,0.5701
1906,197,50,1.8306,0.5021,0.5746
1907,196,50,1.8293,0.5021,0.5771
1908,199,50,1.8308,0.5021,0.5776
1909,200,50,1.8322,0.5021,0.5775
1910,198,50,1.8311,0.5021,0.5792
1911,198,50,1.8326,0.5021,0.5774
1912,200,50,1.8341,0.5021,0.5766
1913,198,50,1.8349,0.5021,0.5761
1914,200,50,1.8356,0.5021,0.5748
1915,199,50,1.8370,0.5021,0.5751
1916,197,50,1.8334,0.5021,0.5764
1917,197,50,1.8347,0.5021,0.5778
1918,198,50,1.8361,0.5021,0.5791
1919,199,50,1.8367,0.5021,0.5789
1920,199,50,1.8362,0.5021,0.5789
1921,196,50,1.8358,0.5021,0.5794
1922,197,50,1.8358,0.5021,0.5772
1923,199,50,1.8364,0.5021,0.5746
1924,197,50,1.8346,0.5021,0.5746
1925,196,50,1.8326,0.5021,0.5762
1926,199,50,1.8299,0.5021,0.5760
1927,198,50,1.8299,0.5021,0.5749
1928,198,50,1.8307,0.5021,0.5766
1929,196,50,1.8369,0.5021,0.5741
1930,200,50,1.8374,0.5021,0.5716
1931,198,50,1.8377,0.5021,0.5710
1932,200,50,1.8360,0.5021,0.5718
1933,197,50,1.8377,0.5021,0.5714
1934,198,50,1.8385,0.5021,0.5712
1935,199,50,1.8364,0.5021,0.5718
1936,198,50,1.8351,0.5021,0.5707
1937,198,50,1.8360,0.5021,0.5730
1938,199,50,1.8371,0.5021,0.5710
1939,197,50,1.8377,0.5021,0.5728
1940,197,50,1.8358,0.5021,0.5732
1941,197,50,1.8346,0.5021,0.5729
1942,200,50,1.8349,0.5021,0.5743
1943,197,50,1.8348,0.5021,0.5768
1944,199,50,1.8328,0.5021,0.5736
1945,198,50,1.8347,0.5021,0.5739
1946,199,50,1.8326,0.5021,0.5750
1947,198,50,1.8334,0.5021,0.5756
1948,199,50,1.8320,0.5021,0.5749
1949,199,50,1.8304,0.5021,0.5739
1950,198,50,1.8297,0.5021,0.5744
1951,199,50,1.8275,0.5021,0.5753
1952,199,50,1.8283,0.5021,0.5754
1953,200,50,1.8273,0.5021,0.5763
1954,197,50,1.8288,0.5021,0.5742
1955,198,50,1.8298,0.5021,0.5748
1956,199,50,1.8293,0.5021,0.5754
1957,200,50,1.8299,0.5021,0.5764
1958,196,50,1.8290,0.5021,0.5771
1959,198,50,1.8321,0.5021,0.5795
1960,198,50,1.8331,0.5021,0.5820
1961,199,50,1.8343,0.5021,0.5827
1962,198,50,1.8331,0.5021,0.5818
1963,197,50,1.8328,0.5021,0.5830
1964,199,50,1.8326,0.5021,0.5832
1965,200,50,1.8311,0.5021,0.5830
1966,194,50,1.8317,0.5021,0.5836
1967,197,50,1.8320,0.5021,0.5838
1968,199,50,1.8313,0.5021,0.5847
1969,199,50,1.8331,0.5021,0.5851
1970,197,50,1.8325,0.5021,0.5867
1971,199,50,1.8324,0.5021,0.5837
1972,199,50,1.8313,0.5021,0.5847
1973,199,50,1.8316,0.5021,0.5857
1974,198,50,1.8290,0.5021,0.5884
1975,200,50,1.8291,0.5021,0.5871
1976,199,50,1.8281,0.5021,0.5876
1977,199,50,1.8271,0.5021,0.5861
1978,196,50,1.8255,0.5021,0.5838
1979,196,50,1.8240,0.5021,0.5838
1980,199,50,1.8230,0.5021,0.5807
1981,197,50,1.8249,0.5021,0.5803
1982,198,50,1.8273,0.5021,0.5829
1983,199,50,1.8279,0.5021,0.5821
1984,192,50,1.8262,0.5021,0.5847
1985,199,50,1.8218,0.5021,0.5835
1986,199,50,1.8233,0.5021,0.5848
1987,199,50,1.8223,0.5021,0.5854
1988,197,50,1.8214,0.5021,0.5874
1989,199,50,1.8222,0.5021,0.5861
1990,198,50,1.8231,0.5021,0.5864
1991,199,50,1.8241,0.5021,0.5831
1992,199,50,1.8248,0.5021,0.5843
1993,196,50,1.8245,0.5021,0.5810
1994,198,50,1.8256,0.5021,0.5790
1995,199,50,1.8256,0.5021,0.5813
1996,197,50,1.8254,0.5021,0.5798
1997,197,50,1.8268,0.5021,0.5807
1998,199,50,1.8267,0.5021,0.5814
1999,198,50,1.8245,0.5021,0.5815
2000,199,50,1.8239,0.5021,0.5819
