tick,pop_stark,pop_lannister,pop_targ,pop_baratheon,cannibal_acts
1,50,50,50,50,0
2,50,50,50,50,0
3,50,50,50,50,0
4,50,50,50,50,0
5,50,50,50,50,0
6,50,50,50,50,3
7,50,50,50,50,3
8,50,50,50,50,3
9,50,50,50,50,3
10,50,50,50,50,3
11,50,50,50,50,3
12,50,50,50,50,5
13,50,50,50,50,3
14,50,50,50,50,3
15,50,50,50,50,7
16,50,50,50,50,5
17,50,50,50,50,6
18,50,50,50,49,7
19,50,50,50,49,6
20,50,50,50,49,23
21,50,50,50,48,61
22,50,50,49,47,61
23,50,50,49,46,74
24,46,48,45,42,150
25,42,45,41,40,128
26,37,43,31,33,123
27,32,35,26,28,112
28,28,33,22,25,94
29,28,32,19,19,72
30,26,31,18,15,79
31,23,30,14,13,68
32,23,25,14,11,58
33,20,25,11,10,57
34,19,24,8,8,52
35,18,20,8,8,45
36,18,20,8,8,44
37,18,20,8,8,47
38,17,20,8,7,43
39,17,20,6,7,40
40,16,20,6,7,43
41,16,19,6,7,34
42,16,18,6,7,30
43,16,18,6,7,44
44,16,18,5,7,37
45,16,18,5,6,34
46,16,18,5,6,37
47,16,18,5,6,37
48,16,18,5,5,31
49,16,18,5,5,32
50,16,18,5,5,38
51,16,18,5,5,33
52,15,18,5,5,30
53,15,18,5,5,34
54,15,18,5,4,28
55,15,18,5,4,27
56,15,18,5,4,35
57,15,18,5,4,31
58,15,18,4,4,27
59,15,18,4,4,39
60,15,17,4,4,31
61,15,17,4,4,27
62,15,17,4,4,37
63,15,17,4,4,33
64,15,17,4,4,28
65,15,17,4,4,33
66,14,17,4,4,28
67,14,16,4,4,30
68,14,16,4,4,33
69,14,16,4,4,32
70,14,16,4,4,31
71,14,16,4,4,35
72,14,15,4,4,32
73,14,15,4,4,31
74,14,15,4,4,36
75,14,15,4,4,35
76,14,15,4,4,37
77,14,15,4,4,39
78,14,15,4,4,38
79,13,15,4,4,39
80,13,15,4,4,46
81,13,15,4,4,45
82,12,15,4,4,40
83,12,14,4,4,43
84,11,12,4,4,48
85,10,11,4,4,45
86,10,11,4,4,51
87,9,11,4,4,55
88,9,11,4,4,61
89,9,9,4,4,55
90,8,8,4,4,64
91,8,8,4,4,64
92,8,8,4,4,74
93,8,5,4,4,77
94,7,5,4,4,73
95,6,5,4,4,81
96,6,5,4,4,88
97,6,5,4,4,88
98,6,5,4,4,86
99,5,4,4,2,78
100,4,4,4,2,77
101,4,4,4,2,75
102,4,3,4,2,72
103,4,3,4,2,74
104,4,3,4,2,70
105,4,3,2,2,69
106,3,3,2,2,63
107,3,2,2,1,61
108,3,1,2,1,59
109,3,1,2,1,56
110,3,1,2,1,54
111,3,1,2,1,52
112,3,1,2,1,56
113,3,1,2,1,50
114,3,1,2,1,50
115,3,1,2,1,52
116,3,1,1,1,50
117,3,1,1,1,45
118,3,1,1,1,42
119,2,1,1,1,37
120,2,1,1,1,41
121,2,1,1,1,35
122,2,1,1,1,34
123,2,1,1,1,34
124,2,1,1,0,39
125,2,1,1,0,35
126,2,1,1,0,44
127,2,1,1,0,38
128,2,1,1,0,38
129,2,1,0,0,36
130,2,1,0,0,37
131,2,1,0,0,35
132,2,1,0,0,31
133,2,1,0,0,39
134,2,1,0,0,39
135,2,1,0,0,39
136,2,1,0,0,40
137,2,1,0,0,43
138,2,1,0,0,41
139,2,1,0,0,39
140,2,1,0,0,39
141,2,1,0,0,39
142,2,1,0,0,37
143,2,1,0,0,44
144,2,1,0,0,39
145,2,1,0,0,37
146,2,1,0,0,41
147,2,1,0,0,39
148,2,1,0,0,45
149,2,0,0,0,39
150,2,0,0,0,39
151,2,0,0,0,40
152,2,0,0,0,47
153,2,0,0,0,44
154,2,0,0,0,52
155,2,0,0,0,47
156,1,0,0,0,51
157,1,0,0,0,48
158,1,0,0,0,51
159,1,0,0,0,52
160,1,0,0,0,51
161,1,0,0,0,51
162,1,0,0,0,55
163,1,0,0,0,62
164,1,0,0,0,67
165,1,0,0,0,69
166,1,0,0,0,68
167,1,0,0,0,73
168,1,0,0,0,72
169,1,0,0,0,78
170,1,0,0,0,80
171,1,0,0,0,77
172,1,0,0,0,76
173,1,0,0,0,73
174,1,0,0,0,77
175,1,0,0,0,70
176,1,0,0,0,72
177,1,0,0,0,71
178,1,0,0,0,72
179,1,0,0,0,64
180,1,0,0,0,61
181,1,0,0,0,66
182,1,0,0,0,63
183,1,0,0,0,60
184,1,0,0,0,56
185,0,0,0,0,53
186,0,0,0,0,54
187,0,0,0,0,54
188,0,0,0,0,54
189,0,0,0,0,51
190,0,0,0,0,40
191,0,0,0,0,49
192,0,0,0,0,47
193,0,0,0,0,44
194,0,0,0,0,48
195,0,0,0,0,43
196,0,0,0,0,52
197,0,0,0,0,46
198,0,0,0,0,50
199,0,0,0,0,53
200,0,0,0,0,50
201,0,0,0,0,50
202,0,0,0,0,52
203,0,0,0,0,54
204,0,0,0,0,50
205,0,0,0,0,52
206,0,0,0,0,55
207,0,0,0,0,54
208,0,0,0,0,60
209,0,0,0,0,55
210,0,0,0,0,59
211,0,0,0,0,55
212,0,0,0,0,58
213,0,0,0,0,56
214,0,0,0,0,55
215,0,0,0,0,56
216,0,0,0,0,59
217,0,0,0,0,55
218,0,0,0,0,56
219,0,0,0,0,59
220,0,0,0,0,60
221,0,0,0,0,63
222,0,0,0,0,61
223,0,0,0,0,61
224,0,0,0,0,61
225,0,0,0,0,66
226,0,0,0,0,67
227,0,0,0,0,61
228,0,0,0,0,66
229,0,0,0,0,71
230,0,0,0,0,68
231,0,0,0,0,68
232,0,0,0,0,76
233,0,0,0,0,70
234,0,0,0,0,67
235,0,0,0,0,61
236,0,0,0,0,78
237,0,0,0,0,70
238,0,0,0,0,76
239,0,0,0,0,76
240,0,0,0,0,70
241,0,0,0,0,70
242,0,0,0,0,63
243,0,0,0,0,60
244,0,0,0,0,69
245,0,0,0,0,64
246,0,0,0,0,66
247,0,0,0,0,68
248,0,0,0,0,62
249,0,0,0,0,64
250,0,0,0,0,62
251,0,0,0,0,59
252,0,0,0,0,55
253,0,0,0,0,54
254,0,0,0,0,55
255,0,0,0,0,61
256,0,0,0,0,57
257,0,0,0,0,56
258,0,0,0,0,58
259,0,0,0,0,53
260,0,0,0,0,49
261,0,0,0,0,50
262,0,0,0,0,47
263,0,0,0,0,42
264,0,0,0,0,46
265,0,0,0,0,48
266,0,0,0,0,47
267,0,0,0,0,44
268,0,0,0,0,48
269,0,0,0,0,48
270,0,0,0,0,47
271,0,0,0,0,53
272,0,0,0,0,53
273,0,0,0,0,51
274,0,0,0,0,51
275,0,0,0,0,48
276,0,0,0,0,44
277,0,0,0,0,53
278,0,0,0,0,45
279,0,0,0,0,52
280,0,0,0,0,52
281,0,0,0,0,53
282,0,0,0,0,54
283,0,0,0,0,51
284,0,0,0,0,56
285,0,0,0,0,57
286,0,0,0,0,56
287,0,0,0,0,56
288,0,0,0,0,53
289,0,0,0,0,58
290,0,0,0,0,63
291,0,0,0,0,64
292,0,0,0,0,58
293,0,0,0,0,56
294,0,0,0,0,69
295,0,0,0,0,65
296,0,0,0,0,63
297,0,0,0,0,62
298,0,0,0,0,60
299,0,0,0,0,67
300,0,0,0,0,68
301,0,0,0,0,72
302,0,0,0,0,66
303,0,0,0,0,72
304,0,0,0,0,69
305,0,0,0,0,66
306,0,0,0,0,62
307,0,0,0,0,60
308,0,0,0,0,63
309,0,0,0,0,66
310,0,0,0,0,66
311,0,0,0,0,63
312,0,0,0,0,61
313,0,0,0,0,62
314,0,0,0,0,59
315,0,0,0,0,64
316,0,0,0,0,60
317,0,0,0,0,58
318,0,0,0,0,56
319,0,0,0,0,55
320,0,0,0,0,52
321,0,0,0,0,53
322,0,0,0,0,49
323,0,0,0,0,48
324,0,0,0,0,47
325,0,0,0,0,52
326,0,0,0,0,49
327,0,0,0,0,52
328,0,0,0,0,49
329,0,0,0,0,53
330,0,0,0,0,48
331,0,0,0,0,55
332,0,0,0,0,51
333,0,0,0,0,52
334,0,0,0,0,52
335,0,0,0,0,58
336,0,0,0,0,55
337,0,0,0,0,58
338,0,0,0,0,57
339,0,0,0,0,60
340,0,0,0,0,57
341,0,0,0,0,56
342,0,0,0,0,57
343,0,0,0,0,58
344,0,0,0,0,54
345,0,0,0,0,58
346,0,0,0,0,55
347,0,0,0,0,54
348,0,0,0,0,57
349,0,0,0,0,60
350,0,0,0,0,59
351,0,0,0,0,61
352,0,0,0,0,62
353,0,0,0,0,63
354,0,0,0,0,64
355,0,0,0,0,60
356,0,0,0,0,64
357,0,0,0,0,69
358,0,0,0,0,67
359,0,0,0,0,66
360,0,0,0,0,66
361,0,0,0,0,66
362,0,0,0,0,69
363,0,0,0,0,64
364,0,0,0,0,58
365,0,0,0,0,63
366,0,0,0,0,57
367,0,0,0,0,66
368,0,0,0,0,61
369,0,0,0,0,60
370,0,0,0,0,65
371,0,0,0,0,62
372,0,0,0,0,63
373,0,0,0,0,63
374,0,0,0,0,65
375,0,0,0,0,69
376,0,0,0,0,75
377,0,0,0,0,74
378,0,0,0,0,71
379,0,0,0,0,72
380,0,0,0,0,61
381,0,0,0,0,67
382,0,0,0,0,69
383,0,0,0,0,67
384,0,0,0,0,60
385,0,0,0,0,61
386,0,0,0,0,57
387,0,0,0,0,55
388,0,0,0,0,60
389,0,0,0,0,56
390,0,0,0,0,58
391,0,0,0,0,53
392,0,0,0,0,47
393,0,0,0,0,54
394,0,0,0,0,52
395,0,0,0,0,55
396,0,0,0,0,57
397,0,0,0,0,57
398,0,0,0,0,52
399,0,0,0,0,55
400,0,0,0,0,61
401,0,0,0,0,56
402,0,0,0,0,57
403,0,0,0,0,48
404,0,0,0,0,54
405,0,0,0,0,49
406,0,0,0,0,52
407,0,0,0,0,55
408,0,0,0,0,55
409,0,0,0,0,54
410,0,0,0,0,56
411,0,0,0,0,59
412,0,0,0,0,58
413,0,0,0,0,58
414,0,0,0,0,59
415,0,0,0,0,60
416,0,0,0,0,54
417,0,0,0,0,58
418,0,0,0,0,58
419,0,0,0,0,57
420,0,0,0,0,54
421,0,0,0,0,59
422,0,0,0,0,59
423,0,0,0,0,57
424,0,0,0,0,58
425,0,0,0,0,60
426,0,0,0,0,59
427,0,0,0,0,61
428,0,0,0,0,67
429,0,0,0,0,63
430,0,0,0,0,70
431,0,0,0,0,66
432,0,0,0,0,67
433,0,0,0,0,71
434,0,0,0,0,72
435,0,0,0,0,70
436,0,0,0,0,74
437,0,0,0,0,70
438,0,0,0,0,67
439,0,0,0,0,69
440,0,0,0,0,73
441,0,0,0,0,79
442,0,0,0,0,81
443,0,0,0,0,80
444,0,0,0,0,70
445,0,0,0,0,79
446,0,0,0,0,80
447,0,0,0,0,78
448,0,0,0,0,78
449,0,0,0,0,67
450,0,0,0,0,71
451,0,0,0,0,67
452,0,0,0,0,72
453,0,0,0,0,69
454,0,0,0,0,73
455,0,0,0,0,67
456,0,0,0,0,65
457,0,0,0,0,65
458,0,0,0,0,61
459,0,0,0,0,58
460,0,0,0,0,56
461,0,0,0,0,61
462,0,0,0,0,60
463,0,0,0,0,58
464,0,0,0,0,58
465,0,0,0,0,57
466,0,0,0,0,55
467,0,0,0,0,56
468,0,0,0,0,56
469,0,0,0,0,58
470,0,0,0,0,57
471,0,0,0,0,54
472,0,0,0,0,60
473,0,0,0,0,57
474,0,0,0,0,58
475,0,0,0,0,56
476,0,0,0,0,62
477,0,0,0,0,57
478,0,0,0,0,65
479,0,0,0,0,60
480,0,0,0,0,63
481,0,0,0,0,61
482,0,0,0,0,64
483,0,0,0,0,63
484,0,0,0,0,61
485,0,0,0,0,65
486,0,0,0,0,59
487,0,0,0,0,59
488,0,0,0,0,62
489,0,0,0,0,62
490,0,0,0,0,64
491,0,0,0,0,62
492,0,0,0,0,70
493,0,0,0,0,65
494,0,0,0,0,69
495,0,0,0,0,75
496,0,0,0,0,71
497,0,0,0,0,62
498,0,0,0,0,73
499,0,0,0,0,70
500,0,0,0,0,67
501,0,0,0,0,68
502,0,0,0,0,62
503,0,0,0,0,64
504,0,0,0,0,62
505,0,0,0,0,65
506,0,0,0,0,64
507,0,0,0,0,70
508,0,0,0,0,68
509,0,0,0,0,67
510,0,0,0,0,71
511,0,0,0,0,68
512,0,0,0,0,69
513,0,0,0,0,78
514,0,0,0,0,78
515,0,0,0,0,82
516,0,0,0,0,77
517,0,0,0,0,72
518,0,0,0,0,77
519,0,0,0,0,76
520,0,0,0,0,74
521,0,0,0,0,75
522,0,0,0,0,74
523,0,0,0,0,70
524,0,0,0,0,70
525,0,0,0,0,68
526,0,0,0,0,73
527,0,0,0,0,67
528,0,0,0,0,67
529,0,0,0,0,67
530,0,0,0,0,65
531,0,0,0,0,67
532,0,0,0,0,67
533,0,0,0,0,64
534,0,0,0,0,62
535,0,0,0,0,60
536,0,0,0,0,64
537,0,0,0,0,64
538,0,0,0,0,61
539,0,0,0,0,57
540,0,0,0,0,59
541,0,0,0,0,58
542,0,0,0,0,56
543,0,0,0,0,58
544,0,0,0,0,62
545,0,0,0,0,55
546,0,0,0,0,53
547,0,0,0,0,52
548,0,0,0,0,54
549,0,0,0,0,47
550,0,0,0,0,54
551,0,0,0,0,53
552,0,0,0,0,59
553,0,0,0,0,57
554,0,0,0,0,57
555,0,0,0,0,58
556,0,0,0,0,57
557,0,0,0,0,56
558,0,0,0,0,55
559,0,0,0,0,50
560,0,0,0,0,57
561,0,0,0,0,59
562,0,0,0,0,56
563,0,0,0,0,59
564,0,0,0,0,59
565,0,0,0,0,66
566,0,0,0,0,63
567,0,0,0,0,67
568,0,0,0,0,73
569,0,0,0,0,60
570,0,0,0,0,70
571,0,0,0,0,66
572,0,0,0,0,69
573,0,0,0,0,72
574,0,0,0,0,71
575,0,0,0,0,75
576,0,0,0,0,80
577,0,0,0,0,79
578,0,0,0,0,77
579,0,0,0,0,78
580,0,0,0,0,79
581,0,0,0,0,79
582,0,0,0,0,75
583,0,0,0,0,79
584,0,0,0,0,73
585,0,0,0,0,75
586,0,0,0,0,71
587,0,0,0,0,76
588,0,0,0,0,81
589,0,0,0,0,85
590,0,0,0,0,81
591,0,0,0,0,86
592,0,0,0,0,83
593,0,0,0,0,80
594,0,0,0,0,75
595,0,0,0,0,77
596,0,0,0,0,80
597,0,0,0,0,73
598,0,0,0,0,74
599,0,0,0,0,75
600,0,0,0,0,69
601,0,0,0,0,72
602,0,0,0,0,68
603,0,0,0,0,69
604,0,0,0,0,72
605,0,0,0,0,72
606,0,0,0,0,70
607,0,0,0,0,73
608,0,0,0,0,68
609,0,0,0,0,66
610,0,0,0,0,69
611,0,0,0,0,62
612,0,0,0,0,67
613,0,0,0,0,64
614,0,0,0,0,69
615,0,0,0,0,69
616,0,0,0,0,66
617,0,0,0,0,66
618,0,0,0,0,69
619,0,0,0,0,65
620,0,0,0,0,65
621,0,0,0,0,62
622,0,0,0,0,63
623,0,0,0,0,60
624,0,0,0,0,57
625,0,0,0,0,61
626,0,0,0,0,63
627,0,0,0,0,63
628,0,0,0,0,66
629,0,0,0,0,63
630,0,0,0,0,68
631,0,0,0,0,61
632,0,0,0,0,69
633,0,0,0,0,63
634,0,0,0,0,69
635,0,0,0,0,69
636,0,0,0,0,68
637,0,0,0,0,65
638,0,0,0,0,67
639,0,0,0,0,63
640,0,0,0,0,63
641,0,0,0,0,66
642,0,0,0,0,65
643,0,0,0,0,61
644,0,0,0,0,63
645,0,0,0,0,64
646,0,0,0,0,60
647,0,0,0,0,64
648,0,0,0,0,66
649,0,0,0,0,66
650,0,0,0,0,69
651,0,0,0,0,64
652,0,0,0,0,71
653,0,0,0,0,63
654,0,0,0,0,61
655,0,0,0,0,68
656,0,0,0,0,63
657,0,0,0,0,69
658,0,0,0,0,67
659,0,0,0,0,61
660,0,0,0,0,66
661,0,0,0,0,68
662,0,0,0,0,64
663,0,0,0,0,67
664,0,0,0,0,68
665,0,0,0,0,71
666,0,0,0,0,67
667,0,0,0,0,71
668,0,0,0,0,72
669,0,0,0,0,68
670,0,0,0,0,73
671,0,0,0,0,72
672,0,0,0,0,67
673,0,0,0,0,69
674,0,0,0,0,70
675,0,0,0,0,67
676,0,0,0,0,69
677,0,0,0,0,73
678,0,0,0,0,71
679,0,0,0,0,75
680,0,0,0,0,70
681,0,0,0,0,70
682,0,0,0,0,68
683,0,0,0,0,63
684,0,0,0,0,66
685,0,0,0,0,62
686,0,0,0,0,65
687,0,0,0,0,64
688,0,0,0,0,65
689,0,0,0,0,61
690,0,0,0,0,65
691,0,0,0,0,69
692,0,0,0,0,61
693,0,0,0,0,68
694,0,0,0,0,69
695,0,0,0,0,70
696,0,0,0,0,68
697,0,0,0,0,71
698,0,0,0,0,64
699,0,0,0,0,65
700,0,0,0,0,64
701,0,0,0,0,64
702,0,0,0,0,60
703,0,0,0,0,68
704,0,0,0,0,66
705,0,0,0,0,70
706,0,0,0,0,62
707,0,0,0,0,62
708,0,0,0,0,60
709,0,0,0,0,60
710,0,0,0,0,65
711,0,0,0,0,60
712,0,0,0,0,63
713,0,0,0,0,62
714,0,0,0,0,67
715,0,0,0,0,61
716,0,0,0,0,76
717,0,0,0,0,67
718,0,0,0,0,72
719,0,0,0,0,77
720,0,0,0,0,71
721,0,0,0,0,72
722,0,0,0,0,70
723,0,0,0,0,67
724,0,0,0,0,69
725,0,0,0,0,73
726,0,0,0,0,72
727,0,0,0,0,75
728,0,0,0,0,79
729,0,0,0,0,79
730,0,0,0,0,76
731,0,0,0,0,74
732,0,0,0,0,74
733,0,0,0,0,69
734,0,0,0,0,71
735,0,0,0,0,69
736,0,0,0,0,71
737,0,0,0,0,70
738,0,0,0,0,64
739,0,0,0,0,68
740,0,0,0,0,74
741,0,0,0,0,69
742,0,0,0,0,75
743,0,0,0,0,72
744,0,0,0,0,67
745,0,0,0,0,72
746,0,0,0,0,66
747,0,0,0,0,61
748,0,0,0,0,60
749,0,0,0,0,55
750,0,0,0,0,57
751,0,0,0,0,54
752,0,0,0,0,59
753,0,0,0,0,55
754,0,0,0,0,49
755,0,0,0,0,56
756,0,0,0,0,51
757,0,0,0,0,56
758,0,0,0,0,54
759,0,0,0,0,58
760,0,0,0,0,58
761,0,0,0,0,60
762,0,0,0,0,62
763,0,0,0,0,61
764,0,0,0,0,56
765,0,0,0,0,61
766,0,0,0,0,59
767,0,0,0,0,59
768,0,0,0,0,55
769,0,0,0,0,59
770,0,0,0,0,58
771,0,0,0,0,60
772,0,0,0,0,59
773,0,0,0,0,58
774,0,0,0,0,58
775,0,0,0,0,64
776,0,0,0,0,67
777,0,0,0,0,70
778,0,0,0,0,65
779,0,0,0,0,68
780,0,0,0,0,66
781,0,0,0,0,62
782,0,0,0,0,64
783,0,0,0,0,62
784,0,0,0,0,59
785,0,0,0,0,59
786,0,0,0,0,62
787,0,0,0,0,65
788,0,0,0,0,66
789,0,0,0,0,60
790,0,0,0,0,62
791,0,0,0,0,59
792,0,0,0,0,59
793,0,0,0,0,63
794,0,0,0,0,63
795,0,0,0,0,62
796,0,0,0,0,60
797,0,0,0,0,61
798,0,0,0,0,58
799,0,0,0,0,64
800,0,0,0,0,68
801,0,0,0,0,69
802,0,0,0,0,71
803,0,0,0,0,69
804,0,0,0,0,73
805,0,0,0,0,68
806,0,0,0,0,62
807,0,0,0,0,75
808,0,0,0,0,78
809,0,0,0,0,75
810,0,0,0,0,76
811,0,0,0,0,74
812,0,0,0,0,69
813,0,0,0,0,75
814,0,0,0,0,70
815,0,0,0,0,68
816,0,0,0,0,67
817,0,0,0,0,65
818,0,0,0,0,65
819,0,0,0,0,63
820,0,0,0,0,62
821,0,0,0,0,61
822,0,0,0,0,61
823,0,0,0,0,57
824,0,0,0,0,60
825,0,0,0,0,56
826,0,0,0,0,57
827,0,0,0,0,58
828,0,0,0,0,54
829,0,0,0,0,54
830,0,0,0,0,53
831,0,0,0,0,51
832,0,0,0,0,56
833,0,0,0,0,53
834,0,0,0,0,52
835,0,0,0,0,49
836,0,0,0,0,49
837,0,0,0,0,59
838,0,0,0,0,59
839,0,0,0,0,60
840,0,0,0,0,60
841,0,0,0,0,63
842,0,0,0,0,65
843,0,0,0,0,66
844,0,0,0,0,71
845,0,0,0,0,70
846,0,0,0,0,72
847,0,0,0,0,67
848,0,0,0,0,65
849,0,0,0,0,68
850,0,0,0,0,65
851,0,0,0,0,59
852,0,0,0,0,63
853,0,0,0,0,70
854,0,0,0,0,67
855,0,0,0,0,65
856,0,0,0,0,67
857,0,0,0,0,63
858,0,0,0,0,63
859,0,0,0,0,65
860,0,0,0,0,59
861,0,0,0,0,59
862,0,0,0,0,67
863,0,0,0,0,63
864,0,0,0,0,59
865,0,0,0,0,62
866,0,0,0,0,60
867,0,0,0,0,61
868,0,0,0,0,61
869,0,0,0,0,60
870,0,0,0,0,61
871,0,0,0,0,63
872,0,0,0,0,64
873,0,0,0,0,66
874,0,0,0,0,66
875,0,0,0,0,62
876,0,0,0,0,63
877,0,0,0,0,57
878,0,0,0,0,60
879,0,0,0,0,60
880,0,0,0,0,59
881,0,0,0,0,59
882,0,0,0,0,58
883,0,0,0,0,64
884,0,0,0,0,59
885,0,0,0,0,64
886,0,0,0,0,63
887,0,0,0,0,64
888,0,0,0,0,64
889,0,0,0,0,67
890,0,0,0,0,59
891,0,0,0,0,59
892,0,0,0,0,59
893,0,0,0,0,59
894,0,0,0,0,62
895,0,0,0,0,64
896,0,0,0,0,61
897,0,0,0,0,61
898,0,0,0,0,59
899,0,0,0,0,58
900,0,0,0,0,57
901,0,0,0,0,63
902,0,0,0,0,58
903,0,0,0,0,58
904,0,0,0,0,59
905,0,0,0,0,58
906,0,0,0,0,62
907,0,0,0,0,59
908,0,0,0,0,62
909,0,0,0,0,54
910,0,0,0,0,59
911,0,0,0,0,63
912,0,0,0,0,62
913,0,0,0,0,65
914,0,0,0,0,67
915,0,0,0,0,67
916,0,0,0,0,68
917,0,0,0,0,70
918,0,0,0,0,74
919,0,0,0,0,69
920,0,0,0,0,67
921,0,0,0,0,66
922,0,0,0,0,65
923,0,0,0,0,65
924,0,0,0,0,63
925,0,0,0,0,67
926,0,0,0,0,65
927,0,0,0,0,66
928,0,0,0,0,67
929,0,0,0,0,62
930,0,0,0,0,56
931,0,0,0,0,55
932,0,0,0,0,49
933,0,0,0,0,55
934,0,0,0,0,56
935,0,0,0,0,57
936,0,0,0,0,50
937,0,0,0,0,57
938,0,0,0,0,59
939,0,0,0,0,54
940,0,0,0,0,53
941,0,0,0,0,50
942,0,0,0,0,54
943,0,0,0,0,50
944,0,0,0,0,58
945,0,0,0,0,57
946,0,0,0,0,55
947,0,0,0,0,60
948,0,0,0,0,63
949,0,0,0,0,64
950,0,0,0,0,62
951,0,0,0,0,61
952,0,0,0,0,62
953,0,0,0,0,58
954,0,0,0,0,61
955,0,0,0,0,61
956,0,0,0,0,61
957,0,0,0,0,62
958,0,0,0,0,62
959,0,0,0,0,65
960,0,0,0,0,69
961,0,0,0,0,57
962,0,0,0,0,63
963,0,0,0,0,54
964,0,0,0,0,59
965,0,0,0,0,55
966,0,0,0,0,56
967,0,0,0,0,61
968,0,0,0,0,60
969,0,0,0,0,60
970,0,0,0,0,61
971,0,0,0,0,59
972,0,0,0,0,61
973,0,0,0,0,57
974,0,0,0,0,59
975,0,0,0,0,58
976,0,0,0,0,59
977,0,0,0,0,60
978,0,0,0,0,62
979,0,0,0,0,56
980,0,0,0,0,50
981,0,0,0,0,56
982,0,0,0,0,52
983,0,0,0,0,63
984,0,0,0,0,57
985,0,0,0,0,60
986,0,0,0,0,64
987,0,0,0,0,65
988,0,0,0,0,66
989,0,0,0,0,64
990,0,0,0,0,65
991,0,0,0,0,67
992,0,0,0,0,63
993,0,0,0,0,68
994,0,0,0,0,62
995,0,0,0,0,63
996,0,0,0,0,61
997,0,0,0,0,62
998,0,0,0,0,63
999,0,0,0,0,59
1000,0,0,0,0,62
1001,0,0,0,0,63
1002,0,0,0,0,59
1003,0,0,0,0,66
1004,0,0,0,0,61
1005,0,0,0,0,57
1006,0,0,0,0,60
1007,0,0,0,0,60
1008,0,0,0,0,57
1009,0,0,0,0,56
1010,0,0,0,0,53
1011,0,0,0,0,58
1012,0,0,0,0,57
1013,0,0,0,0,60
1014,0,0,0,0,58
1015,0,0,0,0,64
1016,0,0,0,0,62
1017,0,0,0,0,59
1018,0,0,0,0,59
1019,0,0,0,0,57
1020,0,0,0,0,60
1021,0,0,0,0,56
1022,0,0,0,0,60
1023,0,0,0,0,57
1024,0,0,0,0,58
1025,0,0,0,0,58
1026,0,0,0,0,63
1027,0,0,0,0,54
1028,0,0,0,0,56
1029,0,0,0,0,58
1030,0,0,0,0,56
1031,0,0,0,0,55
1032,0,0,0,0,60
1033,0,0,0,0,63
1034,0,0,0,0,60
1035,0,0,0,0,64
1036,0,0,0,0,64
1037,0,0,0,0,60
1038,0,0,0,0,64
1039,0,0,0,0,59
1040,0,0,0,0,62
1041,0,0,0,0,64
1042,0,0,0,0,69
1043,0,0,0,0,66
1044,0,0,0,0,71
1045,0,0,0,0,70
1046,0,0,0,0,67
1047,0,0,0,0,65
1048,0,0,0,0,63
1049,0,0,0,0,67
1050,0,0,0,0,66
1051,0,0,0,0,72
1052,0,0,0,0,73
1053,0,0,0,0,73
1054,0,0,0,0,70
1055,0,0,0,0,67
1056,0,0,0,0,68
1057,0,0,0,0,71
1058,0,0,0,0,74
1059,0,0,0,0,71
1060,0,0,0,0,71
1061,0,0,0,0,71
1062,0,0,0,0,69
1063,0,0,0,0,63
1064,0,0,0,0,62
1065,0,0,0,0,62
1066,0,0,0,0,65
1067,0,0,0,0,70
1068,0,0,0,0,63
1069,0,0,0,0,66
1070,0,0,0,0,65
1071,0,0,0,0,64
1072,0,0,0,0,62
1073,0,0,0,0,63
1074,0,0,0,0,64
1075,0,0,0,0,60
1076,0,0,0,0,65
1077,0,0,0,0,60
1078,0,0,0,0,61
1079,0,0,0,0,64
1080,0,0,0,0,61
1081,0,0,0,0,67
1082,0,0,0,0,63
1083,0,0,0,0,71
1084,0,0,0,0,70
1085,0,0,0,0,71
1086,0,0,0,0,71
1087,0,0,0,0,66
1088,0,0,0,0,66
1089,0,0,0,0,65
1090,0,0,0,0,62
1091,0,0,0,0,61
1092,0,0,0,0,56
1093,0,0,0,0,59
1094,0,0,0,0,62
1095,0,0,0,0,62
1096,0,0,0,0,59
1097,0,0,0,0,60
1098,0,0,0,0,61
1099,0,0,0,0,61
1100,0,0,0,0,62
1101,0,0,0,0,61
1102,0,0,0,0,57
1103,0,0,0,0,58
1104,0,0,0,0,59
1105,0,0,0,0,60
1106,0,0,0,0,59
1107,0,0,0,0,65
1108,0,0,0,0,63
1109,0,0,0,0,64
1110,0,0,0,0,68
1111,0,0,0,0,66
1112,0,0,0,0,69
1113,0,0,0,0,65
1114,0,0,0,0,65
1115,0,0,0,0,63
1116,0,0,0,0,72
1117,0,0,0,0,63
1118,0,0,0,0,61
1119,0,0,0,0,66
1120,0,0,0,0,64
1121,0,0,0,0,66
1122,0,0,0,0,68
1123,0,0,0,0,71
1124,0,0,0,0,62
1125,0,0,0,0,62
1126,0,0,0,0,60
1127,0,0,0,0,60
1128,0,0,0,0,63
1129,0,0,0,0,61
1130,0,0,0,0,56
1131,0,0,0,0,62
1132,0,0,0,0,63
1133,0,0,0,0,64
1134,0,0,0,0,59
1135,0,0,0,0,63
1136,0,0,0,0,60
1137,0,0,0,0,58
1138,0,0,0,0,59
1139,0,0,0,0,51
1140,0,0,0,0,57
1141,0,0,0,0,56
1142,0,0,0,0,56
1143,0,0,0,0,55
1144,0,0,0,0,59
1145,0,0,0,0,53
1146,0,0,0,0,53
1147,0,0,0,0,53
1148,0,0,0,0,49
1149,0,0,0,0,52
1150,0,0,0,0,51
1151,0,0,0,0,54
1152,0,0,0,0,53
1153,0,0,0,0,60
1154,0,0,0,0,61
1155,0,0,0,0,60
1156,0,0,0,0,59
1157,0,0,0,0,55
1158,0,0,0,0,58
1159,0,0,0,0,58
1160,0,0,0,0,57
1161,0,0,0,0,57
1162,0,0,0,0,59
1163,0,0,0,0,57
1164,0,0,0,0,57
1165,0,0,0,0,62
1166,0,0,0,0,58
1167,0,0,0,0,59
1168,0,0,0,0,56
1169,0,0,0,0,58
1170,0,0,0,0,57
1171,0,0,0,0,61
1172,0,0,0,0,62
1173,0,0,0,0,65
1174,0,0,0,0,54
1175,0,0,0,0,51
1176,0,0,0,0,54
1177,0,0,0,0,48
1178,0,0,0,0,52
1179,0,0,0,0,51
1180,0,0,0,0,54
1181,0,0,0,0,55
1182,0,0,0,0,55
1183,0,0,0,0,53
1184,0,0,0,0,59
1185,0,0,0,0,54
1186,0,0,0,0,61
1187,0,0,0,0,63
1188,0,0,0,0,62
1189,0,0,0,0,66
1190,0,0,0,0,56
1191,0,0,0,0,60
1192,0,0,0,0,58
1193,0,0,0,0,64
1194,0,0,0,0,57
1195,0,0,0,0,63
1196,0,0,0,0,61
1197,0,0,0,0,63
1198,0,0,0,0,66
1199,0,0,0,0,68
1200,0,0,0,0,67
1201,0,0,0,0,68
1202,0,0,0,0,67
1203,0,0,0,0,67
1204,0,0,0,0,73
1205,0,0,0,0,76
1206,0,0,0,0,67
1207,0,0,0,0,68
1208,0,0,0,0,65
1209,0,0,0,0,63
1210,0,0,0,0,62
1211,0,0,0,0,57
1212,0,0,0,0,56
1213,0,0,0,0,52
1214,0,0,0,0,52
1215,0,0,0,0,49
1216,0,0,0,0,51
1217,0,0,0,0,55
1218,0,0,0,0,55
1219,0,0,0,0,56
1220,0,0,0,0,56
1221,0,0,0,0,52
1222,0,0,0,0,55
1223,0,0,0,0,55
1224,0,0,0,0,55
1225,0,0,0,0,57
1226,0,0,0,0,57
1227,0,0,0,0,54
1228,0,0,0,0,60
1229,0,0,0,0,52
1230,0,0,0,0,58
1231,0,0,0,0,56
1232,0,0,0,0,55
1233,0,0,0,0,57
1234,0,0,0,0,57
1235,0,0,0,0,57
1236,0,0,0,0,59
1237,0,0,0,0,65
1238,0,0,0,0,72
1239,0,0,0,0,68
1240,0,0,0,0,68
1241,0,0,0,0,66
1242,0,0,0,0,69
1243,0,0,0,0,65
1244,0,0,0,0,61
1245,0,0,0,0,61
1246,0,0,0,0,55
1247,0,0,0,0,56
1248,0,0,0,0,49
1249,0,0,0,0,57
1250,0,0,0,0,55
1251,0,0,0,0,55
1252,0,0,0,0,54
1253,0,0,0,0,51
1254,0,0,0,0,57
1255,0,0,0,0,48
1256,0,0,0,0,52
1257,0,0,0,0,58
1258,0,0,0,0,55
1259,0,0,0,0,56
1260,0,0,0,0,63
1261,0,0,0,0,65
1262,0,0,0,0,62
1263,0,0,0,0,64
1264,0,0,0,0,59
1265,0,0,0,0,65
1266,0,0,0,0,61
1267,0,0,0,0,61
1268,0,0,0,0,58
1269,0,0,0,0,58
1270,0,0,0,0,62
1271,0,0,0,0,61
1272,0,0,0,0,62
1273,0,0,0,0,67
1274,0,0,0,0,63
1275,0,0,0,0,65
1276,0,0,0,0,68
1277,0,0,0,0,71
1278,0,0,0,0,69
1279,0,0,0,0,74
1280,0,0,0,0,75
1281,0,0,0,0,70
1282,0,0,0,0,69
1283,0,0,0,0,65
1284,0,0,0,0,65
1285,0,0,0,0,61
1286,0,0,0,0,63
1287,0,0,0,0,59
1288,0,0,0,0,59
1289,0,0,0,0,61
1290,0,0,0,0,59
1291,0,0,0,0,62
1292,0,0,0,0,61
1293,0,0,0,0,62
1294,0,0,0,0,62
1295,0,0,0,0,66
1296,0,0,0,0,65
1297,0,0,0,0,71
1298,0,0,0,0,67
1299,0,0,0,0,65
1300,0,0,0,0,64
1301,0,0,0,0,69
1302,0,0,0,0,63
1303,0,0,0,0,62
1304,0,0,0,0,64
1305,0,0,0,0,59
1306,0,0,0,0,63
1307,0,0,0,0,60
1308,0,0,0,0,62
1309,0,0,0,0,64
1310,0,0,0,0,62
1311,0,0,0,0,58
1312,0,0,0,0,54
1313,0,0,0,0,58
1314,0,0,0,0,60
1315,0,0,0,0,57
1316,0,0,0,0,62
1317,0,0,0,0,62
1318,0,0,0,0,59
1319,0,0,0,0,62
1320,0,0,0,0,59
1321,0,0,0,0,61
1322,0,0,0,0,61
1323,0,0,0,0,56
1324,0,0,0,0,61
1325,0,0,0,0,59
1326,0,0,0,0,60
1327,0,0,0,0,61
1328,0,0,0,0,61
1329,0,0,0,0,59
1330,0,0,0,0,65
1331,0,0,0,0,61
1332,0,0,0,0,64
1333,0,0,0,0,64
1334,0,0,0,0,63
1335,0,0,0,0,65
1336,0,0,0,0,67
1337,0,0,0,0,61
1338,0,0,0,0,60
1339,0,0,0,0,59
1340,0,0,0,0,57
1341,0,0,0,0,57
1342,0,0,0,0,56
1343,0,0,0,0,57
1344,0,0,0,0,56
1345,0,0,0,0,55
1346,0,0,0,0,57
1347,0,0,0,0,54
1348,0,0,0,0,54
1349,0,0,0,0,52
1350,0,0,0,0,48
1351,0,0,0,0,49
1352,0,0,0,0,56
1353,0,0,0,0,52
1354,0,0,0,0,54
1355,0,0,0,0,54
1356,0,0,0,0,64
1357,0,0,0,0,59
1358,0,0,0,0,62
1359,0,0,0,0,64
1360,0,0,0,0,65
1361,0,0,0,0,67
1362,0,0,0,0,68
1363,0,0,0,0,67
1364,0,0,0,0,67
1365,0,0,0,0,63
1366,0,0,0,0,66
1367,0,0,0,0,62
1368,0,0,0,0,74
1369,0,0,0,0,70
1370,0,0,0,0,72
1371,0,0,0,0,69
1372,0,0,0,0,70
1373,0,0,0,0,66
1374,0,0,0,0,63
1375,0,0,0,0,68
1376,0,0,0,0,60
1377,0,0,0,0,63
1378,0,0,0,0,66
1379,0,0,0,0,59
1380,0,0,0,0,58
1381,0,0,0,0,58
1382,0,0,0,0,60
1383,0,0,0,0,62
1384,0,0,0,0,63
1385,0,0,0,0,62
1386,0,0,0,0,65
1387,0,0,0,0,61
1388,0,0,0,0,62
1389,0,0,0,0,60
1390,0,0,0,0,64
1391,0,0,0,0,63
1392,0,0,0,0,73
1393,0,0,0,0,67
1394,0,0,0,0,73
1395,0,0,0,0,66
1396,0,0,0,0,66
1397,0,0,0,0,72
1398,0,0,0,0,68
1399,0,0,0,0,64
1400,0,0,0,0,65
1401,0,0,0,0,65
1402,0,0,0,0,61
1403,0,0,0,0,60
1404,0,0,0,0,59
1405,0,0,0,0,60
1406,0,0,0,0,58
1407,0,0,0,0,58
1408,0,0,0,0,57
1409,0,0,0,0,57
1410,0,0,0,0,54
1411,0,0,0,0,58
1412,0,0,0,0,55
1413,0,0,0,0,57
1414,0,0,0,0,53
1415,0,0,0,0,49
1416,0,0,0,0,47
1417,0,0,0,0,53
1418,0,0,0,0,48
1419,0,0,0,0,52
1420,0,0,0,0,50
1421,0,0,0,0,51
1422,0,0,0,0,57
1423,0,0,0,0,54
1424,0,0,0,0,60
1425,0,0,0,0,60
1426,0,0,0,0,56
1427,0,0,0,0,63
1428,0,0,0,0,60
1429,0,0,0,0,61
1430,0,0,0,0,63
1431,0,0,0,0,61
1432,0,0,0,0,64
1433,0,0,0,0,63
1434,0,0,0,0,59
1435,0,0,0,0,55
1436,0,0,0,0,55
1437,0,0,0,0,59
1438,0,0,0,0,60
1439,0,0,0,0,55
1440,0,0,0,0,57
1441,0,0,0,0,52
1442,0,0,0,0,55
1443,0,0,0,0,58
1444,0,0,0,0,62
1445,0,0,0,0,62
1446,0,0,0,0,60
1447,0,0,0,0,56
1448,0,0,0,0,52
1449,0,0,0,0,54
1450,0,0,0,0,54
1451,0,0,0,0,54
1452,0,0,0,0,59
1453,0,0,0,0,55
1454,0,0,0,0,59
1455,0,0,0,0,60
1456,0,0,0,0,60
1457,0,0,0,0,61
1458,0,0,0,0,62
1459,0,0,0,0,61
1460,0,0,0,0,56
1461,0,0,0,0,55
1462,0,0,0,0,59
1463,0,0,0,0,53
1464,0,0,0,0,55
1465,0,0,0,0,57
1466,0,0,0,0,55
1467,0,0,0,0,59
1468,0,0,0,0,59
1469,0,0,0,0,61
1470,0,0,0,0,61
1471,0,0,0,0,62
1472,0,0,0,0,53
1473,0,0,0,0,60
1474,0,0,0,0,55
1475,0,0,0,0,61
1476,0,0,0,0,55
1477,0,0,0,0,64
1478,0,0,0,0,52
1479,0,0,0,0,62
1480,0,0,0,0,54
1481,0,0,0,0,57
1482,0,0,0,0,59
1483,0,0,0,0,63
1484,0,0,0,0,61
1485,0,0,0,0,61
1486,0,0,0,0,58
1487,0,0,0,0,67
1488,0,0,0,0,72
1489,0,0,0,0,68
1490,0,0,0,0,66
1491,0,0,0,0,64
1492,0,0,0,0,61
1493,0,0,0,0,63
1494,0,0,0,0,63
1495,0,0,0,0,63
1496,0,0,0,0,62
1497,0,0,0,0,59
1498,0,0,0,0,66
1499,0,0,0,0,61
1500,0,0,0,0,63
1501,0,0,0,0,65
1502,0,0,0,0,58
1503,0,0,0,0,61
1504,0,0,0,0,65
1505,0,0,0,0,59
1506,0,0,0,0,63
1507,0,0,0,0,65
1508,0,0,0,0,65
1509,0,0,0,0,69
1510,0,0,0,0,69
1511,0,0,0,0,71
1512,0,0,0,0,71
1513,0,0,0,0,64
1514,0,0,0,0,65
1515,0,0,0,0,58
1516,0,0,0,0,65
1517,0,0,0,0,55
1518,0,0,0,0,62
1519,0,0,0,0,63
1520,0,0,0,0,61
1521,0,0,0,0,59
1522,0,0,0,0,65
1523,0,0,0,0,62
1524,0,0,0,0,67
1525,0,0,0,0,64
1526,0,0,0,0,63
1527,0,0,0,0,63
1528,0,0,0,0,65
1529,0,0,0,0,63
1530,0,0,0,0,60
1531,0,0,0,0,64
1532,0,0,0,0,59
1533,0,0,0,0,59
1534,0,0,0,0,57
1535,0,0,0,0,55
1536,0,0,0,0,55
1537,0,0,0,0,55
1538,0,0,0,0,57
1539,0,0,0,0,58
1540,0,0,0,0,55
1541,0,0,0,0,54
1542,0,0,0,0,52
1543,0,0,0,0,51
1544,0,0,0,0,56
1545,0,0,0,0,52
1546,0,0,0,0,53
1547,0,0,0,0,53
1548,0,0,0,0,61
1549,0,0,0,0,56
1550,0,0,0,0,58
1551,0,0,0,0,57
1552,0,0,0,0,53
1553,0,0,0,0,55
1554,0,0,0,0,53
1555,0,0,0,0,56
1556,0,0,0,0,53
1557,0,0,0,0,58
1558,0,0,0,0,59
1559,0,0,0,0,57
1560,0,0,0,0,55
1561,0,0,0,0,50
1562,0,0,0,0,54
1563,0,0,0,0,58
1564,0,0,0,0,61
1565,0,0,0,0,60
1566,0,0,0,0,59
1567,0,0,0,0,55
1568,0,0,0,0,58
1569,0,0,0,0,56
1570,0,0,0,0,58
1571,0,0,0,0,58
1572,0,0,0,0,59
1573,0,0,0,0,62
1574,0,0,0,0,59
1575,0,0,0,0,64
1576,0,0,0,0,59
1577,0,0,0,0,65
1578,0,0,0,0,60
1579,0,0,0,0,61
1580,0,0,0,0,58
1581,0,0,0,0,58
1582,0,0,0,0,57
1583,0,0,0,0,63
1584,0,0,0,0,64
1585,0,0,0,0,65
1586,0,0,0,0,66
1587,0,0,0,0,61
1588,0,0,0,0,63
1589,0,0,0,0,62
1590,0,0,0,0,60
1591,0,0,0,0,63
1592,0,0,0,0,64
1593,0,0,0,0,62
1594,0,0,0,0,63
1595,0,0,0,0,58
1596,0,0,0,0,60
1597,0,0,0,0,60
1598,0,0,0,0,56
1599,0,0,0,0,55
1600,0,0,0,0,55
1601,0,0,0,0,53
1602,0,0,0,0,57
1603,0,0,0,0,52
1604,0,0,0,0,57
1605,0,0,0,0,51
1606,0,0,0,0,46
1607,0,0,0,0,50
1608,0,0,0,0,45
1609,0,0,0,0,45
1610,0,0,0,0,45
1611,0,0,0,0,44
1612,0,0,0,0,49
1613,0,0,0,0,47
1614,0,0,0,0,54
1615,0,0,0,0,49
1616,0,0,0,0,50
1617,0,0,0,0,53
1618,0,0,0,0,55
1619,0,0,0,0,55
1620,0,0,0,0,54
1621,0,0,0,0,51
1622,0,0,0,0,56
1623,0,0,0,0,54
1624,0,0,0,0,57
1625,0,0,0,0,56
1626,0,0,0,0,57
1627,0,0,0,0,59
1628,0,0,0,0,61
1629,0,0,0,0,60
1630,0,0,0,0,60
1631,0,0,0,0,61
1632,0,0,0,0,62
1633,0,0,0,0,59
1634,0,0,0,0,63
1635,0,0,0,0,62
1636,0,0,0,0,67
1637,0,0,0,0,64
1638,0,0,0,0,68
1639,0,0,0,0,66
1640,0,0,0,0,69
1641,0,0,0,0,68
1642,0,0,0,0,68
1643,0,0,0,0,75
1644,0,0,0,0,75
1645,0,0,0,0,74
1646,0,0,0,0,75
1647,0,0,0,0,76
1648,0,0,0,0,67
1649,0,0,0,0,67
1650,0,0,0,0,62
1651,0,0,0,0,66
1652,0,0,0,0,60
1653,0,0,0,0,60
1654,0,0,0,0,59
1655,0,0,0,0,63
1656,0,0,0,0,56
1657,0,0,0,0,51
1658,0,0,0,0,60
1659,0,0,0,0,58
1660,0,0,0,0,61
1661,0,0,0,0,64
1662,0,0,0,0,63
1663,0,0,0,0,60
1664,0,0,0,0,63
1665,0,0,0,0,65
1666,0,0,0,0,69
1667,0,0,0,0,64
1668,0,0,0,0,65
1669,0,0,0,0,66
1670,0,0,0,0,62
1671,0,0,0,0,64
1672,0,0,0,0,60
1673,0,0,0,0,56
1674,0,0,0,0,52
1675,0,0,0,0,54
1676,0,0,0,0,51
1677,0,0,0,0,54
1678,0,0,0,0,46
1679,0,0,0,0,47
1680,0,0,0,0,46
1681,0,0,0,0,45
1682,0,0,0,0,47
1683,0,0,0,0,47
1684,0,0,0,0,56
1685,0,0,0,0,58
1686,0,0,0,0,57
1687,0,0,0,0,57
1688,0,0,0,0,55
1689,0,0,0,0,58
1690,0,0,0,0,63
1691,0,0,0,0,62
1692,0,0,0,0,60
1693,0,0,0,0,62
1694,0,0,0,0,60
1695,0,0,0,0,62
1696,0,0,0,0,61
1697,0,0,0,0,62
1698,0,0,0,0,64
1699,0,0,0,0,67
1700,0,0,0,0,72
1701,0,0,0,0,70
1702,0,0,0,0,67
1703,0,0,0,0,62
1704,0,0,0,0,63
1705,0,0,0,0,57
1706,0,0,0,0,65
1707,0,0,0,0,58
1708,0,0,0,0,59
1709,0,0,0,0,59
1710,0,0,0,0,59
1711,0,0,0,0,62
1712,0,0,0,0,57
1713,0,0,0,0,57
1714,0,0,0,0,61
1715,0,0,0,0,60
1716,0,0,0,0,64
1717,0,0,0,0,58
1718,0,0,0,0,64
1719,0,0,0,0,54
1720,0,0,0,0,56
1721,0,0,0,0,60
1722,0,0,0,0,55
1723,0,0,0,0,57
1724,0,0,0,0,46
1725,0,0,0,0,50
1726,0,0,0,0,51
1727,0,0,0,0,51
1728,0,0,0,0,48
1729,0,0,0,0,51
1730,0,0,0,0,50
1731,0,0,0,0,51
1732,0,0,0,0,47
1733,0,0,0,0,50
1734,0,0,0,0,51
1735,0,0,0,0,53
1736,0,0,0,0,53
1737,0,0,0,0,52
1738,0,0,0,0,49
1739,0,0,0,0,48
1740,0,0,0,0,46
1741,0,0,0,0,41
1742,0,0,0,0,44
1743,0,0,0,0,44
1744,0,0,0,0,49
1745,0,0,0,0,48
1746,0,0,0,0,50
1747,0,0,0,0,47
1748,0,0,0,0,48
1749,0,0,0,0,51
1750,0,0,0,0,50
1751,0,0,0,0,52
1752,0,0,0,0,52
1753,0,0,0,0,52
1754,0,0,0,0,47
1755,0,0,0,0,47
1756,0,0,0,0,50
1757,0,0,0,0,51
1758,0,0,0,0,49
1759,0,0,0,0,50
1760,0,0,0,0,49
1761,0,0,0,0,45
1762,0,0,0,0,56
1763,0,0,0,0,51
1764,0,0,0,0,57
1765,0,0,0,0,54
1766,0,0,0,0,57
1767,0,0,0,0,63
1768,0,0,0,0,63
1769,0,0,0,0,65
1770,0,0,0,0,75
1771,0,0,0,0,66
1772,0,0,0,0,64
1773,0,0,0,0,65
1774,0,0,0,0,59
1775,0,0,0,0,62
1776,0,0,0,0,63
1777,0,0,0,0,59
1778,0,0,0,0,62
1779,0,0,0,0,62
1780,0,0,0,0,57
1781,0,0,0,0,59
1782,0,0,0,0,57
1783,0,0,0,0,56
1784,0,0,0,0,56
1785,0,0,0,0,54
1786,0,0,0,0,54
1787,0,0,0,0,55
1788,0,0,0,0,55
1789,0,0,0,0,50
1790,0,0,0,0,55
1791,0,0,0,0,49
1792,0,0,0,0,53
1793,0,0,0,0,53
1794,0,0,0,0,46
1795,0,0,0,0,50
1796,0,0,0,0,49
1797,0,0,0,0,49
1798,0,0,0,0,45
1799,0,0,0,0,52
1800,0,0,0,0,44
1801,0,0,0,0,51
1802,0,0,0,0,55
1803,0,0,0,0,52
1804,0,0,0,0,52
1805,0,0,0,0,55
1806,0,0,0,0,54
1807,0,0,0,0,55
1808,0,0,0,0,53
1809,0,0,0,0,50
1810,0,0,0,0,52
1811,0,0,0,0,50
1812,0,0,0,0,54
1813,0,0,0,0,57
1814,0,0,0,0,54
1815,0,0,0,0,58
1816,0,0,0,0,60
1817,0,0,0,0,54
1818,0,0,0,0,53
1819,0,0,0,0,52
1820,0,0,0,0,52
1821,0,0,0,0,49
1822,0,0,0,0,48
1823,0,0,0,0,48
1824,0,0,0,0,51
1825,0,0,0,0,50
1826,0,0,0,0,54
1827,0,0,0,0,54
1828,0,0,0,0,64
1829,0,0,0,0,64
1830,0,0,0,0,68
1831,0,0,0,0,64
1832,0,0,0,0,65
1833,0,0,0,0,69
1834,0,0,0,0,65
1835,0,0,0,0,64
1836,0,0,0,0,67
1837,0,0,0,0,58
1838,0,0,0,0,65
1839,0,0,0,0,61
1840,0,0,0,0,63
1841,0,0,0,0,60
1842,0,0,0,0,60
1843,0,0,0,0,59
1844,0,0,0,0,60
1845,0,0,0,0,66
1846,0,0,0,0,62
1847,0,0,0,0,70
1848,0,0,0,0,65
1849,0,0,0,0,64
1850,0,0,0,0,63
1851,0,0,0,0,68
1852,0,0,0,0,66
1853,0,0,0,0,72
1854,0,0,0,0,67
1855,0,0,0,0,68
1856,0,0,0,0,65
1857,0,0,0,0,60
1858,0,0,0,0,58
1859,0,0,0,0,58
1860,0,0,0,0,59
1861,0,0,0,0,64
1862,0,0,0,0,61
1863,0,0,0,0,59
1864,0,0,0,0,60
1865,0,0,0,0,59
1866,0,0,0,0,58
1867,0,0,0,0,57
1868,0,0,0,0,51
1869,0,0,0,0,55
1870,0,0,0,0,56
1871,0,0,0,0,51
1872,0,0,0,0,55
1873,0,0,0,0,54
1874,0,0,0,0,52
1875,0,0,0,0,55
1876,0,0,0,0,55
1877,0,0,0,0,55
1878,0,0,0,0,56
1879,0,0,0,0,52
1880,0,0,0,0,54
1881,0,0,0,0,50
1882,0,0,0,0,53
1883,0,0,0,0,52
1884,0,0,0,0,46
1885,0,0,0,0,45
1886,0,0,0,0,48
1887,0,0,0,0,48
1888,0,0,0,0,46
1889,0,0,0,0,48
1890,0,0,0,0,44
1891,0,0,0,0,47
1892,0,0,0,0,45
1893,0,0,0,0,43
1894,0,0,0,0,48
1895,0,0,0,0,43
1896,0,0,0,0,46
1897,0,0,0,0,42
1898,0,0,0,0,47
1899,0,0,0,0,48
1900,0,0,0,0,55
1901,0,0,0,0,56
1902,0,0,0,0,59
1903,0,0,0,0,61
1904,0,0,0,0,68
1905,0,0,0,0,64
1906,0,0,0,0,65
1907,0,0,0,0,62
1908,0,0,0,0,64
1909,0,0,0,0,63
1910,0,0,0,0,62
1911,0,0,0,0,65
1912,0,0,0,0,62
1913,0,0,0,0,65
1914,0,0,0,0,61
1915,0,0,0,0,55
1916,0,0,0,0,64
1917,0,0,0,0,56
1918,0,0,0,0,55
1919,0,0,0,0,56
1920,0,0,0,0,54
1921,0,0,0,0,52
1922,0,0,0,0,61
1923,0,0,0,0,57
1924,0,0,0,0,59
1925,0,0,0,0,55
1926,0,0,0,0,61
1927,0,0,0,0,64
1928,0,0,0,0,60
1929,0,0,0,0,58
1930,0,0,0,0,54
1931,0,0,0,0,53
1932,0,0,0,0,55
1933,0,0,0,0,60
1934,0,0,0,0,56
1935,0,0,0,0,56
1936,0,0,0,0,57
1937,0,0,0,0,61
1938,0,0,0,0,57
1939,0,0,0,0,59
1940,0,0,0,0,58
1941,0,0,0,0,61
1942,0,0,0,0,60
1943,0,0,0,0,65
1944,0,0,0,0,62
1945,0,0,0,0,63
1946,0,0,0,0,63
1947,0,0,0,0,63
1948,0,0,0,0,58
1949,0,0,0,0,63
1950,0,0,0,0,59
1951,0,0,0,0,63
1952,0,0,0,0,55
1953,0,0,0,0,52
1954,0,0,0,0,53
1955,0,0,0,0,50
1956,0,0,0,0,57
1957,0,0,0,0,56
1958,0,0,0,0,54
1959,0,0,0,0,49
1960,0,0,0,0,48
1961,0,0,0,0,52
1962,0,0,0,0,49
1963,0,0,0,0,47
1964,0,0,0,0,51
1965,0,0,0,0,50
1966,0,0,0,0,52
1967,0,0,0,0,47
1968,0,0,0,0,51
1969,0,0,0,0,46
1970,0,0,0,0,55
1971,0,0,0,0,46
1972,0,0,0,0,51
1973,0,0,0,0,50
1974,0,0,0,0,52
1975,0,0,0,0,55
1976,0,0,0,0,53
1977,0,0,0,0,55
1978,0,0,0,0,54
1979,0,0,0,0,60
1980,0,0,0,0,59
1981,0,0,0,0,59
1982,0,0,0,0,53
1983,0,0,0,0,57
1984,0,0,0,0,55
1985,0,0,0,0,58
1986,0,0,0,0,54
1987,0,0,0,0,58
1988,0,0,0,0,58
1989,0,0,0,0,58
1990,0,0,0,0,59
1991,0,0,0,0,61
1992,0,0,0,0,57
1993,0,0,0,0,62
1994,0,0,0,0,64
1995,0,0,0,0,65
1996,0,0,0,0,63
1997,0,0,0,0,62
1998,0,0,0,0,62
1999,0,0,0,0,59
2000,0,0,0,0,59
