tick,pop_capital,pop_labor,nouveaux_riches,avg_innov,investments
1,20,180,0,0.554,50
2,20,180,40,0.554,43
3,20,180,53,0.554,13
4,20,180,57,0.554,4
5,20,180,57,0.554,0
6,20,180,58,0.554,1
7,20,180,58,0.554,0
8,20,180,58,0.554,0
9,20,180,57,0.554,1
10,20,180,58,0.554,1
11,20,180,58,0.554,0
12,20,180,58,0.554,0
13,20,180,57,0.554,0
14,20,180,58,0.554,1
15,20,180,58,0.554,0
16,20,180,58,0.554,0
17,20,180,58,0.554,0
18,20,180,58,0.554,0
19,20,180,58,0.554,0
20,20,180,58,0.554,0
21,20,180,58,0.554,0
22,20,180,58,0.554,0
23,20,180,58,0.554,0
24,20,180,58,0.554,0
25,20,180,58,0.554,0
26,20,180,58,0.554,0
27,20,180,58,0.554,0
28,20,180,58,0.554,0
29,20,180,58,0.554,0
30,20,180,58,0.554,0
31,20,180,58,0.554,0
32,20,180,58,0.554,0
33,20,180,58,0.554,0
34,20,180,58,0.554,0
35,20,180,58,0.554,0
36,20,180,58,0.554,0
37,20,180,58,0.554,0
38,20,180,58,0.554,0
39,20,180,58,0.554,0
40,20,180,58,0.554,0
41,20,180,58,0.554,0
42,20,180,58,0.554,0
43,20,180,58,0.554,0
44,20,180,58,0.554,0
45,20,180,58,0.554,0
46,20,180,58,0.554,0
47,20,180,58,0.554,0
48,20,180,58,0.554,0
49,20,180,58,0.554,0
50,20,180,58,0.554,0
51,20,180,58,0.554,0
52,20,180,58,0.554,0
53,20,180,58,0.554,0
54,20,180,58,0.554,0
55,20,180,58,0.554,0
56,20,180,58,0.554,0
57,20,180,58,0.554,0
58,20,180,58,0.554,0
59,20,180,47,0.554,35
60,20,180,52,0.554,12
61,20,180,56,0.554,6
62,20,180,58,0.554,2
63,20,180,58,0.554,0
64,20,180,58,0.554,0
65,20,180,58,0.554,2
66,20,180,58,0.554,0
67,20,180,58,0.554,0
68,20,180,58,0.554,0
69,20,180,58,0.554,1
70,20,180,58,0.554,0
71,20,180,58,0.554,0
72,20,180,58,0.554,0
73,20,180,58,0.554,0
74,20,180,58,0.554,0
75,20,180,58,0.554,0
76,20,180,58,0.554,0
77,20,180,58,0.554,0
78,20,180,58,0.554,0
79,20,180,58,0.554,0
80,20,180,58,0.554,0
81,20,180,58,0.554,0
82,20,180,58,0.554,0
83,20,180,58,0.554,0
84,20,180,58,0.554,0
85,20,180,58,0.554,0
86,20,180,58,0.554,0
87,20,180,58,0.554,0
88,20,180,58,0.554,0
89,20,180,58,0.554,0
90,20,180,58,0.554,0
91,20,180,58,0.554,0
92,20,180,58,0.554,0
93,20,180,58,0.554,0
94,20,180,58,0.554,0
95,20,180,58,0.554,0
96,20,180,58,0.554,0
97,20,180,58,0.554,0
98,20,180,46,0.554,39
99,20,180,55,0.554,13
100,20,180,58,0.554,3
101,20,180,58,0.554,0
102,20,180,57,0.554,1
103,20,180,57,0.554,0
104,20,179,58,0.554,2
105,20,179,58,0.554,0
106,20,179,58,0.554,0
107,20,179,58,0.554,0
108,20,179,58,0.554,0
109,20,179,58,0.554,0
110,20,179,58,0.554,0
111,20,179,58,0.554,0
112,20,179,58,0.554,0
113,20,179,58,0.554,0
114,20,178,58,0.554,0
115,20,178,58,0.554,0
116,20,178,58,0.554,0
117,20,178,58,0.554,0
118,20,178,58,0.554,0
119,20,178,58,0.554,0
120,20,178,58,0.554,0
121,20,176,58,0.555,0
122,20,176,58,0.555,0
123,20,176,58,0.555,0
124,20,179,58,0.562,0
125,20,180,56,0.563,25
126,20,179,50,0.564,22
127,20,180,60,0.565,10
128,20,180,62,0.565,2
129,20,180,63,0.565,3
130,20,180,64,0.565,2
131,20,180,64,0.565,0
132,20,180,64,0.565,0
133,20,179,64,0.565,0
134,20,177,64,0.568,0
135,20,177,64,0.568,0
136,20,177,64,0.568,0
137,20,177,64,0.568,0
138,20,177,64,0.568,0
139,20,177,64,0.568,0
140,20,177,64,0.568,0
141,20,177,64,0.568,0
142,20,177,64,0.568,0
143,20,177,64,0.568,0
144,20,177,64,0.568,0
145,20,177,64,0.568,0
146,20,179,64,0.575,0
147,20,179,63,0.578,3
148,20,180,60,0.578,33
149,20,179,62,0.579,16
150,20,179,65,0.582,4
151,20,178,66,0.585,3
152,20,180,69,0.587,4
153,20,180,70,0.587,1
154,20,180,71,0.587,1
155,20,179,71,0.589,0
156,20,180,71,0.589,0
157,20,180,71,0.589,0
158,20,180,71,0.589,0
159,20,178,71,0.589,0
160,20,180,71,0.590,0
161,20,180,71,0.590,0
162,20,180,71,0.590,0
163,20,180,71,0.590,0
164,20,180,71,0.590,0
165,20,179,71,0.592,0
166,20,180,70,0.592,2
167,20,179,69,0.594,1
168,20,180,64,0.595,36
169,20,180,66,0.595,10
170,20,178,68,0.600,5
171,20,180,70,0.601,3
172,20,179,71,0.601,1
173,20,178,72,0.605,1
174,20,180,72,0.606,0
175,20,180,72,0.606,0
176,20,180,73,0.606,1
177,20,180,74,0.606,1
178,20,179,75,0.608,1
179,20,180,75,0.609,0
180,20,178,75,0.610,0
181,20,180,75,0.610,0
182,20,180,76,0.610,1
183,20,180,77,0.610,3
184,20,180,76,0.610,4
185,20,178,74,0.614,16
186,20,176,62,0.623,19
187,20,180,69,0.624,10
188,20,180,75,0.624,10
189,20,180,79,0.624,4
190,20,180,79,0.624,1
191,20,179,81,0.625,1
192,20,180,81,0.625,0
193,20,180,81,0.625,0
194,20,180,81,0.625,0
195,20,180,81,0.625,0
196,20,178,81,0.626,0
197,20,179,81,0.626,0
198,20,180,81,0.626,0
199,20,179,81,0.627,0
200,20,179,81,0.627,2
201,20,178,80,0.629,15
202,20,179,74,0.631,19
203,20,180,78,0.630,12
204,20,180,78,0.630,8
205,20,180,79,0.630,2
206,20,179,79,0.631,2
207,20,180,80,0.629,2
208,20,180,81,0.629,1
209,20,180,82,0.629,2
210,20,180,82,0.629,0
211,20,180,82,0.629,1
212,20,179,82,0.631,0
213,20,180,82,0.632,0
214,20,180,82,0.632,0
215,20,180,82,0.632,2
216,20,179,81,0.633,14
217,20,178,75,0.636,18
218,20,179,76,0.636,9
219,20,180,77,0.635,7
220,20,180,83,0.635,7
221,20,180,83,0.635,2
222,20,180,84,0.635,5
223,20,179,84,0.638,1
224,20,180,84,0.637,0
225,20,180,84,0.637,1
226,20,179,85,0.637,1
227,20,179,85,0.637,1
228,20,180,85,0.636,0
229,20,180,85,0.636,1
230,20,180,83,0.636,14
231,20,180,77,0.636,16
232,20,180,81,0.636,15
233,20,179,79,0.637,4
234,20,180,82,0.637,5
235,20,180,83,0.637,2
236,20,180,82,0.637,1
237,20,180,82,0.637,1
238,20,180,83,0.637,1
239,20,180,84,0.637,1
240,20,180,85,0.637,2
241,20,179,85,0.639,0
242,20,180,85,0.638,1
243,20,180,80,0.638,10
244,20,180,82,0.638,19
245,20,178,80,0.642,16
246,20,180,82,0.640,10
247,20,180,83,0.640,5
248,20,180,84,0.640,2
249,20,180,83,0.640,4
250,20,180,82,0.640,3
251,20,180,83,0.640,2
252,20,180,84,0.640,2
253,20,180,84,0.640,0
254,20,180,84,0.640,0
255,20,179,84,0.642,1
256,20,180,82,0.640,12
257,20,180,76,0.640,17
258,20,180,77,0.640,9
259,20,180,80,0.640,10
260,20,180,81,0.640,2
261,20,180,82,0.640,3
262,20,180,82,0.640,2
263,20,180,84,0.640,2
264,20,180,84,0.640,0
265,20,180,85,0.640,1
266,20,180,84,0.640,0
267,20,180,84,0.640,1
268,20,180,81,0.640,9
269,20,179,78,0.642,18
270,20,179,79,0.646,12
271,20,180,78,0.646,9
272,20,180,81,0.646,11
273,20,180,83,0.646,6
274,20,180,84,0.646,2
275,20,180,85,0.646,6
276,20,179,86,0.648,3
277,20,180,87,0.648,4
278,20,180,87,0.648,0
279,20,180,86,0.648,8
280,20,180,81,0.648,11
281,20,180,77,0.648,10
282,20,180,79,0.648,10
283,20,179,81,0.648,7
284,20,180,83,0.648,5
285,20,180,83,0.648,3
286,20,180,83,0.648,3
287,20,179,86,0.651,3
288,20,180,86,0.651,0
289,20,180,87,0.651,1
290,20,179,84,0.651,5
291,20,180,79,0.652,8
292,20,180,78,0.652,12
293,20,180,79,0.652,16
294,20,180,79,0.652,9
295,20,180,83,0.652,9
296,20,180,85,0.652,3
297,20,179,86,0.653,3
298,20,180,85,0.654,3
299,20,180,88,0.654,3
300,20,179,88,0.657,3
301,20,178,86,0.659,6
302,20,178,82,0.663,9
303,20,180,83,0.665,14
304,20,180,80,0.665,7
305,20,180,87,0.665,13
306,20,179,89,0.666,5
307,20,180,91,0.667,3
308,20,178,90,0.669,2
309,20,180,90,0.670,2
310,20,180,91,0.670,2
311,20,180,88,0.670,7
312,20,180,87,0.670,11
313,20,180,81,0.670,15
314,20,180,85,0.670,11
315,20,180,87,0.670,14
316,20,180,92,0.670,9
317,20,180,92,0.670,4
318,20,180,93,0.670,3
319,20,180,94,0.670,2
320,20,180,93,0.670,1
321,20,180,91,0.670,3
322,20,180,87,0.670,6
323,20,180,87,0.670,15
324,20,180,88,0.670,8
325,20,178,78,0.673,6
326,20,179,86,0.675,12
327,20,180,89,0.672,4
328,20,180,90,0.672,6
329,20,180,93,0.672,5
330,20,180,96,0.672,3
331,20,179,94,0.674,5
332,20,180,89,0.676,9
333,20,180,83,0.676,8
334,20,180,85,0.676,9
335,20,180,87,0.676,17
336,20,180,93,0.676,13
337,20,180,94,0.676,3
338,20,179,95,0.679,2
339,20,180,95,0.676,3
340,20,178,96,0.679,3
341,20,180,95,0.678,6
342,20,180,90,0.678,7
343,20,180,86,0.678,11
344,20,180,85,0.678,13
345,20,179,82,0.681,6
346,20,180,88,0.680,10
347,20,180,92,0.680,6
348,20,180,92,0.680,2
349,20,180,95,0.680,4
350,20,179,92,0.680,4
351,20,180,87,0.681,4
352,20,179,85,0.682,11
353,20,179,88,0.685,11
354,20,180,88,0.683,14
355,20,180,87,0.683,8
356,20,180,93,0.683,9
357,20,180,94,0.683,3
358,20,180,95,0.683,2
359,20,180,92,0.683,5
360,20,180,94,0.683,8
361,20,179,93,0.684,11
362,20,179,86,0.687,7
363,20,180,88,0.687,13
364,20,180,88,0.687,10
365,20,179,93,0.688,6
366,20,180,91,0.688,1
367,20,180,97,0.688,6
368,20,180,96,0.688,11
369,20,179,98,0.689,7
370,20,178,90,0.692,8
371,20,178,87,0.698,11
372,20,178,87,0.703,9
373,20,180,86,0.704,7
374,20,180,96,0.704,12
375,20,178,101,0.707,7
376,20,179,103,0.710,6
377,20,179,102,0.710,6
378,20,180,104,0.708,9
379,20,179,101,0.709,8
380,20,179,94,0.710,8
381,20,179,100,0.714,14
382,20,179,97,0.715,7
383,20,180,99,0.715,6
384,20,179,99,0.716,5
385,20,180,100,0.715,6
386,20,178,100,0.721,9
387,19,180,101,0.722,9
388,19,180,100,0.724,12
389,18,181,96,0.724,8
390,18,182,101,0.722,12
391,18,180,105,0.726,13
392,17,182,105,0.727,5
393,17,183,108,0.725,8
394,17,183,108,0.725,4
395,17,182,108,0.725,6
396,17,183,107,0.725,17
397,17,183,106,0.725,9
398,17,183,103,0.725,8
399,17,183,106,0.725,8
400,17,183,109,0.725,9
401,17,182,107,0.727,5
402,17,183,109,0.724,8
403,17,183,109,0.724,9
404,17,183,105,0.724,12
405,17,183,106,0.724,12
406,17,183,106,0.724,14
407,17,183,105,0.724,8
408,17,183,106,0.724,6
409,17,182,106,0.726,7
410,17,183,112,0.724,9
411,17,183,109,0.724,6
412,17,183,105,0.724,10
413,17,183,112,0.724,10
414,17,183,111,0.724,10
415,17,183,105,0.724,3
416,17,183,107,0.724,10
417,17,183,108,0.724,8
418,17,183,108,0.724,9
419,17,183,109,0.724,11
420,17,183,107,0.724,14
421,17,183,110,0.724,11
422,17,182,110,0.727,12
423,17,183,112,0.724,8
424,17,183,110,0.724,7
425,17,183,112,0.724,11
426,17,183,109,0.724,8
427,17,183,105,0.724,7
428,17,182,108,0.725,15
429,17,183,108,0.726,8
430,17,183,108,0.726,10
431,17,183,107,0.726,8
432,17,183,108,0.726,9
433,17,183,110,0.726,13
434,17,183,108,0.726,10
435,17,182,107,0.728,14
436,17,182,108,0.729,11
437,17,183,112,0.730,12
438,16,183,109,0.730,7
439,16,184,107,0.731,9
440,16,184,107,0.731,9
441,16,184,113,0.731,11
442,16,184,108,0.731,6
443,16,184,111,0.731,13
444,16,184,111,0.731,11
445,16,184,112,0.731,7
446,16,184,110,0.731,10
447,16,184,109,0.731,9
448,16,184,111,0.731,13
449,16,184,110,0.731,9
450,16,184,106,0.731,13
451,16,183,110,0.734,14
452,16,184,107,0.735,6
453,16,184,105,0.735,8
454,16,184,110,0.735,10
455,16,184,113,0.735,11
456,16,184,112,0.735,12
457,16,184,104,0.735,10
458,16,184,109,0.735,13
459,16,184,113,0.735,11
460,16,184,108,0.735,5
461,16,184,108,0.735,9
462,16,184,114,0.735,13
463,16,184,110,0.735,6
464,16,184,109,0.735,12
465,16,184,108,0.735,9
466,16,184,112,0.735,14
467,16,184,106,0.735,4
468,16,184,109,0.735,12
469,16,184,110,0.735,11
470,16,184,118,0.735,12
471,16,184,105,0.735,10
472,16,184,107,0.735,10
473,16,184,110,0.735,11
474,16,184,113,0.735,12
475,16,184,104,0.735,9
476,16,184,106,0.735,13
477,16,184,110,0.735,10
478,16,183,110,0.735,15
479,16,184,111,0.735,14
480,16,184,110,0.735,7
481,16,184,113,0.735,12
482,16,184,112,0.735,12
483,16,184,113,0.735,6
484,16,184,106,0.735,7
485,16,184,104,0.735,12
486,15,184,108,0.735,14
487,15,185,108,0.735,5
488,15,184,108,0.736,13
489,15,185,110,0.737,17
490,15,185,110,0.737,12
491,15,184,110,0.739,7
492,15,184,111,0.741,17
493,15,185,112,0.739,12
494,15,185,111,0.739,9
495,15,185,108,0.739,10
496,15,185,107,0.739,13
497,15,184,117,0.739,11
498,15,184,114,0.742,11
499,15,185,116,0.743,16
500,15,185,118,0.743,16
501,15,185,115,0.743,7
502,15,185,118,0.743,11
503,15,184,118,0.745,10
504,15,185,120,0.746,7
505,15,185,113,0.746,13
506,15,185,110,0.746,16
507,15,185,115,0.746,10
508,15,185,111,0.746,12
509,15,185,116,0.746,13
510,15,185,118,0.746,11
511,14,185,115,0.746,11
512,14,186,114,0.743,13
513,14,186,114,0.743,16
514,14,186,117,0.743,14
515,14,186,118,0.743,15
516,14,186,119,0.743,8
517,14,186,117,0.743,12
518,14,186,118,0.743,18
519,14,186,120,0.743,16
520,14,186,118,0.743,11
521,14,186,111,0.743,11
522,14,186,114,0.743,12
523,14,186,117,0.743,11
524,14,186,115,0.743,14
525,14,186,114,0.743,14
526,14,186,116,0.743,18
527,14,186,124,0.743,13
528,14,186,119,0.743,9
529,14,186,123,0.743,15
530,13,186,115,0.743,10
531,13,187,117,0.743,16
532,13,187,118,0.743,15
533,13,187,121,0.743,10
534,13,187,123,0.743,23
535,13,187,122,0.743,8
536,13,187,123,0.743,12
537,13,187,119,0.743,14
538,13,187,118,0.743,19
539,13,187,123,0.743,11
540,13,187,116,0.743,15
541,13,187,118,0.743,16
542,13,187,116,0.743,11
543,12,187,117,0.743,17
544,12,188,111,0.745,11
545,12,188,121,0.745,18
546,12,187,123,0.745,15
547,12,188,126,0.747,14
548,12,188,124,0.747,10
549,12,188,118,0.747,15
550,12,187,118,0.748,21
551,12,188,122,0.749,12
552,12,188,122,0.749,16
553,12,188,128,0.749,11
554,12,187,126,0.750,11
555,12,188,123,0.751,13
556,12,188,124,0.751,20
557,12,188,125,0.751,18
558,12,188,121,0.751,13
559,12,188,126,0.751,17
560,12,188,125,0.751,9
561,12,188,118,0.751,13
562,12,188,120,0.751,20
563,12,187,120,0.752,16
564,11,188,118,0.753,16
565,11,189,124,0.754,15
566,11,189,125,0.754,14
567,11,189,129,0.754,18
568,11,189,131,0.754,14
569,11,189,127,0.754,13
570,11,189,131,0.754,11
571,11,189,129,0.754,17
572,11,188,128,0.754,19
573,11,189,128,0.755,18
574,11,189,131,0.755,17
575,11,189,130,0.755,17
576,11,189,131,0.755,7
577,11,189,131,0.755,14
578,10,189,129,0.755,19
579,10,190,130,0.757,20
580,10,190,130,0.757,19
581,10,190,129,0.757,14
582,10,190,134,0.757,13
583,10,189,133,0.758,11
584,10,190,132,0.758,18
585,10,190,132,0.758,20
586,10,190,137,0.758,20
587,10,190,139,0.758,17
588,10,190,137,0.758,12
589,10,190,128,0.758,17
590,10,190,130,0.758,20
591,10,190,134,0.758,18
592,10,190,135,0.758,18
593,10,190,132,0.758,12
594,10,190,134,0.758,16
595,10,190,131,0.758,18
596,10,190,130,0.758,19
597,10,190,129,0.758,15
598,10,190,133,0.758,15
599,10,190,132,0.758,18
600,10,190,133,0.758,18
601,10,190,129,0.758,12
602,10,190,130,0.758,16
603,10,190,129,0.758,18
604,10,190,135,0.758,22
605,10,190,132,0.758,19
606,10,189,132,0.760,18
607,10,190,132,0.760,21
608,10,190,132,0.760,12
609,10,190,136,0.760,22
610,10,190,134,0.760,12
611,10,190,133,0.760,14
612,10,190,130,0.760,22
613,10,190,133,0.760,18
614,10,189,132,0.761,21
615,10,190,135,0.762,17
616,10,190,134,0.762,14
617,10,190,134,0.762,16
618,10,190,137,0.762,19
619,10,190,134,0.762,18
620,10,190,135,0.762,23
621,10,189,135,0.763,15
622,10,190,137,0.764,24
623,10,190,134,0.764,16
624,10,190,138,0.764,17
625,10,190,136,0.764,22
626,10,190,138,0.764,18
627,10,190,132,0.764,18
628,10,190,140,0.764,17
629,10,190,137,0.764,11
630,10,190,132,0.764,19
631,10,189,140,0.764,17
632,10,190,127,0.764,20
633,10,190,130,0.764,19
634,10,190,136,0.764,17
635,10,190,135,0.764,20
636,10,190,138,0.764,19
637,10,190,139,0.764,18
638,10,190,135,0.764,16
639,10,190,135,0.764,17
640,10,189,135,0.765,23
641,10,189,138,0.766,20
642,10,188,134,0.770,23
643,10,190,142,0.771,18
644,10,190,141,0.771,17
645,10,190,138,0.771,14
646,10,190,142,0.771,24
647,10,190,138,0.771,19
648,10,190,143,0.771,24
649,10,189,139,0.772,16
650,10,190,141,0.772,15
651,10,190,142,0.772,19
652,10,190,140,0.772,16
653,10,190,140,0.772,20
654,10,190,138,0.772,19
655,10,189,137,0.773,21
656,10,189,140,0.775,22
657,10,190,139,0.775,18
658,10,190,138,0.775,11
659,10,190,144,0.775,23
660,10,190,146,0.775,21
661,10,190,144,0.775,18
662,10,190,147,0.775,25
663,10,190,146,0.775,16
664,10,189,142,0.777,14
665,10,189,146,0.778,20
666,10,190,144,0.779,23
667,10,190,142,0.779,19
668,10,190,145,0.779,24
669,10,190,146,0.779,26
670,10,190,148,0.779,17
671,10,190,148,0.779,16
672,10,190,143,0.779,20
673,10,190,145,0.779,18
674,10,190,142,0.779,22
675,10,190,144,0.779,25
676,10,190,145,0.779,18
677,10,190,145,0.779,15
678,10,190,140,0.779,12
679,10,190,143,0.779,19
680,10,190,143,0.779,26
681,10,190,147,0.779,27
682,10,190,146,0.779,14
683,10,190,142,0.779,19
684,10,190,144,0.779,24
685,10,190,144,0.779,26
686,10,189,148,0.779,24
687,10,190,146,0.780,13
688,10,190,146,0.780,18
689,10,190,147,0.780,25
690,10,190,146,0.780,24
691,10,190,151,0.780,15
692,10,190,148,0.780,17
693,10,189,143,0.780,22
694,10,190,143,0.781,23
695,10,190,148,0.781,27
696,10,190,145,0.781,19
697,10,190,146,0.781,15
698,10,190,147,0.781,26
699,10,190,146,0.781,24
700,10,190,145,0.781,18
701,10,190,149,0.781,22
702,10,190,151,0.781,21
703,10,189,150,0.783,22
704,10,190,145,0.784,22
705,10,190,147,0.784,25
706,10,190,149,0.784,23
707,10,189,148,0.785,22
708,10,190,151,0.785,18
709,10,189,145,0.787,20
710,10,190,145,0.786,23
711,10,189,140,0.788,12
712,10,190,150,0.789,28
713,10,189,145,0.791,21
714,10,189,145,0.791,18
715,10,190,147,0.792,21
716,10,190,141,0.792,25
717,10,190,145,0.792,26
718,10,190,151,0.792,18
719,10,190,149,0.792,21
720,10,190,145,0.792,21
721,10,190,145,0.792,25
722,10,190,151,0.792,22
723,10,190,146,0.792,20
724,10,190,146,0.792,17
725,10,190,147,0.792,27
726,10,189,148,0.792,23
727,10,190,151,0.792,15
728,10,190,147,0.792,20
729,10,190,148,0.792,27
730,10,190,152,0.792,22
731,10,190,149,0.792,15
732,10,190,149,0.792,27
733,10,190,139,0.792,17
734,10,190,147,0.792,27
735,10,190,146,0.792,17
736,10,190,146,0.792,23
737,10,190,149,0.792,22
738,10,190,153,0.792,27
739,10,190,149,0.792,16
740,10,190,147,0.792,19
741,10,190,142,0.792,21
742,10,189,142,0.794,36
743,10,190,151,0.795,21
744,10,190,153,0.795,18
745,10,190,152,0.795,16
746,10,190,144,0.795,21
747,10,190,149,0.795,27
748,10,190,146,0.795,25
749,10,190,146,0.795,18
750,10,190,152,0.795,25
751,10,190,149,0.795,17
752,10,189,146,0.798,25
753,10,190,149,0.799,26
754,10,190,152,0.799,27
755,10,190,144,0.799,14
756,9,189,150,0.800,24
757,9,191,149,0.800,24
758,9,191,152,0.800,34
759,9,191,159,0.800,21
760,9,191,159,0.800,24
761,9,191,156,0.800,20
762,9,191,156,0.800,33
763,9,191,153,0.800,30
764,9,191,156,0.800,21
765,9,191,157,0.800,19
766,9,190,152,0.802,19
767,9,191,154,0.802,28
768,9,191,153,0.802,28
769,9,191,154,0.802,24
770,9,191,151,0.802,26
771,9,191,160,0.802,24
772,9,191,156,0.802,22
773,9,191,158,0.802,25
774,9,191,160,0.802,25
775,9,191,154,0.802,31
776,9,191,161,0.802,19
777,9,191,155,0.802,25
778,9,191,152,0.802,19
779,9,191,153,0.802,31
780,9,191,156,0.802,25
781,9,191,156,0.802,19
782,9,191,155,0.802,16
783,9,190,152,0.804,31
784,9,191,153,0.804,28
785,9,191,152,0.804,22
786,9,191,158,0.804,20
787,9,191,153,0.804,26
788,9,191,152,0.804,28
789,9,191,162,0.804,26
790,9,191,153,0.804,20
791,9,191,153,0.804,27
792,9,191,152,0.804,24
793,9,191,159,0.804,24
794,9,191,152,0.804,20
795,9,191,155,0.804,26
796,9,191,160,0.804,31
797,9,191,160,0.804,18
798,9,191,157,0.804,23
799,9,191,154,0.804,29
800,9,191,159,0.804,32
801,9,191,163,0.804,22
802,9,191,157,0.804,18
803,9,191,158,0.804,25
804,9,191,151,0.804,28
805,9,191,156,0.804,30
806,9,191,159,0.804,24
807,9,191,156,0.804,15
808,9,190,156,0.806,28
809,9,189,154,0.808,29
810,9,191,158,0.810,28
811,9,191,152,0.810,24
812,9,191,155,0.810,29
813,9,191,155,0.810,28
814,9,190,160,0.810,31
815,9,191,159,0.811,24
816,9,191,157,0.811,24
817,9,191,159,0.811,25
818,9,191,158,0.811,24
819,9,190,162,0.814,32
820,9,191,161,0.815,30
821,9,191,159,0.815,19
822,9,191,165,0.815,28
823,9,191,159,0.815,20
824,9,191,162,0.815,33
825,9,191,158,0.815,25
826,9,190,158,0.816,27
827,9,191,165,0.815,31
828,9,191,161,0.815,22
829,9,191,159,0.815,21
830,9,191,156,0.815,20
831,9,191,156,0.815,30
832,9,191,160,0.815,36
833,9,191,163,0.815,29
834,9,191,162,0.815,19
835,9,191,158,0.815,23
836,9,191,156,0.815,23
837,9,191,157,0.815,31
838,9,191,164,0.815,30
839,9,191,160,0.815,21
840,9,191,164,0.815,29
841,9,191,162,0.815,27
842,9,191,163,0.815,26
843,9,191,158,0.815,28
844,9,191,159,0.815,29
845,9,191,156,0.815,26
846,9,191,157,0.815,23
847,9,191,162,0.815,32
848,9,191,161,0.815,20
849,9,191,161,0.815,25
850,9,191,160,0.815,27
851,9,191,161,0.815,29
852,9,191,158,0.815,22
853,9,191,162,0.815,28
854,9,191,159,0.815,32
855,9,191,163,0.815,29
856,9,191,158,0.815,27
857,9,191,162,0.815,24
858,9,191,163,0.815,36
859,9,191,163,0.815,24
860,9,191,159,0.815,25
861,9,191,160,0.815,34
862,9,191,157,0.815,28
863,9,191,162,0.815,24
864,9,191,160,0.815,27
865,9,191,160,0.815,31
866,9,191,158,0.815,26
867,9,191,161,0.815,25
868,9,191,155,0.815,32
869,9,191,158,0.815,30
870,9,191,152,0.815,21
871,9,191,162,0.815,30
872,9,190,155,0.818,27
873,9,190,161,0.818,35
874,9,191,165,0.818,32
875,9,191,162,0.818,33
876,9,191,162,0.818,25
877,9,191,162,0.818,33
878,9,191,163,0.818,36
879,9,191,162,0.818,22
880,9,191,161,0.818,38
881,9,191,160,0.818,23
882,9,191,160,0.818,29
883,9,191,164,0.818,31
884,9,191,157,0.818,29
885,9,191,164,0.818,34
886,9,191,162,0.818,26
887,9,191,157,0.818,33
888,9,191,159,0.818,27
889,9,191,160,0.818,30
890,9,191,163,0.818,29
891,9,191,159,0.818,30
892,9,191,163,0.818,32
893,9,190,164,0.820,23
894,9,191,162,0.821,29
895,9,191,160,0.821,26
896,9,191,161,0.821,40
897,9,191,157,0.821,24
898,9,191,159,0.821,32
899,9,191,168,0.821,35
900,9,191,163,0.821,22
901,9,191,157,0.821,26
902,9,191,161,0.821,41
903,9,191,163,0.821,30
904,9,191,155,0.821,15
905,9,191,158,0.821,33
906,9,191,158,0.821,40
907,9,191,164,0.821,30
908,9,191,164,0.821,19
909,9,191,158,0.821,31
910,9,191,153,0.821,34
911,9,191,164,0.821,37
912,9,191,161,0.821,20
913,9,191,161,0.821,33
914,9,191,158,0.821,31
915,9,190,160,0.824,23
916,9,190,156,0.826,38
917,9,191,160,0.826,35
918,9,191,165,0.826,29
919,9,191,162,0.826,28
920,9,191,162,0.826,34
921,9,191,160,0.826,25
922,9,191,165,0.826,25
923,9,191,165,0.826,42
924,9,191,163,0.826,31
925,9,191,166,0.826,31
926,9,191,161,0.826,32
927,9,191,163,0.826,31
928,9,191,160,0.826,27
929,9,191,158,0.826,26
930,9,191,160,0.826,42
931,9,189,163,0.831,31
932,9,191,165,0.829,14
933,9,191,161,0.829,37
934,9,191,160,0.829,27
935,9,191,152,0.829,30
936,9,191,158,0.829,35
937,9,191,160,0.829,36
938,9,191,167,0.829,32
939,9,191,164,0.829,25
940,9,191,161,0.829,27
941,9,191,157,0.829,42
942,9,191,167,0.829,35
943,9,191,165,0.829,24
944,9,191,165,0.829,46
945,9,191,161,0.829,21
946,9,191,162,0.829,39
947,9,191,162,0.829,38
948,9,191,153,0.829,22
949,9,191,161,0.829,23
950,9,191,162,0.829,37
951,9,191,159,0.829,28
952,9,191,166,0.829,35
953,9,191,167,0.829,37
954,9,191,167,0.829,31
955,9,191,162,0.829,35
956,9,191,163,0.829,28
957,9,191,158,0.829,28
958,9,191,164,0.829,36
959,9,191,161,0.829,30
960,9,191,160,0.829,29
961,9,191,158,0.829,30
962,9,191,168,0.829,39
963,9,191,165,0.829,29
964,9,191,163,0.829,36
965,9,191,165,0.829,36
966,9,191,171,0.829,35
967,9,191,161,0.829,31
968,9,191,160,0.829,29
969,9,191,160,0.829,37
970,9,191,160,0.829,27
971,9,191,161,0.829,36
972,9,191,165,0.829,39
973,9,191,165,0.829,33
974,9,191,162,0.829,35
975,9,191,162,0.829,46
976,9,191,165,0.829,26
977,9,191,161,0.829,22
978,9,191,162,0.829,41
979,9,191,163,0.829,32
980,9,191,160,0.829,34
981,9,191,163,0.829,37
982,9,191,163,0.829,24
983,9,190,163,0.831,32
984,9,191,157,0.832,39
985,9,191,161,0.832,39
986,9,191,164,0.832,32
987,9,191,161,0.832,37
988,9,190,161,0.833,36
989,9,191,164,0.834,25
990,9,191,158,0.834,40
991,9,191,161,0.834,34
992,9,190,167,0.836,34
993,9,191,161,0.836,31
994,9,191,164,0.836,30
995,9,191,167,0.836,40
996,9,191,169,0.836,38
997,9,191,161,0.836,32
998,9,191,167,0.836,37
999,9,191,162,0.836,32
1000,9,191,167,0.836,38
1001,9,191,162,0.836,41
1002,9,191,168,0.836,28
1003,9,191,164,0.836,40
1004,9,191,162,0.836,27
1005,9,191,163,0.836,28
1006,9,191,161,0.836,38
1007,9,191,163,0.836,38
1008,9,191,169,0.836,35
1009,9,191,164,0.836,32
1010,9,191,162,0.836,36
1011,9,191,164,0.836,35
1012,9,191,155,0.836,32
1013,9,191,160,0.836,31
1014,9,191,163,0.836,27
1015,9,191,165,0.836,37
1016,9,191,165,0.836,42
1017,9,191,166,0.836,34
1018,9,191,161,0.836,32
1019,9,190,165,0.837,47
1020,9,191,166,0.837,33
1021,9,191,168,0.837,28
1022,9,191,166,0.837,40
1023,9,191,169,0.837,41
1024,9,191,168,0.837,29
1025,9,191,167,0.837,37
1026,9,191,166,0.837,37
1027,9,191,161,0.837,27
1028,9,191,162,0.837,44
1029,9,191,168,0.837,38
1030,9,191,170,0.837,33
1031,9,191,167,0.837,41
1032,9,191,162,0.837,26
1033,9,191,165,0.837,39
1034,9,191,161,0.837,32
1035,9,191,161,0.837,36
1036,9,191,165,0.837,36
1037,9,191,162,0.837,37
1038,9,191,168,0.837,39
1039,9,190,166,0.839,30
1040,9,191,164,0.839,40
1041,9,191,158,0.839,37
1042,9,191,165,0.839,37
1043,9,191,162,0.839,37
1044,9,191,171,0.839,41
1045,9,191,159,0.839,30
1046,9,191,165,0.839,51
1047,9,191,156,0.839,28
1048,9,191,165,0.839,31
1049,9,191,165,0.839,27
1050,9,191,164,0.839,34
1051,9,191,153,0.839,27
1052,9,190,156,0.840,35
1053,9,191,162,0.840,36
1054,9,191,157,0.840,28
1055,9,191,157,0.840,34
1056,9,191,159,0.840,37
1057,9,191,160,0.840,30
1058,9,191,159,0.840,30
1059,9,191,161,0.840,37
1060,9,191,165,0.840,37
1061,9,191,158,0.840,37
1062,9,191,157,0.840,28
1063,9,191,152,0.840,28
1064,9,191,161,0.840,38
1065,9,191,156,0.840,33
1066,9,191,161,0.840,46
1067,9,191,157,0.840,30
1068,9,191,161,0.840,29
1069,9,191,159,0.840,28
1070,9,191,155,0.840,41
1071,9,191,160,0.840,34
1072,9,191,166,0.840,32
1073,8,191,160,0.840,35
1074,8,192,168,0.841,45
1075,8,192,168,0.841,29
1076,8,192,168,0.841,39
1077,8,192,162,0.841,33
1078,8,192,165,0.841,38
1079,8,192,162,0.841,44
1080,8,192,165,0.841,38
1081,8,192,173,0.841,37
1082,8,192,169,0.841,38
1083,8,192,165,0.841,32
1084,8,192,158,0.841,34
1085,8,191,163,0.844,36
1086,8,192,161,0.845,39
1087,8,192,169,0.845,36
1088,8,192,170,0.845,43
1089,8,192,169,0.845,37
1090,8,192,170,0.845,33
1091,8,192,166,0.845,33
1092,8,192,168,0.845,53
1093,8,192,170,0.845,35
1094,8,192,174,0.845,45
1095,8,192,167,0.845,32
1096,8,192,169,0.845,38
1097,8,191,171,0.848,34
1098,8,192,169,0.848,46
1099,8,192,170,0.848,34
1100,8,192,170,0.848,46
1101,8,192,168,0.848,43
1102,8,192,159,0.848,30
1103,8,192,168,0.848,39
1104,8,192,164,0.848,36
1105,8,192,172,0.848,31
1106,8,192,166,0.848,39
1107,8,191,169,0.850,49
1108,8,192,166,0.850,35
1109,8,192,173,0.850,43
1110,8,192,169,0.850,39
1111,8,192,174,0.850,35
1112,8,192,173,0.850,38
1113,8,192,173,0.850,38
1114,8,192,172,0.850,23
1115,8,192,174,0.850,43
1116,8,192,170,0.850,36
1117,8,192,172,0.850,34
1118,8,192,167,0.850,35
1119,8,192,172,0.850,38
1120,8,192,165,0.850,28
1121,8,192,166,0.850,33
1122,8,192,172,0.850,38
1123,8,192,171,0.850,39
1124,8,192,172,0.850,37
1125,8,192,171,0.850,32
1126,8,192,172,0.850,31
1127,8,192,170,0.850,42
1128,8,192,173,0.850,33
1129,8,192,173,0.850,31
1130,8,192,171,0.850,27
1131,8,192,165,0.850,40
1132,8,192,169,0.850,33
1133,8,192,165,0.850,37
1134,8,192,171,0.850,47
1135,8,192,174,0.850,36
1136,8,192,169,0.850,34
1137,8,192,168,0.850,40
1138,8,192,166,0.850,36
1139,8,192,172,0.850,45
1140,8,192,173,0.850,36
1141,8,192,169,0.850,36
1142,8,192,165,0.850,43
1143,8,192,170,0.850,42
1144,8,192,172,0.850,43
1145,8,192,173,0.850,28
1146,8,192,171,0.850,39
1147,8,192,171,0.850,44
1148,8,192,175,0.850,37
1149,8,192,170,0.850,40
1150,8,192,165,0.850,36
1151,8,192,169,0.850,37
1152,8,192,167,0.850,36
1153,8,192,171,0.850,44
1154,8,192,173,0.850,41
1155,8,192,170,0.850,39
1156,8,192,170,0.850,34
1157,8,192,171,0.850,35
1158,8,192,170,0.850,37
1159,8,192,171,0.850,43
1160,8,192,170,0.850,31
1161,8,192,172,0.850,50
1162,8,192,169,0.850,44
1163,8,192,168,0.850,32
1164,8,192,168,0.850,34
1165,8,192,168,0.850,38
1166,8,192,173,0.850,43
1167,8,192,172,0.850,39
1168,8,192,167,0.850,41
1169,8,192,169,0.850,49
1170,8,192,173,0.850,37
1171,8,192,168,0.850,41
1172,8,192,171,0.850,45
1173,8,192,172,0.850,29
1174,8,192,168,0.850,46
1175,8,192,167,0.850,45
1176,8,192,173,0.850,31
1177,8,192,169,0.850,38
1178,8,192,162,0.850,42
1179,8,192,166,0.850,51
1180,8,192,168,0.850,38
1181,8,192,172,0.850,41
1182,8,192,170,0.850,41
1183,8,192,166,0.850,44
1184,8,192,171,0.850,40
1185,8,192,164,0.850,36
1186,8,192,164,0.850,45
1187,8,192,164,0.850,41
1188,8,192,165,0.850,38
1189,8,192,163,0.850,36
1190,8,192,161,0.850,35
1191,8,192,166,0.850,47
1192,8,192,166,0.850,39
1193,8,192,172,0.850,45
1194,8,192,172,0.850,43
1195,8,192,167,0.850,37
1196,8,192,167,0.850,45
1197,8,192,165,0.850,37
1198,8,192,166,0.850,48
1199,8,192,164,0.850,44
1200,8,192,167,0.850,47
1201,8,192,165,0.850,42
1202,8,192,171,0.850,43
1203,8,192,167,0.850,39
1204,8,192,173,0.850,49
1205,8,192,166,0.850,39
1206,8,192,162,0.850,37
1207,8,192,169,0.850,42
1208,8,192,167,0.850,44
1209,8,192,174,0.850,37
1210,8,192,166,0.850,39
1211,8,192,163,0.850,49
1212,8,192,163,0.850,33
1213,8,192,164,0.850,48
1214,8,191,171,0.853,41
1215,8,192,169,0.854,36
1216,8,192,165,0.854,44
1217,8,192,168,0.854,44
1218,8,192,163,0.854,41
1219,8,192,168,0.854,39
1220,8,192,169,0.854,31
1221,8,192,169,0.854,51
1222,8,192,171,0.854,51
1223,8,192,170,0.854,39
1224,8,192,174,0.854,47
1225,8,192,176,0.854,37
1226,8,192,172,0.854,57
1227,8,192,175,0.854,41
1228,8,192,171,0.854,41
1229,8,192,167,0.854,39
1230,8,192,177,0.854,42
1231,8,192,168,0.854,40
1232,8,192,170,0.854,46
1233,8,192,172,0.854,39
1234,8,192,163,0.854,40
1235,8,192,164,0.854,36
1236,8,192,169,0.854,37
1237,8,192,164,0.854,45
1238,8,192,169,0.854,35
1239,8,192,170,0.854,37
1240,8,192,168,0.854,38
1241,8,192,173,0.854,52
1242,8,192,166,0.854,45
1243,8,192,173,0.854,37
1244,8,192,166,0.854,32
1245,8,192,169,0.854,41
1246,8,192,172,0.854,41
1247,8,192,171,0.854,41
1248,8,192,176,0.854,48
1249,8,192,174,0.854,31
1250,8,192,169,0.854,44
1251,8,192,170,0.854,47
1252,8,192,166,0.854,31
1253,8,192,165,0.854,42
1254,8,192,169,0.854,39
1255,8,192,166,0.854,32
1256,8,192,163,0.854,50
1257,8,192,169,0.854,46
1258,8,192,173,0.854,37
1259,8,192,169,0.854,33
1260,8,192,170,0.854,48
1261,8,192,162,0.854,39
1262,8,192,164,0.854,36
1263,8,192,164,0.854,41
1264,8,192,177,0.854,46
1265,8,192,170,0.854,37
1266,8,192,173,0.854,49
1267,8,192,165,0.854,35
1268,8,192,168,0.854,39
1269,8,192,173,0.854,45
1270,8,192,167,0.854,38
1271,8,192,167,0.854,41
1272,8,192,173,0.854,43
1273,8,192,167,0.854,27
1274,8,192,163,0.854,50
1275,8,192,166,0.854,37
1276,8,192,171,0.854,46
1277,8,192,172,0.854,49
1278,8,192,166,0.854,36
1279,8,192,172,0.854,39
1280,8,192,171,0.854,46
1281,8,192,170,0.854,44
1282,8,192,169,0.854,39
1283,8,191,175,0.855,62
1284,8,192,174,0.855,43
1285,8,192,168,0.855,38
1286,8,192,159,0.855,34
1287,8,192,170,0.855,43
1288,8,192,170,0.855,51
1289,8,192,167,0.855,45
1290,8,192,165,0.855,41
1291,8,192,170,0.855,45
1292,8,192,168,0.855,49
1293,8,192,171,0.855,38
1294,8,192,165,0.855,50
1295,8,191,170,0.859,37
1296,8,192,165,0.858,49
1297,8,192,170,0.858,40
1298,8,192,168,0.858,43
1299,8,192,170,0.858,39
1300,8,192,171,0.858,50
1301,8,192,170,0.858,38
1302,8,192,169,0.858,52
1303,8,192,166,0.858,43
1304,8,192,171,0.858,46
1305,8,192,166,0.858,44
1306,8,192,173,0.858,35
1307,8,192,166,0.858,44
1308,8,192,165,0.858,45
1309,8,192,170,0.858,54
1310,8,192,173,0.858,41
1311,8,192,171,0.858,41
1312,8,192,172,0.858,54
1313,8,192,170,0.858,32
1314,8,192,169,0.858,47
1315,8,192,169,0.858,42
1316,8,192,164,0.858,37
1317,8,192,172,0.858,48
1318,8,192,162,0.858,44
1319,8,192,168,0.858,50
1320,8,192,168,0.858,37
1321,8,192,167,0.858,52
1322,8,192,167,0.858,46
1323,8,192,166,0.858,37
1324,8,192,161,0.858,41
1325,8,192,168,0.858,49
1326,8,192,173,0.858,49
1327,8,192,175,0.858,50
1328,8,192,172,0.858,40
1329,8,192,167,0.858,47
1330,8,192,172,0.858,57
1331,8,192,171,0.858,38
1332,8,192,169,0.858,51
1333,8,192,171,0.858,55
1334,8,192,171,0.858,41
1335,8,192,174,0.858,43
1336,8,192,168,0.858,42
1337,8,192,170,0.858,55
1338,8,192,168,0.858,43
1339,8,192,166,0.858,56
1340,8,192,168,0.858,37
1341,8,192,169,0.858,42
1342,8,192,169,0.858,59
1343,8,192,167,0.858,43
1344,8,192,167,0.858,48
1345,8,192,166,0.858,46
1346,8,192,165,0.858,54
1347,8,192,166,0.858,41
1348,8,192,171,0.858,58
1349,8,192,167,0.858,43
1350,8,192,164,0.858,37
1351,8,192,160,0.858,51
1352,8,192,166,0.858,48
1353,8,192,171,0.858,52
1354,8,192,159,0.858,46
1355,8,192,169,0.858,55
1356,8,192,165,0.858,41
1357,8,192,172,0.858,56
1358,8,192,166,0.858,50
1359,8,192,171,0.858,55
1360,8,192,175,0.858,49
1361,8,192,167,0.858,36
1362,8,192,168,0.858,61
1363,8,192,173,0.858,49
1364,8,192,171,0.858,47
1365,8,192,162,0.858,45
1366,8,192,167,0.858,51
1367,8,192,172,0.858,56
1368,8,192,174,0.858,47
1369,8,192,171,0.858,54
1370,8,192,169,0.858,61
1371,8,192,168,0.858,38
1372,8,192,168,0.858,59
1373,8,192,159,0.858,47
1374,8,192,167,0.858,51
1375,8,192,165,0.858,51
1376,8,192,170,0.858,56
1377,8,192,173,0.858,46
1378,8,192,173,0.858,63
1379,8,192,168,0.858,48
1380,8,192,165,0.858,53
1381,8,192,171,0.858,49
1382,8,192,166,0.858,47
1383,8,192,166,0.858,55
1384,8,192,161,0.858,51
1385,8,192,177,0.858,64
1386,8,192,175,0.858,45
1387,8,192,158,0.858,47
1388,8,192,165,0.858,54
1389,8,192,174,0.858,54
1390,8,192,167,0.858,52
1391,8,192,168,0.858,52
1392,8,192,169,0.858,55
1393,8,192,172,0.858,49
1394,8,192,162,0.858,37
1395,8,192,162,0.858,57
1396,8,192,169,0.858,49
1397,8,192,166,0.858,46
1398,8,192,166,0.858,60
1399,8,192,165,0.858,44
1400,8,192,166,0.858,55
1401,8,192,167,0.858,41
1402,8,192,160,0.858,55
1403,8,192,167,0.858,50
1404,8,192,165,0.858,50
1405,8,192,169,0.858,61
1406,8,192,174,0.858,50
1407,8,192,164,0.858,47
1408,8,192,163,0.858,57
1409,8,192,171,0.858,45
1410,8,192,166,0.858,49
1411,8,192,166,0.858,59
1412,8,192,167,0.858,48
1413,8,192,172,0.858,50
1414,8,192,175,0.858,56
1415,8,192,168,0.858,51
1416,8,192,172,0.858,55
1417,8,192,161,0.858,47
1418,8,192,166,0.858,52
1419,8,192,171,0.858,45
1420,8,192,170,0.858,56
1421,8,192,164,0.858,51
1422,8,192,171,0.858,52
1423,8,192,160,0.858,48
1424,8,192,169,0.858,54
1425,8,192,171,0.858,44
1426,8,192,170,0.858,56
1427,8,192,164,0.858,52
1428,8,192,166,0.858,53
1429,8,192,171,0.858,42
1430,8,192,176,0.858,66
1431,8,192,169,0.858,56
1432,8,192,171,0.858,46
1433,8,192,173,0.858,62
1434,8,192,167,0.858,51
1435,8,192,172,0.858,45
1436,8,192,165,0.858,59
1437,8,192,173,0.858,60
1438,8,192,171,0.858,49
1439,8,192,170,0.858,52
1440,8,192,170,0.858,55
1441,8,192,165,0.858,48
1442,8,192,167,0.858,60
1443,8,192,168,0.858,50
1444,8,192,172,0.858,59
1445,8,192,174,0.858,57
1446,8,192,171,0.858,50
1447,8,192,168,0.858,54
1448,8,192,162,0.858,42
1449,8,192,169,0.858,58
1450,8,192,169,0.858,50
1451,8,192,163,0.858,59
1452,8,192,163,0.858,53
1453,8,192,180,0.858,53
1454,8,192,171,0.858,53
1455,8,192,172,0.858,53
1456,8,192,173,0.858,52
1457,8,192,170,0.858,54
1458,8,192,171,0.858,48
1459,8,192,169,0.858,52
1460,8,192,164,0.858,45
1461,8,192,171,0.858,49
1462,8,192,169,0.858,47
1463,8,192,169,0.858,67
1464,8,192,165,0.858,43
1465,8,192,168,0.858,60
1466,8,192,165,0.858,44
1467,8,192,163,0.858,42
1468,8,192,167,0.858,67
1469,8,192,167,0.858,50
1470,8,192,165,0.858,57
1471,8,192,166,0.858,44
1472,8,192,159,0.858,54
1473,8,192,170,0.858,48
1474,8,192,169,0.858,57
1475,8,192,170,0.858,49
1476,8,192,166,0.858,58
1477,8,192,168,0.858,40
1478,8,192,164,0.858,58
1479,8,192,168,0.858,47
1480,8,192,167,0.858,52
1481,8,192,169,0.858,62
1482,8,192,168,0.858,49
1483,8,192,164,0.858,53
1484,8,192,167,0.858,53
1485,8,192,162,0.858,51
1486,8,192,170,0.858,59
1487,8,192,168,0.858,60
1488,8,192,170,0.858,49
1489,8,192,171,0.858,52
1490,8,192,158,0.858,49
1491,8,192,168,0.858,55
1492,8,192,168,0.858,54
1493,8,192,166,0.858,57
1494,8,192,169,0.858,53
1495,8,192,168,0.858,58
1496,8,192,168,0.858,58
1497,8,192,162,0.858,51
1498,8,192,166,0.858,50
1499,8,191,165,0.860,55
1500,8,192,161,0.859,39
1501,8,192,167,0.859,53
1502,8,192,173,0.859,60
1503,8,192,174,0.859,63
1504,8,192,171,0.859,48
1505,8,192,171,0.859,54
1506,8,192,173,0.859,41
1507,8,192,167,0.859,56
1508,8,192,170,0.859,55
1509,8,192,163,0.859,44
1510,8,192,169,0.859,58
1511,8,192,174,0.859,51
1512,8,192,168,0.859,50
1513,8,192,166,0.859,46
1514,8,192,164,0.859,54
1515,8,192,165,0.859,57
1516,8,192,166,0.859,49
1517,8,192,169,0.859,56
1518,8,192,168,0.859,53
1519,8,192,170,0.859,51
1520,8,192,170,0.859,56
1521,8,192,162,0.859,43
1522,8,192,159,0.859,49
1523,8,192,170,0.859,66
1524,8,192,176,0.859,55
1525,8,191,173,0.861,50
1526,8,192,159,0.861,53
1527,8,192,172,0.861,51
1528,8,192,173,0.861,51
1529,8,192,171,0.861,63
1530,8,192,169,0.861,48
1531,8,192,168,0.861,60
1532,8,192,160,0.861,53
1533,8,192,165,0.861,49
1534,8,192,175,0.861,54
1535,8,192,167,0.861,54
1536,8,192,163,0.861,51
1537,8,192,165,0.861,60
1538,8,192,157,0.861,43
1539,8,192,164,0.861,55
1540,8,192,162,0.861,43
1541,8,192,165,0.861,56
1542,8,192,165,0.861,53
1543,8,192,171,0.861,48
1544,8,192,168,0.861,65
1545,8,192,176,0.861,50
1546,8,192,166,0.861,59
1547,8,192,174,0.861,53
1548,8,192,159,0.861,48
1549,8,192,171,0.861,50
1550,8,192,171,0.861,52
1551,8,192,165,0.861,52
1552,8,192,171,0.861,53
1553,8,192,164,0.861,51
1554,8,191,171,0.862,53
1555,8,192,165,0.862,60
1556,8,192,162,0.862,50
1557,8,192,171,0.862,53
1558,8,192,174,0.862,51
1559,8,192,168,0.862,49
1560,8,192,168,0.862,60
1561,8,192,167,0.862,50
1562,8,192,170,0.862,51
1563,8,192,169,0.862,63
1564,8,192,172,0.862,51
1565,8,192,168,0.862,52
1566,8,192,172,0.862,60
1567,8,192,172,0.862,49
1568,8,192,160,0.862,42
1569,8,192,169,0.862,55
1570,8,192,171,0.862,43
1571,8,192,175,0.862,45
1572,8,192,172,0.862,40
1573,8,192,171,0.862,52
1574,8,192,167,0.862,45
1575,8,192,172,0.862,60
1576,8,192,169,0.862,44
1577,8,192,173,0.862,49
1578,8,192,172,0.862,47
1579,8,192,165,0.862,52
1580,8,192,168,0.862,38
1581,8,192,169,0.862,44
1582,8,192,166,0.862,46
1583,8,192,168,0.862,53
1584,8,192,167,0.862,42
1585,8,192,169,0.862,56
1586,8,192,176,0.862,42
1587,8,192,171,0.862,51
1588,8,192,167,0.862,47
1589,8,192,169,0.862,42
1590,8,192,171,0.862,38
1591,8,192,167,0.862,59
1592,8,192,169,0.862,41
1593,8,192,168,0.862,46
1594,8,192,171,0.862,48
1595,8,192,163,0.862,50
1596,8,192,171,0.862,45
1597,8,192,176,0.862,56
1598,8,192,168,0.862,41
1599,8,192,167,0.862,67
1600,8,192,171,0.862,38
1601,8,192,169,0.862,46
1602,8,192,173,0.862,58
1603,8,192,177,0.862,48
1604,8,192,174,0.862,49
1605,8,192,175,0.862,49
1606,8,192,167,0.862,38
1607,8,192,169,0.862,54
1608,8,192,164,0.862,35
1609,8,192,171,0.862,59
1610,8,192,170,0.862,39
1611,8,192,169,0.862,54
1612,8,192,175,0.862,49
1613,8,192,174,0.862,50
1614,8,192,174,0.862,49
1615,8,192,171,0.862,53
1616,8,192,167,0.862,40
1617,8,192,164,0.862,38
1618,8,192,171,0.862,45
1619,8,192,167,0.862,49
1620,8,192,167,0.862,41
1621,8,192,173,0.862,52
1622,8,192,174,0.862,43
1623,8,192,173,0.862,60
1624,8,192,170,0.862,41
1625,8,192,171,0.862,53
1626,8,192,172,0.862,42
1627,8,192,172,0.862,50
1628,8,192,179,0.862,43
1629,8,192,177,0.862,62
1630,8,191,177,0.864,41
1631,8,192,168,0.864,54
1632,8,192,169,0.864,43
1633,8,192,168,0.864,46
1634,8,192,167,0.864,49
1635,8,192,175,0.864,53
1636,8,192,178,0.864,47
1637,8,192,168,0.864,43
1638,8,192,163,0.864,50
1639,8,192,166,0.864,42
1640,8,192,166,0.864,51
1641,8,192,173,0.864,50
1642,8,192,174,0.864,44
1643,8,192,171,0.864,55
1644,8,192,174,0.864,39
1645,8,192,174,0.864,61
1646,8,192,170,0.864,40
1647,8,192,167,0.864,47
1648,8,191,177,0.866,57
1649,8,192,175,0.867,36
1650,8,192,172,0.867,47
1651,8,192,175,0.867,58
1652,8,192,174,0.867,46
1653,8,192,171,0.867,45
1654,8,192,177,0.867,59
1655,8,192,178,0.867,54
1656,8,192,170,0.867,43
1657,8,192,174,0.867,51
1658,8,192,174,0.867,51
1659,8,192,177,0.867,55
1660,8,192,173,0.867,49
1661,8,192,173,0.867,53
1662,8,192,170,0.867,36
1663,8,192,171,0.867,63
1664,8,192,176,0.867,42
1665,8,192,171,0.867,49
1666,8,192,162,0.867,44
1667,8,192,180,0.867,60
1668,8,192,168,0.867,46
1669,8,192,168,0.867,50
1670,8,192,173,0.867,54
1671,8,192,172,0.867,49
1672,8,192,172,0.867,48
1673,8,192,171,0.867,55
1674,8,192,170,0.867,35
1675,8,192,173,0.867,59
1676,8,192,171,0.867,37
1677,8,192,169,0.867,56
1678,8,192,170,0.867,43
1679,8,192,171,0.867,45
1680,8,192,179,0.867,66
1681,8,192,174,0.867,52
1682,8,192,173,0.867,46
1683,8,192,173,0.867,54
1684,8,192,171,0.867,51
1685,8,192,174,0.867,60
1686,8,192,176,0.867,46
1687,8,192,176,0.867,54
1688,8,192,179,0.867,53
1689,8,192,176,0.867,45
1690,8,192,173,0.867,51
1691,8,192,170,0.867,65
1692,8,192,172,0.867,56
1693,8,192,172,0.867,58
1694,8,192,178,0.867,47
1695,8,192,168,0.867,54
1696,8,192,172,0.867,54
1697,8,192,175,0.867,40
1698,8,192,167,0.867,57
1699,8,192,171,0.867,55
1700,8,192,177,0.867,51
1701,8,192,173,0.867,54
1702,8,192,170,0.867,52
1703,8,192,173,0.867,56
1704,8,192,176,0.867,49
1705,8,192,164,0.867,51
1706,8,192,168,0.867,44
1707,8,192,162,0.867,47
1708,8,192,170,0.867,58
1709,8,192,165,0.867,41
1710,8,192,173,0.867,65
1711,8,192,164,0.867,50
1712,8,192,167,0.867,51
1713,8,192,173,0.867,56
1714,8,192,169,0.867,49
1715,8,192,174,0.867,44
1716,8,192,166,0.867,48
1717,8,192,171,0.867,47
1718,8,192,174,0.867,51
1719,8,192,167,0.867,45
1720,8,192,178,0.867,52
1721,8,192,165,0.867,42
1722,8,192,175,0.867,67
1723,8,192,176,0.867,46
1724,8,192,170,0.867,51
1725,8,192,172,0.867,56
1726,8,192,174,0.867,52
1727,8,192,173,0.867,42
1728,8,192,171,0.867,59
1729,8,192,176,0.867,56
1730,8,192,168,0.867,50
1731,8,192,171,0.867,50
1732,8,192,173,0.867,48
1733,8,192,170,0.867,41
1734,8,192,169,0.867,43
1735,8,192,175,0.867,54
1736,8,192,174,0.867,43
1737,8,192,173,0.867,54
1738,8,192,170,0.867,51
1739,8,192,169,0.867,38
1740,8,192,164,0.867,53
1741,8,192,162,0.867,44
1742,8,192,170,0.867,51
1743,8,192,166,0.867,42
1744,8,192,164,0.867,50
1745,8,192,163,0.867,41
1746,8,192,160,0.867,46
1747,8,192,162,0.867,41
1748,8,192,156,0.867,42
1749,8,192,169,0.867,41
1750,8,192,159,0.867,49
1751,8,192,165,0.867,43
1752,8,192,158,0.867,43
1753,8,192,163,0.867,42
1754,8,192,166,0.867,47
1755,8,192,167,0.867,46
1756,7,192,163,0.867,45
1757,7,193,171,0.866,51
1758,7,193,171,0.866,39
1759,7,193,171,0.866,57
1760,7,193,163,0.866,37
1761,7,193,165,0.866,51
1762,7,193,167,0.866,47
1763,7,193,169,0.866,52
1764,7,193,172,0.866,48
1765,7,193,175,0.866,67
1766,7,193,167,0.866,43
1767,7,193,171,0.866,54
1768,7,193,172,0.866,51
1769,7,193,168,0.866,44
1770,7,193,165,0.866,53
1771,7,193,176,0.866,44
1772,7,193,169,0.866,48
1773,7,193,175,0.866,56
1774,7,193,164,0.866,54
1775,7,193,175,0.866,50
1776,7,193,173,0.866,50
1777,7,193,169,0.866,47
1778,7,193,165,0.866,50
1779,7,193,166,0.866,57
1780,7,193,163,0.866,45
1781,7,193,171,0.866,53
1782,7,193,174,0.866,47
1783,7,193,168,0.866,59
1784,7,193,174,0.866,59
1785,7,193,170,0.866,43
1786,7,193,164,0.866,56
1787,7,193,171,0.866,51
1788,7,193,169,0.866,45
1789,7,193,173,0.866,56
1790,7,193,168,0.866,49
1791,7,193,171,0.866,62
1792,7,193,178,0.866,58
1793,7,193,179,0.866,62
1794,7,193,176,0.866,52
1795,7,193,178,0.866,62
1796,7,193,167,0.866,43
1797,7,193,171,0.866,58
1798,7,193,175,0.866,55
1799,7,193,161,0.866,51
1800,7,193,177,0.866,54
1801,7,193,168,0.866,51
1802,7,193,170,0.866,52
1803,7,193,165,0.866,49
1804,7,193,167,0.866,48
1805,7,193,180,0.866,69
1806,7,193,166,0.866,42
1807,7,193,175,0.866,74
1808,7,193,178,0.866,49
1809,7,193,177,0.866,57
1810,7,193,165,0.866,54
1811,7,193,173,0.866,48
1812,7,193,172,0.866,55
1813,7,193,177,0.866,58
1814,7,193,169,0.866,42
1815,7,193,170,0.866,60
1816,7,193,168,0.866,49
1817,7,193,170,0.866,65
1818,7,193,171,0.866,55
1819,7,193,169,0.866,46
1820,7,193,166,0.866,47
1821,7,193,167,0.866,54
1822,7,193,171,0.866,56
1823,7,193,168,0.866,52
1824,7,193,174,0.866,55
1825,7,193,168,0.866,59
1826,7,193,175,0.866,61
1827,7,193,172,0.866,56
1828,7,193,171,0.866,45
1829,7,193,164,0.866,52
1830,7,193,165,0.866,54
1831,7,193,170,0.866,60
1832,7,193,166,0.866,50
1833,7,193,177,0.866,57
1834,7,193,173,0.866,53
1835,7,193,168,0.866,69
1836,7,193,167,0.866,34
1837,7,193,171,0.866,64
1838,7,193,171,0.866,46
1839,7,193,174,0.866,62
1840,7,193,173,0.866,57
1841,7,193,172,0.866,60
1842,7,193,166,0.866,41
1843,7,193,166,0.866,64
1844,7,193,170,0.866,52
1845,7,193,166,0.866,70
1846,7,193,169,0.866,44
1847,7,193,167,0.866,63
1848,7,193,176,0.866,54
1849,7,193,164,0.866,50
1850,7,193,170,0.866,64
1851,7,193,171,0.866,55
1852,7,193,169,0.866,62
1853,7,193,168,0.866,71
1854,7,193,171,0.866,49
1855,7,193,166,0.866,64
1856,7,193,173,0.866,63
1857,7,193,173,0.866,57
1858,7,193,174,0.866,65
1859,7,193,179,0.866,57
1860,7,193,163,0.866,58
1861,7,193,174,0.866,67
1862,7,193,161,0.866,39
1863,7,193,166,0.866,56
1864,7,193,169,0.866,51
1865,7,193,161,0.866,63
1866,7,193,171,0.866,53
1867,7,193,166,0.866,61
1868,7,193,171,0.866,60
1869,7,193,174,0.866,55
1870,7,193,170,0.866,54
1871,7,193,165,0.866,67
1872,7,193,166,0.866,41
1873,7,193,163,0.866,47
1874,7,193,169,0.866,57
1875,7,193,177,0.866,73
1876,7,193,172,0.866,56
1877,7,193,170,0.866,50
1878,7,193,167,0.866,48
1879,7,193,165,0.866,53
1880,7,193,172,0.866,67
1881,7,193,175,0.866,58
1882,7,193,178,0.866,56
1883,7,193,172,0.866,51
1884,7,193,167,0.866,48
1885,7,193,168,0.866,48
1886,7,193,173,0.866,66
1887,7,193,171,0.866,42
1888,7,193,168,0.866,56
1889,7,193,171,0.866,54
1890,7,193,171,0.866,49
1891,7,193,169,0.866,59
1892,7,193,167,0.866,48
1893,7,193,172,0.866,51
1894,7,193,171,0.866,61
1895,7,193,173,0.866,50
1896,7,193,168,0.866,57
1897,7,193,169,0.866,54
1898,7,193,175,0.866,65
1899,7,193,169,0.866,52
1900,7,193,168,0.866,54
1901,7,193,171,0.866,57
1902,7,193,166,0.866,53
1903,7,193,162,0.866,53
1904,7,193,164,0.866,56
1905,7,193,164,0.866,51
1906,7,193,167,0.866,63
1907,7,193,170,0.866,52
1908,7,193,167,0.866,57
1909,7,193,168,0.866,58
1910,7,193,173,0.866,52
1911,7,193,165,0.866,53
1912,7,193,165,0.866,73
1913,7,193,173,0.866,60
1914,7,193,167,0.866,53
1915,7,193,169,0.866,57
1916,7,193,168,0.866,70
1917,7,193,169,0.866,46
1918,7,193,165,0.866,62
1919,7,193,174,0.866,61
1920,7,193,167,0.866,56
1921,7,193,169,0.866,64
1922,7,193,166,0.866,59
1923,7,193,170,0.866,49
1924,7,193,159,0.866,60
1925,7,193,164,0.866,54
1926,7,193,169,0.866,61
1927,7,193,173,0.866,64
1928,7,193,170,0.866,47
1929,7,193,166,0.866,71
1930,7,193,168,0.866,58
1931,7,193,169,0.866,54
1932,7,193,170,0.866,65
1933,7,193,168,0.866,54
1934,7,193,165,0.866,61
1935,7,193,170,0.866,59
1936,7,193,162,0.866,50
1937,7,193,167,0.866,63
1938,7,193,167,0.866,51
1939,7,193,167,0.866,58
1940,7,193,165,0.866,49
1941,7,193,169,0.866,60
1942,7,193,173,0.866,59
1943,7,193,169,0.866,57
1944,7,193,170,0.866,66
1945,7,193,164,0.866,48
1946,7,193,167,0.866,64
1947,7,193,171,0.866,61
1948,7,193,168,0.866,64
1949,7,193,168,0.866,53
1950,7,193,160,0.866,54
1951,7,193,173,0.866,68
1952,7,193,173,0.866,71
1953,7,193,167,0.866,46
1954,7,193,170,0.866,67
1955,7,193,167,0.866,54
1956,7,193,169,0.866,60
1957,7,193,171,0.866,68
1958,7,193,172,0.866,63
1959,7,193,172,0.866,61
1960,7,193,173,0.866,67
1961,7,193,162,0.866,57
1962,7,193,164,0.866,50
1963,7,193,161,0.866,58
1964,7,193,171,0.866,56
1965,7,193,171,0.866,55
1966,7,193,176,0.866,62
1967,7,193,166,0.866,58
1968,7,193,167,0.866,45
1969,7,193,166,0.866,69
1970,7,193,167,0.866,66
1971,7,193,169,0.866,49
1972,7,193,165,0.866,72
1973,7,193,174,0.866,57
1974,7,193,164,0.866,51
1975,7,193,171,0.866,62
1976,7,193,164,0.866,62
1977,7,193,169,0.866,53
1978,7,193,166,0.866,61
1979,7,193,171,0.866,59
1980,7,193,170,0.866,59
1981,7,193,162,0.866,63
1982,7,193,169,0.866,61
1983,7,193,167,0.866,51
1984,7,193,173,0.866,62
1985,7,193,169,0.866,72
1986,7,193,170,0.866,53
1987,7,193,170,0.866,56
1988,7,193,170,0.866,71
1989,7,193,169,0.866,51
1990,7,193,170,0.866,64
1991,7,193,172,0.866,67
1992,7,193,171,0.866,53
1993,7,193,170,0.866,72
1994,7,193,167,0.866,52
1995,7,193,170,0.866,70
1996,7,193,173,0.866,65
1997,7,193,172,0.866,55
1998,7,193,157,0.866,54
1999,7,193,168,0.866,71
2000,7,193,170,0.866,51
