tick,pop_republic,pop_empire,nukes_built,battles
1,50,50,0,50
2,50,100,0,100
3,50,150,0,150
4,50,150,0,150
5,50,150,0,150
6,50,150,0,150
7,50,150,0,150
8,50,150,0,150
9,50,150,0,150
10,50,150,0,150
11,50,150,0,150
12,50,150,0,150
13,50,150,0,150
14,50,150,0,150
15,50,150,0,150
16,50,150,0,150
17,50,150,0,150
18,50,150,0,150
19,50,150,0,150
20,50,150,0,150
21,50,150,0,150
22,50,150,0,150
23,50,150,0,150
24,50,150,0,150
25,50,150,0,150
26,50,150,0,150
27,50,150,0,150
28,50,150,0,150
29,50,150,0,150
30,50,150,0,150
31,50,150,0,150
32,50,150,0,150
33,50,150,0,150
34,50,150,0,150
35,50,150,0,150
36,50,150,0,150
37,50,150,0,150
38,50,150,0,150
39,50,150,0,150
40,50,150,0,150
41,50,150,0,150
42,50,150,0,150
43,50,150,0,150
44,50,150,0,150
45,50,150,0,150
46,50,150,0,150
47,50,150,0,150
48,50,150,0,150
49,50,150,0,150
50,50,150,0,150
51,50,150,0,150
52,50,150,0,150
53,50,150,0,150
54,50,150,0,150
55,50,150,0,150
56,50,150,0,150
57,50,150,0,150
58,50,150,0,150
59,50,150,0,150
60,50,150,0,150
61,50,150,0,150
62,50,150,0,150
63,50,150,0,150
64,50,150,0,150
65,50,150,0,150
66,50,150,0,150
67,50,150,0,150
68,50,150,0,150
69,50,150,0,150
70,50,150,0,150
71,50,150,0,150
72,50,150,0,150
73,50,150,0,150
74,50,150,0,150
75,50,150,0,150
76,50,150,0,150
77,50,150,0,150
78,50,150,0,150
79,50,150,0,150
80,50,150,0,150
81,50,150,0,150
82,50,150,0,150
83,50,150,0,150
84,50,150,0,150
85,50,150,0,150
86,50,150,0,150
87,50,150,0,150
88,50,150,0,150
89,50,150,0,150
90,50,150,0,150
91,50,150,0,150
92,50,150,0,150
93,50,150,0,150
94,50,150,0,150
95,50,150,0,150
96,50,150,0,150
97,50,150,0,150
98,50,150,0,150
99,50,150,0,150
100,50,150,0,150
101,50,150,0,150
102,50,150,0,150
103,50,150,0,150
104,50,150,0,150
105,50,150,0,150
106,50,150,0,150
107,50,150,0,150
108,50,150,0,150
109,50,150,0,150
110,50,150,0,150
111,50,150,0,150
112,50,150,0,150
113,50,150,0,150
114,50,150,0,150
115,50,150,0,150
116,50,150,0,150
117,50,150,0,150
118,50,150,0,150
119,50,150,0,150
120,50,150,0,150
121,50,150,0,150
122,50,150,0,150
123,50,150,0,150
124,50,150,0,150
125,50,150,0,150
126,50,150,0,150
127,50,150,0,150
128,50,150,0,150
129,50,150,0,150
130,50,150,0,150
131,50,150,0,150
132,50,150,0,150
133,50,150,0,150
134,50,150,0,150
135,50,150,0,150
136,50,150,0,150
137,50,150,0,150
138,50,150,0,150
139,50,150,0,150
140,50,150,0,150
141,50,150,0,150
142,50,150,0,150
143,50,150,0,150
144,50,150,0,150
145,50,150,0,150
146,50,150,0,150
147,50,150,0,150
148,50,150,0,150
149,50,150,0,150
150,50,150,0,150
151,50,150,0,150
152,50,150,0,150
153,50,150,0,150
154,50,150,0,150
155,50,150,0,150
156,50,150,0,150
157,50,150,0,150
158,50,150,0,150
159,50,150,0,150
160,50,150,0,150
161,50,150,0,150
162,50,150,0,150
163,50,150,0,150
164,49,150,0,150
165,50,150,0,150
166,50,150,0,150
167,50,150,0,150
168,50,150,0,150
169,50,150,0,150
170,50,150,0,150
171,50,150,0,150
172,50,150,0,150
173,50,150,0,150
174,50,150,0,150
175,50,150,0,150
176,49,150,0,150
177,50,150,0,150
178,50,150,0,150
179,50,150,0,150
180,50,150,0,150
181,50,150,0,150
182,50,150,0,150
183,50,150,0,150
184,50,150,0,150
185,50,150,0,150
186,50,150,0,150
187,50,150,0,150
188,50,150,0,150
189,50,150,0,150
190,50,150,0,150
191,50,150,0,150
192,50,150,0,150
193,50,150,0,150
194,50,150,0,150
195,50,150,0,150
196,50,150,0,150
197,50,150,0,150
198,50,150,0,150
199,50,150,0,150
200,50,150,0,150
201,50,150,0,150
202,50,150,0,150
203,50,150,0,150
204,50,150,0,150
205,50,150,0,150
206,50,150,0,150
207,50,150,0,150
208,50,150,0,150
209,50,150,0,150
210,50,150,0,150
211,50,150,0,150
212,50,150,0,150
213,50,150,0,150
214,50,150,0,150
215,50,150,0,150
216,50,150,0,150
217,50,150,0,150
218,50,150,0,150
219,50,150,0,150
220,50,150,0,150
221,50,150,0,150
222,50,150,0,150
223,50,150,0,150
224,50,150,0,150
225,50,150,0,150
226,50,150,0,150
227,50,150,0,150
228,50,150,0,150
229,50,150,0,150
230,50,150,0,136
231,50,150,0,14
232,50,150,0,136
233,50,150,0,14
234,50,150,0,136
235,50,150,0,16
236,50,150,0,134
237,50,150,0,16
238,50,150,0,134
239,50,150,0,16
240,50,150,0,134
241,50,150,0,17
242,50,150,0,133
243,50,150,0,17
244,50,150,0,133
245,50,150,0,17
246,50,150,0,135
247,50,150,0,15
248,50,150,0,135
249,50,150,0,15
250,50,150,0,135
251,50,150,0,15
252,50,150,0,135
253,50,150,0,15
254,50,150,0,135
255,50,150,0,14
256,50,150,0,136
257,50,150,0,14
258,50,150,0,136
259,50,150,0,14
260,50,150,0,136
261,50,150,0,14
262,50,150,0,136
263,50,150,0,12
264,50,150,0,138
265,50,150,0,8
266,50,150,0,141
267,50,150,0,4
268,50,150,0,146
269,50,150,0,4
270,50,150,0,145
271,50,150,0,3
272,50,150,0,140
273,50,150,0,9
274,50,150,0,138
275,50,150,0,12
276,50,150,0,59
277,50,150,0,91
278,50,150,0,47
279,50,150,0,103
280,50,150,0,47
281,50,150,0,103
282,50,150,0,24
283,50,150,0,125
284,50,150,0,4
285,50,150,0,139
286,50,150,0,10
287,50,150,0,115
288,50,150,0,35
289,50,150,0,55
290,50,150,0,95
291,50,150,0,39
292,50,150,0,110
293,50,150,0,38
294,50,150,0,112
295,50,150,0,21
296,50,150,0,115
297,50,150,0,16
298,50,150,0,60
299,50,150,0,90
300,50,150,0,51
301,50,150,0,98
302,50,150,0,38
303,50,150,0,107
304,50,150,0,36
305,50,150,0,104
306,50,150,0,35
307,50,150,0,37
308,50,150,0,101
309,50,150,0,42
310,50,150,0,100
311,50,150,0,49
312,50,150,0,89
313,50,150,0,44
314,50,150,0,28
315,50,150,0,120
316,50,150,0,25
317,50,150,0,114
318,50,150,0,29
319,50,150,0,87
320,50,150,0,46
321,50,150,0,81
322,50,150,0,66
323,50,150,0,26
324,50,150,0,106
325,50,150,0,28
326,50,150,0,76
327,50,150,0,65
328,50,150,0,26
329,50,150,0,119
330,50,150,0,23
331,50,150,0,106
332,50,150,0,26
333,50,150,0,28
334,50,150,0,117
335,50,150,0,21
336,50,150,0,106
337,49,150,0,29
338,50,150,0,37
339,50,150,0,116
340,50,150,0,22
341,50,150,0,102
342,50,150,0,41
343,50,150,0,88
344,50,150,0,47
345,50,150,0,25
346,50,150,0,109
347,50,150,0,37
348,50,150,0,82
349,50,150,0,36
350,50,150,0,36
351,50,150,0,109
352,50,150,0,31
353,50,150,0,38
354,50,150,0,85
355,50,150,0,34
356,50,150,0,109
357,50,150,0,32
358,50,150,0,35
359,50,150,0,86
360,50,150,0,37
361,50,150,0,87
362,50,150,0,46
363,50,150,0,42
364,50,150,0,83
365,50,150,0,27
366,50,150,0,45
367,50,150,0,103
368,50,150,0,38
369,50,150,0,70
370,50,150,0,44
371,50,150,0,39
372,50,150,0,84
373,50,150,0,27
374,50,150,0,39
375,50,150,0,85
376,50,150,0,49
377,50,150,0,78
378,50,150,0,45
379,50,150,0,41
380,50,150,0,66
381,50,150,0,44
382,50,150,0,43
383,50,150,0,84
384,50,150,0,46
385,50,150,0,28
386,50,150,0,89
387,50,150,0,35
388,50,150,0,79
389,50,150,0,40
390,50,150,0,31
391,50,150,0,80
392,50,150,0,42
393,50,150,0,35
394,50,150,0,106
395,50,150,0,25
396,50,150,0,19
397,50,150,0,106
398,50,150,0,27
399,50,150,0,26
400,50,150,0,99
401,50,150,0,29
402,50,150,0,22
403,50,150,0,102
404,50,150,0,26
405,50,150,0,22
406,50,150,0,103
407,50,150,0,25
408,50,150,0,25
409,50,150,0,113
410,50,150,0,12
411,50,150,0,25
412,50,150,0,113
413,50,150,0,12
414,50,150,0,25
415,50,150,0,113
416,50,150,0,12
417,50,150,0,25
418,50,150,0,112
419,50,150,0,13
420,50,150,0,25
421,50,150,0,112
422,50,150,0,13
423,50,150,0,25
424,50,150,0,112
425,50,150,0,10
426,50,150,0,28
427,50,150,0,110
428,50,150,0,12
429,50,150,0,23
430,50,150,0,115
431,50,150,0,12
432,50,150,0,22
433,50,150,0,103
434,50,150,0,15
435,50,150,0,30
436,50,150,0,105
437,50,150,0,15
438,50,150,0,14
439,50,150,0,21
440,50,150,0,115
441,50,150,0,12
442,50,150,0,23
443,50,150,0,99
444,50,150,0,23
445,50,150,0,24
446,50,150,0,101
447,50,150,0,14
448,50,150,0,16
449,50,150,0,50
450,50,150,0,78
451,50,150,0,17
452,50,150,0,24
453,50,150,0,103
454,50,150,0,13
455,50,150,0,26
456,50,150,0,39
457,50,150,0,79
458,50,150,0,15
459,50,150,0,30
460,50,150,0,101
461,50,150,0,5
462,50,150,0,33
463,50,150,0,36
464,50,150,0,78
465,50,150,0,6
466,50,150,0,46
467,50,150,0,90
468,50,150,0,9
469,50,150,0,7
470,50,150,0,44
471,50,150,0,73
472,50,150,0,25
473,50,150,0,9
474,50,150,0,43
475,50,150,0,72
476,50,150,0,26
477,50,150,0,9
478,50,150,0,44
479,50,150,0,71
480,49,150,0,25
481,50,150,0,11
482,50,150,0,45
483,50,150,0,70
484,49,150,0,29
485,50,150,0,9
486,50,150,0,49
487,50,150,0,66
488,50,150,0,25
489,50,150,0,12
490,50,150,0,48
491,50,150,0,67
492,50,150,0,23
493,50,150,0,19
494,50,150,0,41
495,50,150,0,67
496,50,150,0,22
497,50,150,0,18
498,50,150,0,45
499,50,150,0,65
500,50,150,0,22
501,50,150,0,16
502,50,150,0,41
503,50,150,0,70
504,50,150,0,23
505,50,150,0,16
506,50,150,0,41
507,50,150,0,70
508,50,150,0,22
509,50,150,0,16
510,50,150,0,40
511,50,150,0,67
512,50,150,0,5
513,50,150,0,32
514,50,150,0,27
515,50,150,0,20
516,50,150,0,71
517,50,150,0,29
518,50,150,0,29
519,50,150,0,17
520,50,150,0,67
521,50,150,0,17
522,50,150,0,35
523,50,150,0,18
524,50,150,0,12
525,50,150,0,75
526,50,150,0,15
527,50,150,0,45
528,50,150,0,10
529,50,150,0,68
530,50,150,0,17
531,50,150,0,15
532,50,150,0,40
533,50,150,0,10
534,50,150,0,72
535,50,150,0,6
536,50,150,0,27
537,50,150,0,35
538,50,150,0,18
539,50,150,0,67
540,50,150,0,6
541,50,150,0,22
542,50,150,0,37
543,50,150,0,18
544,50,150,0,66
545,50,150,0,7
546,50,150,0,18
547,50,150,0,42
548,50,150,0,17
549,50,150,0,66
550,50,150,0,4
551,50,150,0,15
552,50,150,0,45
553,50,150,0,19
554,50,150,0,62
555,50,150,0,8
556,50,150,0,12
557,50,150,0,20
558,50,150,0,37
559,50,150,0,25
560,50,150,0,50
561,50,150,0,17
562,50,150,0,13
563,50,150,0,9
564,50,150,0,49
565,50,150,0,12
566,50,150,0,68
567,50,150,0,0
568,50,150,0,13
569,50,150,0,8
570,50,150,0,58
571,50,150,0,62
572,50,150,0,9
573,50,150,0,1
574,50,150,0,17
575,50,150,0,13
576,50,150,0,49
577,50,150,0,13
578,50,150,0,58
579,50,150,0,7
580,50,150,0,10
581,50,150,0,13
582,50,150,0,40
583,50,150,0,21
584,50,150,0,58
585,50,150,0,1
586,50,150,0,14
587,50,150,0,16
588,50,150,0,39
589,50,150,0,11
590,50,150,0,14
591,50,150,0,55
592,50,150,0,13
593,50,150,0,14
594,50,150,0,3
595,50,150,0,50
596,50,150,0,6
597,50,150,0,54
598,50,150,0,16
599,50,150,0,10
600,50,150,0,11
601,50,150,0,3
602,50,150,0,51
603,50,150,0,5
604,50,150,0,49
605,50,150,0,5
606,50,150,0,24
607,50,150,0,11
608,50,150,0,23
609,50,150,0,31
610,50,150,0,8
611,50,150,0,48
612,50,150,0,2
613,50,150,0,16
614,50,150,0,20
615,50,150,0,22
616,50,150,0,12
617,50,150,0,27
618,50,150,0,2
619,50,150,0,51
620,50,150,0,9
621,50,150,0,4
622,50,150,0,22
623,50,150,0,23
624,50,150,0,15
625,50,150,0,24
626,50,150,0,0
627,50,150,0,54
628,50,150,0,7
629,50,150,0,5
630,50,150,0,17
631,50,150,0,21
632,50,150,0,9
633,50,150,0,11
634,50,150,0,25
635,50,150,0,5
636,50,150,0,0
637,50,150,0,58
638,50,150,0,5
639,50,150,0,15
640,50,150,0,13
641,50,150,0,11
642,50,150,0,11
643,50,150,0,13
644,50,150,0,23
645,50,150,0,1
646,50,150,0,7
647,50,150,0,52
648,50,150,0,6
649,50,150,0,13
650,50,150,0,19
651,50,150,0,0
652,50,150,0,0
653,50,150,0,8
654,50,150,0,26
655,50,150,0,17
656,50,150,0,5
657,50,150,0,60
658,50,150,0,0
659,50,150,0,0
660,50,150,0,4
661,50,150,0,22
662,50,150,0,2
663,50,150,0,0
664,50,150,0,3
665,50,150,0,4
666,50,150,0,22
667,50,150,0,17
668,50,150,0,2
669,50,150,0,19
670,50,150,0,52
671,50,150,0,0
672,50,150,0,0
673,50,150,0,0
674,50,150,0,0
675,50,150,0,0
676,50,150,0,8
677,50,150,0,22
678,50,150,0,0
679,50,150,0,0
680,50,150,0,0
681,50,150,0,10
682,50,150,0,7
683,50,150,0,0
684,50,150,0,0
685,50,150,0,0
686,50,150,0,7
687,50,150,0,0
688,50,150,0,0
689,50,150,0,0
690,50,150,0,0
691,50,150,0,0
692,50,150,0,0
693,50,150,0,3
694,50,150,0,0
695,50,150,0,0
696,50,150,0,0
697,50,150,0,3
698,50,150,0,0
699,50,150,0,0
700,50,150,0,0
701,50,150,0,14
702,50,150,0,0
703,50,150,0,0
704,50,150,0,0
705,50,150,0,0
706,50,150,0,0
707,50,150,0,0
708,50,150,0,0
709,50,150,0,0
710,50,150,0,0
711,50,150,0,0
712,50,150,0,0
713,50,150,0,0
714,50,150,0,0
715,50,150,0,0
716,50,150,0,0
717,50,150,0,0
718,50,150,0,0
719,50,150,0,0
720,50,150,0,0
721,50,150,0,0
722,50,150,0,0
723,50,150,0,0
724,50,150,0,0
725,50,150,0,0
726,50,150,0,0
727,50,150,0,0
728,50,150,0,0
729,50,150,0,0
730,50,150,0,0
731,50,150,0,0
732,50,150,0,0
733,50,150,0,0
734,50,150,0,0
735,50,150,0,0
736,50,150,0,0
737,50,150,0,0
738,50,150,0,0
739,50,150,0,0
740,50,150,0,0
741,50,150,0,0
742,50,150,0,0
743,50,150,0,0
744,50,150,0,0
745,50,150,0,0
746,50,150,0,0
747,50,150,0,0
748,50,150,0,0
749,50,150,0,0
750,50,150,0,0
751,50,150,0,0
752,50,150,0,0
753,50,150,0,0
754,50,150,0,0
755,50,150,0,0
756,50,150,0,0
757,50,150,0,0
758,50,150,0,0
759,50,150,0,0
760,50,150,0,0
761,50,150,0,0
762,50,150,0,0
763,50,150,0,0
764,50,150,0,0
765,50,150,0,0
766,50,150,0,0
767,50,150,0,0
768,50,150,0,0
769,50,150,0,0
770,50,150,0,0
771,50,150,0,0
772,50,150,0,0
773,50,150,0,0
774,50,150,0,0
775,50,150,0,0
776,50,150,0,0
777,50,150,0,0
778,50,150,0,0
779,50,150,0,0
780,50,150,0,0
781,50,150,0,0
782,50,150,0,0
783,50,150,0,0
784,50,150,0,0
785,50,150,0,0
786,50,150,0,0
787,50,150,0,0
788,50,150,0,0
789,50,150,0,0
790,50,150,0,0
791,50,150,0,0
792,50,150,0,0
793,50,150,0,0
794,50,150,0,0
795,50,150,0,0
796,50,150,0,0
797,50,150,0,0
798,50,150,0,0
799,50,150,0,0
800,50,150,0,0
801,50,150,0,0
802,50,150,0,0
803,50,150,0,0
804,50,150,0,0
805,50,150,0,0
806,50,150,0,0
807,50,150,0,0
808,50,150,0,0
809,50,150,0,0
810,50,150,0,0
811,50,150,0,0
812,50,150,0,0
813,50,150,0,0
814,50,150,0,0
815,50,150,0,0
816,50,150,0,0
817,50,150,0,0
818,50,150,0,0
819,50,150,0,0
820,50,150,0,0
821,50,150,0,0
822,50,150,0,0
823,50,150,0,0
824,50,150,0,0
825,50,150,0,0
826,50,150,0,0
827,50,150,0,0
828,50,150,0,0
829,50,150,0,0
830,50,150,0,0
831,50,150,0,0
832,50,150,0,0
833,50,150,0,0
834,50,150,0,0
835,50,150,0,0
836,50,150,0,0
837,50,150,0,0
838,50,150,0,0
839,50,150,0,0
840,50,150,0,0
841,50,150,0,0
842,50,150,0,0
843,50,150,0,0
844,50,150,0,0
845,50,150,0,0
846,50,150,0,0
847,50,150,0,0
848,50,150,0,0
849,50,150,0,0
850,50,150,0,0
851,50,150,0,0
852,50,150,0,0
853,50,150,0,0
854,50,150,0,0
855,50,150,0,0
856,50,150,0,0
857,50,150,0,0
858,50,150,0,0
859,50,150,0,0
860,50,150,0,0
861,50,150,0,0
862,50,150,0,0
863,50,150,0,0
864,50,150,0,0
865,50,150,0,0
866,50,150,0,0
867,50,150,0,0
868,50,150,0,0
869,50,150,0,0
870,50,150,0,0
871,50,150,0,0
872,50,150,0,0
873,50,150,0,0
874,50,150,0,0
875,50,150,0,0
876,50,150,0,0
877,50,150,0,0
878,50,150,0,0
879,50,150,0,0
880,50,150,0,0
881,50,150,0,0
882,50,150,0,0
883,50,150,0,0
884,50,150,0,0
885,50,150,0,0
886,50,150,0,0
887,50,150,0,0
888,50,150,0,0
889,50,150,0,0
890,50,150,0,0
891,50,150,0,0
892,50,150,0,0
893,50,150,0,0
894,50,150,0,0
895,50,150,0,0
896,50,150,0,0
897,50,150,0,0
898,50,150,0,0
899,50,150,0,0
900,50,150,0,0
901,50,150,0,0
902,50,150,0,0
903,50,150,0,0
904,50,150,0,0
905,50,150,0,0
906,50,150,0,0
907,50,150,0,0
908,50,150,0,0
909,50,150,0,0
910,50,150,0,0
911,50,150,0,0
912,50,150,0,0
913,50,150,0,0
914,50,150,0,0
915,50,150,0,0
916,50,150,0,0
917,50,150,0,0
918,50,150,0,0
919,50,150,0,0
920,50,150,0,0
921,50,150,0,0
922,50,150,0,0
923,50,150,0,0
924,50,150,0,0
925,50,150,0,0
926,50,150,0,0
927,50,150,0,0
928,50,150,0,0
929,50,150,0,0
930,50,150,0,0
931,50,150,0,0
932,50,150,0,0
933,50,150,0,0
934,50,150,0,0
935,50,150,0,0
936,50,150,0,0
937,50,150,0,0
938,50,150,0,0
939,50,150,0,0
940,50,150,0,0
941,50,150,0,0
942,50,150,0,0
943,50,150,0,0
944,50,150,0,0
945,50,150,0,0
946,50,150,0,0
947,50,150,0,0
948,50,150,0,0
949,50,150,0,0
950,50,150,0,0
951,50,150,0,0
952,50,150,0,0
953,50,150,0,0
954,50,150,0,0
955,50,150,0,0
956,50,150,0,0
957,50,150,0,0
958,50,150,0,0
959,50,150,0,0
960,50,150,0,0
961,50,150,0,0
962,50,150,0,0
963,50,150,0,0
964,50,150,0,0
965,50,150,0,0
966,50,150,0,0
967,50,150,0,0
968,50,150,0,0
969,50,150,0,0
970,50,150,0,0
971,50,150,0,0
972,50,150,0,0
973,50,150,0,0
974,50,150,0,0
975,50,150,0,0
976,50,150,0,0
977,50,150,0,0
978,50,150,0,0
979,50,150,0,0
980,50,150,0,0
981,50,150,0,0
982,50,150,0,0
983,50,150,0,0
984,50,150,0,0
985,50,150,0,0
986,50,150,0,0
987,50,150,0,0
988,50,150,0,0
989,50,150,0,0
990,50,150,0,0
991,50,150,0,0
992,50,150,0,0
993,50,150,0,0
994,50,150,0,0
995,50,150,0,0
996,50,150,0,0
997,50,150,0,0
998,50,150,0,0
999,50,150,0,0
1000,50,150,0,0
1001,50,150,0,0
1002,50,150,0,0
1003,50,150,0,0
1004,50,150,0,0
1005,50,150,0,0
1006,50,150,0,0
1007,50,150,0,0
1008,50,150,0,0
1009,50,150,0,0
1010,50,150,0,0
1011,50,150,0,0
1012,50,150,0,0
1013,50,150,0,0
1014,50,150,0,0
1015,50,150,0,0
1016,50,150,0,0
1017,50,150,0,0
1018,50,150,0,0
1019,50,150,0,0
1020,50,150,0,0
1021,50,150,0,0
1022,50,150,0,0
1023,50,150,0,0
1024,50,150,0,0
1025,50,150,0,0
1026,50,150,0,0
1027,50,150,0,0
1028,50,150,0,0
1029,50,150,0,0
1030,50,150,0,0
1031,50,150,0,0
1032,50,150,0,0
1033,50,150,0,0
1034,50,150,0,0
1035,50,150,0,0
1036,50,150,0,0
1037,50,150,0,0
1038,50,150,0,0
1039,50,150,0,0
1040,50,150,0,0
1041,50,150,0,0
1042,50,150,0,0
1043,50,150,0,0
1044,50,150,0,0
1045,50,150,0,0
1046,50,150,0,0
1047,50,150,0,0
1048,50,150,0,0
1049,50,150,0,0
1050,50,150,0,0
1051,50,150,0,0
1052,50,150,0,0
1053,50,150,0,0
1054,50,150,0,0
1055,50,150,0,0
1056,50,150,0,0
1057,50,150,0,0
1058,50,150,0,0
1059,50,150,0,0
1060,50,150,0,0
1061,50,150,0,0
1062,50,150,0,0
1063,50,150,0,0
1064,50,150,0,0
1065,50,150,0,0
1066,50,150,0,0
1067,50,150,0,0
1068,50,150,0,0
1069,50,150,0,0
1070,50,150,0,0
1071,50,150,0,0
1072,50,150,0,0
1073,50,150,0,0
1074,50,150,0,0
1075,50,150,0,0
1076,50,150,0,0
1077,50,150,0,0
1078,50,150,0,0
1079,50,150,0,0
1080,50,150,0,0
1081,50,150,0,0
1082,50,150,0,0
1083,50,150,0,0
1084,50,150,0,0
1085,50,150,0,0
1086,50,150,0,0
1087,50,150,0,0
1088,50,150,0,0
1089,50,150,0,0
1090,50,150,0,0
1091,50,150,0,0
1092,50,150,0,0
1093,50,150,0,0
1094,50,150,0,0
1095,50,150,0,0
1096,50,150,0,0
1097,50,150,0,0
1098,50,150,0,0
1099,50,150,0,0
1100,50,150,0,0
1101,50,150,0,0
1102,50,150,0,0
1103,50,150,0,0
1104,50,150,0,0
1105,50,150,0,0
1106,50,150,0,0
1107,50,150,0,0
1108,50,150,0,0
1109,50,150,0,0
1110,50,150,0,0
1111,50,150,0,0
1112,50,150,0,0
1113,50,150,0,0
1114,50,150,0,0
1115,50,150,0,0
1116,50,150,0,0
1117,50,150,0,0
1118,50,150,0,0
1119,50,150,0,0
1120,50,150,0,0
1121,50,150,0,0
1122,50,150,0,0
1123,50,150,0,0
1124,50,150,0,0
1125,50,150,0,0
1126,50,150,0,0
1127,50,150,0,0
1128,50,150,0,0
1129,50,150,0,0
1130,50,150,0,0
1131,50,150,0,0
1132,50,150,0,0
1133,50,150,0,0
1134,50,150,0,0
1135,50,150,0,0
1136,50,150,0,0
1137,50,150,0,0
1138,50,150,0,0
1139,50,150,0,0
1140,50,150,0,0
1141,50,150,0,0
1142,50,150,0,0
1143,50,150,0,0
1144,50,150,0,0
1145,50,150,0,0
1146,50,150,0,0
1147,50,150,0,0
1148,50,150,0,0
1149,50,150,0,0
1150,50,150,0,0
1151,50,150,0,0
1152,50,150,0,0
1153,50,150,0,0
1154,50,150,0,0
1155,50,150,0,0
1156,50,150,0,0
1157,50,150,0,0
1158,50,150,0,0
1159,50,150,0,0
1160,50,150,0,0
1161,50,150,0,0
1162,50,150,0,0
1163,50,150,0,0
1164,50,150,0,0
1165,50,150,0,0
1166,50,150,0,0
1167,50,150,0,0
1168,50,150,0,0
1169,50,150,0,0
1170,50,150,0,0
1171,50,150,0,0
1172,50,150,0,0
1173,50,150,0,0
1174,50,150,0,0
1175,50,150,0,0
1176,50,150,0,0
1177,50,150,0,0
1178,50,150,0,0
1179,50,150,0,0
1180,50,150,0,0
1181,50,150,0,0
1182,50,150,0,0
1183,50,150,0,0
1184,50,150,0,0
1185,50,150,0,0
1186,50,150,0,0
1187,50,150,0,0
1188,50,150,0,0
1189,50,150,0,0
1190,50,150,0,0
1191,50,150,0,0
1192,50,150,0,0
1193,50,150,0,0
1194,50,150,0,0
1195,50,150,0,0
1196,50,150,0,0
1197,50,150,0,0
1198,50,150,0,0
1199,50,150,0,0
1200,50,150,0,0
1201,50,150,0,0
1202,50,150,0,0
1203,50,150,0,0
1204,50,150,0,0
1205,50,150,0,0
1206,50,150,0,0
1207,50,150,0,0
1208,50,150,0,0
1209,50,150,0,0
1210,50,150,0,0
1211,50,150,0,0
1212,50,150,0,0
1213,50,150,0,0
1214,50,150,0,0
1215,50,150,0,0
1216,50,150,0,0
1217,50,150,0,0
1218,50,150,0,0
1219,50,150,0,0
1220,50,150,0,0
1221,50,150,0,0
1222,50,150,0,0
1223,50,150,0,0
1224,50,150,0,0
1225,50,150,0,0
1226,50,150,0,0
1227,50,150,0,0
1228,50,150,0,0
1229,50,150,0,0
1230,50,150,0,0
1231,50,150,0,0
1232,50,150,0,0
1233,50,150,0,0
1234,50,150,0,0
1235,50,150,0,0
1236,50,150,0,0
1237,50,150,0,0
1238,50,150,0,0
1239,50,150,0,0
1240,50,150,0,0
1241,50,150,0,0
1242,50,150,0,0
1243,50,150,0,0
1244,50,150,0,0
1245,50,150,0,0
1246,50,150,0,0
1247,50,150,0,0
1248,50,150,0,0
1249,50,150,0,0
1250,50,150,0,0
1251,50,150,0,0
1252,50,150,0,0
1253,50,150,0,0
1254,50,150,0,0
1255,50,150,0,0
1256,50,150,0,0
1257,50,150,0,0
1258,50,150,0,0
1259,50,150,0,0
1260,50,150,0,0
1261,50,150,0,0
1262,50,150,0,0
1263,50,150,0,0
1264,50,150,0,0
1265,50,150,0,0
1266,50,150,0,0
1267,50,150,0,0
1268,50,150,0,0
1269,50,150,0,0
1270,50,150,0,0
1271,50,150,0,0
1272,50,150,0,0
1273,50,150,0,0
1274,50,150,0,0
1275,50,150,0,0
1276,50,150,0,0
1277,50,150,0,0
1278,50,150,0,0
1279,50,150,0,0
1280,50,150,0,0
1281,50,150,0,0
1282,50,150,0,0
1283,50,150,0,0
1284,50,150,0,0
1285,50,150,0,0
1286,50,150,0,0
1287,50,150,0,0
1288,50,150,0,0
1289,50,150,0,0
1290,50,150,0,0
1291,50,150,0,0
1292,50,150,0,0
1293,50,150,0,0
1294,50,150,0,0
1295,50,150,0,0
1296,50,150,0,0
1297,50,150,0,0
1298,50,150,0,0
1299,50,150,0,0
1300,50,150,0,0
1301,50,150,0,0
1302,50,150,0,0
1303,50,150,0,0
1304,50,150,0,0
1305,50,150,0,0
1306,50,150,0,0
1307,50,150,0,0
1308,50,150,0,0
1309,50,150,0,0
1310,50,150,0,0
1311,50,150,0,0
1312,50,150,0,0
1313,50,150,0,0
1314,50,150,0,0
1315,50,150,0,0
1316,50,150,0,0
1317,50,150,0,0
1318,50,150,0,0
1319,50,150,0,0
1320,50,150,0,0
1321,50,150,0,0
1322,50,150,0,0
1323,50,150,0,0
1324,50,150,0,0
1325,50,150,0,0
1326,50,150,0,0
1327,50,150,0,0
1328,50,150,0,0
1329,50,150,0,0
1330,50,150,0,0
1331,50,150,0,0
1332,50,150,0,0
1333,50,150,0,0
1334,50,150,0,0
1335,50,150,0,0
1336,50,150,0,0
1337,50,150,0,0
1338,50,150,0,0
1339,50,150,0,0
1340,50,150,0,0
1341,50,150,0,0
1342,50,150,0,0
1343,50,150,0,0
1344,50,150,0,0
1345,50,150,0,0
1346,50,150,0,0
1347,50,150,0,0
1348,50,150,0,0
1349,50,150,0,0
1350,50,150,0,0
1351,50,150,0,0
1352,50,150,0,0
1353,50,150,0,0
1354,50,150,0,0
1355,50,150,0,0
1356,50,150,0,0
1357,50,150,0,0
1358,50,150,0,0
1359,50,150,0,0
1360,50,150,0,0
1361,50,150,0,0
1362,50,150,0,0
1363,50,150,0,0
1364,50,150,0,0
1365,50,150,0,0
1366,50,150,0,0
1367,50,150,0,0
1368,50,150,0,0
1369,50,150,0,0
1370,50,150,0,0
1371,50,150,0,0
1372,50,150,0,0
1373,50,150,0,0
1374,50,150,0,0
1375,50,150,0,0
1376,50,150,0,0
1377,50,150,0,0
1378,50,150,0,0
1379,50,150,0,0
1380,50,150,0,0
1381,50,150,0,0
1382,50,150,0,0
1383,50,150,0,0
1384,50,150,0,0
1385,50,150,0,0
1386,50,150,0,0
1387,50,150,0,0
1388,50,150,0,0
1389,50,150,0,0
1390,50,150,0,0
1391,50,150,0,0
1392,50,150,0,0
1393,50,150,0,0
1394,50,150,0,0
1395,50,150,0,0
1396,50,150,0,0
1397,50,150,0,0
1398,50,150,0,0
1399,50,150,0,0
1400,50,150,0,0
1401,50,150,0,0
1402,50,150,0,0
1403,50,150,0,0
1404,50,150,0,0
1405,50,150,0,0
1406,50,150,0,0
1407,50,150,0,0
1408,50,150,0,0
1409,50,150,0,0
1410,50,150,0,0
1411,50,150,0,0
1412,50,150,0,0
1413,50,150,0,0
1414,50,150,0,0
1415,50,150,0,0
1416,50,150,0,0
1417,50,150,0,0
1418,50,150,0,0
1419,50,150,0,0
1420,50,150,0,0
1421,50,150,0,0
1422,50,150,0,0
1423,50,150,0,0
1424,50,150,0,0
1425,50,150,0,0
1426,50,150,0,0
1427,50,150,0,0
1428,50,150,0,0
1429,50,150,0,0
1430,50,150,0,0
1431,50,150,0,0
1432,50,150,0,0
1433,50,150,0,0
1434,50,150,0,0
1435,50,150,0,0
1436,50,150,0,0
1437,50,150,0,0
1438,50,150,0,0
1439,50,150,0,0
1440,50,150,0,0
1441,50,150,0,0
1442,50,150,0,0
1443,50,150,0,0
1444,50,150,0,0
1445,50,150,0,0
1446,50,150,0,0
1447,50,150,0,0
1448,50,150,0,0
1449,50,150,0,0
1450,50,150,0,0
1451,50,150,0,0
1452,50,150,0,0
1453,50,150,0,0
1454,50,150,0,0
1455,50,150,0,0
1456,50,150,0,0
1457,50,150,0,0
1458,50,150,0,0
1459,50,150,0,0
1460,50,150,0,0
1461,50,150,0,0
1462,50,150,0,0
1463,50,150,0,0
1464,50,150,0,0
1465,50,150,0,0
1466,50,150,0,0
1467,50,150,0,0
1468,50,150,0,0
1469,50,150,0,0
1470,50,150,0,0
1471,50,150,0,0
1472,50,150,0,0
1473,50,150,0,0
1474,50,150,0,0
1475,50,150,0,0
1476,50,150,0,0
1477,50,150,0,0
1478,50,150,0,0
1479,50,150,0,0
1480,50,150,0,0
1481,50,150,0,0
1482,50,150,0,0
1483,50,150,0,0
1484,50,150,0,0
1485,50,150,0,0
1486,50,150,0,0
1487,50,150,0,0
1488,50,150,0,0
1489,50,150,0,0
1490,50,150,0,0
1491,50,150,0,0
1492,50,150,0,0
1493,50,150,0,0
1494,50,150,0,0
1495,50,150,0,0
1496,50,150,0,0
1497,50,150,0,0
1498,50,150,0,0
1499,50,150,0,0
1500,50,150,0,0
1501,50,150,0,0
1502,50,150,0,0
1503,50,150,0,0
1504,50,150,0,0
1505,50,150,0,0
1506,50,150,0,0
1507,50,150,0,0
1508,50,150,0,0
1509,50,150,0,0
1510,50,150,0,0
1511,50,150,0,0
1512,50,150,0,0
1513,50,150,0,0
1514,50,150,0,0
1515,50,150,0,0
1516,50,150,0,0
1517,50,150,0,0
1518,50,150,0,0
1519,50,150,0,0
1520,50,150,0,0
1521,50,150,0,0
1522,50,150,0,0
1523,50,150,0,0
1524,50,150,0,0
1525,50,150,0,0
1526,50,150,0,0
1527,50,150,0,0
1528,50,150,0,0
1529,50,150,0,0
1530,50,150,0,0
1531,50,150,0,0
1532,50,150,0,0
1533,50,150,0,0
1534,50,150,0,0
1535,50,150,0,0
1536,50,150,0,0
1537,50,150,0,0
1538,50,150,0,0
1539,50,150,0,0
1540,50,150,0,0
1541,50,150,0,0
1542,50,150,0,0
1543,50,150,0,0
1544,50,150,0,0
1545,50,150,0,0
1546,50,150,0,0
1547,50,150,0,0
1548,50,150,0,0
1549,50,150,0,0
1550,50,150,0,0
1551,50,150,0,0
1552,50,150,0,0
1553,50,150,0,0
1554,50,150,0,0
1555,50,150,0,0
1556,50,150,0,0
1557,50,150,0,0
1558,50,150,0,0
1559,50,150,0,0
1560,50,150,0,0
1561,50,150,0,0
1562,50,150,0,0
1563,50,150,0,0
1564,50,150,0,0
1565,50,150,0,0
1566,50,150,0,0
1567,50,150,0,0
1568,50,150,0,0
1569,50,150,0,0
1570,50,150,0,0
1571,50,150,0,0
1572,50,150,0,0
1573,50,150,0,0
1574,50,150,0,0
1575,50,150,0,0
1576,50,150,0,0
1577,50,150,0,0
1578,50,150,0,0
1579,50,150,0,0
1580,50,150,0,0
1581,50,150,0,0
1582,50,150,0,0
1583,50,150,0,0
1584,50,150,0,0
1585,50,150,0,0
1586,50,150,0,0
1587,50,150,0,0
1588,50,150,0,0
1589,50,150,0,0
1590,50,150,0,0
1591,50,150,0,0
1592,50,150,0,0
1593,50,150,0,0
1594,50,150,0,0
1595,50,150,0,0
1596,50,150,0,0
1597,50,150,0,0
1598,50,150,0,0
1599,50,150,0,0
1600,50,150,0,0
1601,50,150,0,0
1602,50,150,0,0
1603,50,150,0,0
1604,50,150,0,0
1605,50,150,0,0
1606,50,150,0,0
1607,50,150,0,0
1608,50,150,0,0
1609,50,150,0,0
1610,50,150,0,0
1611,50,150,0,0
1612,50,150,0,0
1613,50,150,0,0
1614,50,150,0,0
1615,50,150,0,0
1616,50,150,0,0
1617,50,150,0,0
1618,50,150,0,0
1619,50,150,0,0
1620,50,150,0,0
1621,50,150,0,0
1622,50,150,0,0
1623,50,150,0,0
1624,50,150,0,0
1625,50,150,0,0
1626,50,150,0,0
1627,50,150,0,0
1628,50,150,0,0
1629,50,150,0,0
1630,50,150,0,0
1631,50,150,0,0
1632,50,150,0,0
1633,50,150,0,0
1634,50,150,0,0
1635,50,150,0,0
1636,50,150,0,0
1637,50,150,0,0
1638,50,150,0,0
1639,50,150,0,0
1640,50,150,0,0
1641,50,150,0,0
1642,50,150,0,0
1643,50,150,0,0
1644,50,150,0,0
1645,50,150,0,0
1646,50,150,0,0
1647,50,150,0,0
1648,50,150,0,0
1649,50,150,0,0
1650,50,150,0,0
1651,50,150,0,0
1652,50,150,0,0
1653,50,150,0,0
1654,50,150,0,0
1655,50,150,0,0
1656,50,150,0,0
1657,50,150,0,0
1658,50,150,0,0
1659,50,150,0,0
1660,50,150,0,0
1661,50,150,0,0
1662,50,150,0,0
1663,50,150,0,0
1664,50,150,0,0
1665,50,150,0,0
1666,50,150,0,0
1667,50,150,0,0
1668,50,150,0,0
1669,50,150,0,0
1670,50,150,0,0
1671,50,150,0,0
1672,50,150,0,0
1673,50,150,0,0
1674,50,150,0,0
1675,50,150,0,0
1676,50,150,0,0
1677,50,150,0,0
1678,50,150,0,0
1679,50,150,0,0
1680,50,150,0,0
1681,50,150,0,0
1682,50,150,0,0
1683,50,150,0,0
1684,50,150,0,0
1685,50,150,0,0
1686,50,150,0,0
1687,50,150,0,0
1688,50,150,0,0
1689,50,150,0,0
1690,50,150,0,0
1691,50,150,0,0
1692,50,150,0,0
1693,50,150,0,0
1694,50,150,0,0
1695,50,150,0,0
1696,50,150,0,0
1697,50,150,0,0
1698,50,150,0,0
1699,50,150,0,0
1700,50,150,0,0
1701,50,150,0,0
1702,50,150,0,0
1703,50,150,0,0
1704,50,150,0,0
1705,50,150,0,0
1706,50,150,0,0
1707,50,150,0,0
1708,50,150,0,0
1709,50,150,0,0
1710,50,150,0,0
1711,50,150,0,0
1712,50,150,0,0
1713,50,150,0,0
1714,50,150,0,0
1715,50,150,0,0
1716,50,150,0,0
1717,50,150,0,0
1718,50,150,0,0
1719,50,150,0,0
1720,50,150,0,0
1721,50,150,0,0
1722,50,150,0,0
1723,50,150,0,0
1724,50,150,0,0
1725,50,150,0,0
1726,50,150,0,0
1727,50,150,0,0
1728,50,150,0,0
1729,50,150,0,0
1730,50,150,0,0
1731,50,150,0,0
1732,50,150,0,0
1733,50,150,0,0
1734,50,150,0,0
1735,50,150,0,0
1736,50,150,0,0
1737,50,150,0,0
1738,50,150,0,0
1739,50,150,0,0
1740,50,150,0,0
1741,50,150,0,0
1742,50,150,0,0
1743,50,150,0,0
1744,50,150,0,0
1745,50,150,0,0
1746,50,150,0,0
1747,50,150,0,0
1748,50,150,0,0
1749,50,150,0,0
1750,50,150,0,0
1751,50,150,0,0
1752,50,150,0,0
1753,50,150,0,0
1754,50,150,0,0
1755,50,150,0,0
1756,50,150,0,0
1757,50,150,0,0
1758,50,150,0,0
1759,50,150,0,0
1760,50,150,0,0
1761,50,150,0,0
1762,50,150,0,0
1763,50,150,0,0
1764,50,150,0,0
1765,50,150,0,0
1766,50,150,0,0
1767,50,150,0,0
1768,50,150,0,0
1769,50,150,0,0
1770,50,150,0,0
1771,50,150,0,0
1772,50,150,0,0
1773,50,150,0,0
1774,50,150,0,0
1775,50,150,0,0
1776,50,150,0,0
1777,50,150,0,0
1778,50,150,0,0
1779,50,150,0,0
1780,50,150,0,0
1781,50,150,0,0
1782,50,150,0,0
1783,50,150,0,0
1784,50,150,0,0
1785,50,150,0,0
1786,50,150,0,0
1787,50,150,0,0
1788,50,150,0,0
1789,50,150,0,0
1790,50,150,0,0
1791,50,150,0,0
1792,50,150,0,0
1793,50,150,0,0
1794,50,150,0,0
1795,50,150,0,0
1796,50,150,0,0
1797,50,150,0,0
1798,50,150,0,0
1799,50,150,0,0
1800,50,150,0,0
1801,50,150,0,0
1802,50,150,0,0
1803,50,150,0,0
1804,50,150,0,0
1805,50,150,0,0
1806,50,150,0,0
1807,50,150,0,0
1808,50,150,0,0
1809,50,150,0,0
1810,50,150,0,0
1811,50,150,0,0
1812,50,150,0,0
1813,50,150,0,0
1814,50,150,0,0
1815,50,150,0,0
1816,50,150,0,0
1817,50,150,0,0
1818,50,150,0,0
1819,50,150,0,0
1820,50,150,0,0
1821,50,150,0,0
1822,50,150,0,0
1823,50,150,0,0
1824,50,150,0,0
1825,50,150,0,0
1826,50,150,0,0
1827,50,150,0,0
1828,50,150,0,0
1829,50,150,0,0
1830,50,150,0,0
1831,50,150,0,0
1832,50,150,0,0
1833,50,150,0,0
1834,50,150,0,0
1835,50,150,0,0
1836,50,150,0,0
1837,50,150,0,0
1838,50,150,0,0
1839,50,150,0,0
1840,50,150,0,0
1841,50,150,0,0
1842,50,150,0,0
1843,50,150,0,0
1844,50,150,0,0
1845,50,150,0,0
1846,50,150,0,0
1847,50,150,0,0
1848,50,150,0,0
1849,50,150,0,0
1850,50,150,0,0
1851,50,150,0,0
1852,50,150,0,0
1853,50,150,0,0
1854,50,150,0,0
1855,50,150,0,0
1856,50,150,0,0
1857,50,150,0,0
1858,50,150,0,0
1859,50,150,0,0
1860,50,150,0,0
1861,50,150,0,0
1862,50,150,0,0
1863,50,150,0,0
1864,50,150,0,0
1865,50,150,0,0
1866,50,150,0,0
1867,50,150,0,0
1868,50,150,0,0
1869,50,150,0,0
1870,50,150,0,0
1871,50,150,0,0
1872,50,150,0,0
1873,50,150,0,0
1874,50,150,0,0
1875,50,150,0,0
1876,50,150,0,0
1877,50,150,0,0
1878,50,150,0,0
1879,50,150,0,0
1880,50,150,0,0
1881,50,150,0,0
1882,50,150,0,0
1883,50,150,0,0
1884,50,150,0,0
1885,50,150,0,0
1886,50,150,0,0
1887,50,150,0,0
1888,50,150,0,0
1889,50,150,0,0
1890,50,150,0,0
1891,50,150,0,0
1892,50,150,0,0
1893,50,150,0,0
1894,50,150,0,0
1895,50,150,0,0
1896,50,150,0,0
1897,50,150,0,0
1898,50,150,0,0
1899,50,150,0,0
1900,50,150,0,0
1901,50,150,0,0
1902,50,150,0,0
1903,50,150,0,0
1904,50,150,0,0
1905,50,150,0,0
1906,50,150,0,0
1907,50,150,0,0
1908,50,150,0,0
1909,50,150,0,0
1910,50,150,0,0
1911,50,150,0,0
1912,50,150,0,0
1913,50,150,0,0
1914,50,150,0,0
1915,50,150,0,0
1916,50,150,0,0
1917,50,150,0,0
1918,50,150,0,0
1919,50,150,0,0
1920,50,150,0,0
1921,50,150,0,0
1922,50,150,0,0
1923,50,150,0,0
1924,50,150,0,0
1925,50,150,0,0
1926,50,150,0,0
1927,50,150,0,0
1928,50,150,0,0
1929,50,150,0,0
1930,50,150,0,0
1931,50,150,0,0
1932,50,150,0,0
1933,50,150,0,0
1934,50,150,0,0
1935,50,150,0,0
1936,50,150,0,0
1937,50,150,0,0
1938,50,150,0,0
1939,50,150,0,0
1940,50,150,0,0
1941,50,150,0,0
1942,50,150,0,0
1943,50,150,0,0
1944,50,150,0,0
1945,50,150,0,0
1946,50,150,0,0
1947,50,150,0,0
1948,50,150,0,0
1949,50,150,0,0
1950,50,150,0,0
1951,50,150,0,0
1952,50,150,0,0
1953,50,150,0,0
1954,50,150,0,0
1955,50,150,0,0
1956,50,150,0,0
1957,50,150,0,0
1958,50,150,0,0
1959,50,150,0,0
1960,50,150,0,0
1961,50,150,0,0
1962,50,150,0,0
1963,50,150,0,0
1964,50,150,0,0
1965,50,150,0,0
1966,50,150,0,0
1967,50,150,0,0
1968,50,150,0,0
1969,50,150,0,0
1970,50,150,0,0
1971,50,150,0,0
1972,50,150,0,0
1973,50,150,0,0
1974,50,150,0,0
1975,50,150,0,0
1976,50,150,0,0
1977,50,150,0,0
1978,50,150,0,0
1979,50,150,0,0
1980,50,150,0,0
1981,50,150,0,0
1982,50,150,0,0
1983,50,150,0,0
1984,50,150,0,0
1985,50,150,0,0
1986,50,150,0,0
1987,50,150,0,0
1988,50,150,0,0
1989,50,150,0,0
1990,50,150,0,0
1991,50,150,0,0
1992,50,150,0,0
1993,50,150,0,0
1994,50,150,0,0
1995,50,150,0,0
1996,50,150,0,0
1997,50,150,0,0
1998,50,150,0,0
1999,50,150,0,0
2000,50,150,0,0
