tick,pop_patron,pop_client,avg_nrg_patron,avg_nrg_client,donations
1,20,180,964.5,54.6,20
2,20,180,929.2,59.2,20
3,20,180,894.0,63.8,20
4,20,180,859.0,68.3,20
5,20,180,824.2,72.9,20
6,20,180,789.6,77.4,20
7,20,180,755.2,81.9,20
8,20,180,720.9,86.3,20
9,20,180,686.8,90.8,20
10,20,180,652.8,95.2,20
11,20,180,619.0,99.6,20
12,20,180,585.4,104.0,20
13,20,180,552.0,108.3,20
14,20,180,518.7,112.6,20
15,20,180,485.6,116.9,20
16,20,180,452.7,121.2,20
17,20,180,469.7,120.0,0
18,20,180,486.6,118.7,0
19,20,180,458.6,122.4,18
20,20,180,473.1,121.4,1
21,20,180,490.0,120.2,0
22,20,180,484.4,121.4,9
23,20,180,488.8,121.5,5
24,20,180,500.6,120.8,2
25,20,180,509.9,120.4,3
26,20,180,524.1,119.4,1
27,20,180,538.2,118.4,1
28,20,180,554.8,117.2,0
29,20,180,571.2,115.9,0
30,20,180,587.6,114.7,0
31,20,180,603.9,113.5,0
32,20,180,620.1,112.3,0
33,20,180,636.3,111.0,0
34,20,180,652.3,109.8,0
35,20,180,668.3,108.6,0
36,20,180,684.2,107.4,0
37,20,180,700.1,106.2,0
38,20,180,715.8,105.0,0
39,20,180,731.5,103.9,0
40,20,180,747.0,102.7,0
41,20,180,762.6,101.5,0
42,20,180,753.1,103.1,10
43,20,180,718.8,107.5,20
44,20,180,684.7,111.8,20
45,20,180,650.8,116.1,20
46,20,180,617.1,120.4,20
47,20,180,583.5,124.7,20
48,20,180,550.0,128.9,20
49,20,180,529.2,131.8,15
50,20,180,508.5,134.6,15
51,20,180,510.2,134.9,6
52,20,180,509.4,135.5,7
53,20,180,521.0,134.7,2
54,20,180,529.9,134.1,3
55,20,180,541.3,133.3,2
56,20,180,557.5,131.9,0
57,20,180,573.5,130.5,0
58,20,180,589.4,129.0,0
59,20,180,605.2,127.6,0
60,20,180,620.8,126.2,0
61,20,180,636.2,124.8,0
62,20,180,651.5,123.4,0
63,20,180,666.6,121.9,0
64,20,180,681.5,120.5,0
65,20,180,696.3,119.0,0
66,20,180,710.9,117.6,0
67,20,180,725.4,116.2,0
68,20,180,739.7,114.7,0
69,20,180,753.8,113.3,0
70,20,180,767.7,111.8,0
71,20,180,781.4,110.4,0
72,20,180,795.0,108.9,0
73,20,180,808.4,107.5,0
74,20,180,821.6,106.0,0
75,20,180,834.7,104.6,0
76,20,180,847.5,103.1,0
77,20,180,860.2,101.7,0
78,20,180,828.0,105.2,18
79,20,180,791.0,109.2,20
80,20,180,754.3,113.2,20
81,20,180,717.8,117.1,20
82,20,180,681.5,121.0,20
83,20,180,645.4,124.9,20
84,20,180,609.6,128.7,20
85,20,180,581.4,131.6,17
86,20,180,558.4,133.9,15
87,20,180,565.3,132.9,3
88,20,180,569.6,132.2,4
89,20,180,581.2,130.7,1
90,20,180,590.2,129.4,2
91,20,180,604.0,127.5,0
92,20,180,617.6,125.7,0
93,20,180,631.0,123.9,0
94,20,180,644.2,122.1,0
95,20,180,657.3,120.2,0
96,20,180,670.1,118.4,0
97,20,180,682.7,116.6,0
98,20,180,695.2,114.8,0
99,20,180,707.5,113.0,0
100,20,180,719.5,111.3,0
101,20,180,731.4,109.5,0
102,20,180,743.1,107.7,0
103,20,180,754.6,105.9,0
104,20,180,765.9,104.2,0
105,20,180,777.0,102.4,0
106,20,180,763.1,103.4,10
107,20,180,724.6,107.2,20
108,20,180,686.5,110.8,20
109,20,180,648.6,114.5,20
110,20,180,611.2,118.1,20
111,20,180,574.1,121.6,20
112,20,180,539.8,124.8,19
113,20,180,508.3,127.7,18
114,20,180,492.0,128.8,12
115,20,180,488.1,128.6,7
116,20,180,491.7,127.6,4
117,20,180,495.2,126.5,4
118,20,180,501.0,125.2,3
119,20,180,509.2,123.6,2
120,20,180,519.8,121.7,1
121,20,180,532.6,119.6,0
122,20,180,545.2,117.5,0
123,20,180,557.6,115.4,0
124,20,180,569.7,113.3,0
125,20,180,581.7,111.2,0
126,20,180,593.5,109.2,0
127,20,180,605.0,107.1,0
128,20,180,616.4,105.1,0
129,20,180,627.5,103.1,0
130,20,180,599.0,105.5,16
131,20,180,568.3,108.1,17
132,20,180,530.5,111.5,20
133,20,180,498.1,114.3,18
134,20,180,480.9,115.4,12
135,20,180,473.8,115.4,8
136,20,180,466.7,115.3,8
137,20,180,462.1,115.0,7
138,20,180,464.9,113.9,4
139,20,180,472.6,112.2,2
140,20,180,465.3,112.1,8
141,20,180,463.0,111.6,6
142,20,180,465.6,110.4,4
143,20,180,473.1,108.7,2
144,20,180,468.1,108.4,7
145,20,180,465.6,107.8,6
146,20,180,470.5,106.4,3
147,20,180,475.2,105.0,3
148,20,180,474.9,104.2,5
149,20,180,469.6,103.9,7
150,20,180,474.2,102.5,3
151,20,180,473.8,101.7,5
152,20,180,463.5,101.9,9
153,20,180,460.7,101.3,6
154,20,180,465.2,99.9,3
155,20,180,469.7,98.6,3
156,20,180,464.1,98.3,7
157,20,180,461.1,97.7,6
158,20,180,465.5,96.3,3
159,20,180,469.7,95.0,3
160,20,180,471.4,93.9,4
161,20,180,465.6,93.6,7
162,20,180,467.2,92.6,4
163,20,180,466.4,91.8,5
164,20,180,472.8,90.1,2
165,20,180,464.3,90.2,8
166,20,180,463.4,89.4,5
167,20,180,464.8,88.3,4
168,20,180,471.1,86.7,2
169,20,180,462.5,86.8,8
170,20,180,461.3,86.0,5
171,20,180,465.1,84.7,3
172,20,180,468.7,83.4,3
173,20,180,472.2,82.2,3
174,20,180,465.8,82.0,7
175,20,180,464.4,81.3,5
176,20,180,465.3,80.3,4
177,20,180,471.2,78.7,2
178,20,180,462.1,78.9,8
179,20,180,460.6,78.2,5
180,20,180,463.9,76.9,3
181,20,180,467.1,75.7,3
182,20,180,472.7,74.2,2
183,20,180,463.4,74.4,8
184,20,180,461.6,73.7,5
185,20,180,464.6,72.5,3
186,20,180,470.1,71.0,2
187,20,180,470.4,70.1,4
188,20,180,465.8,69.8,6
189,20,180,463.7,69.2,5
190,20,180,464.1,68.3,4
191,20,180,469.3,66.9,2
192,20,180,464.5,66.6,6
193,20,180,464.7,65.7,4
194,20,180,464.8,64.9,4
195,20,180,464.9,64.1,4
196,20,180,469.9,62.7,2
197,20,180,462.4,62.7,7
198,20,180,464.8,61.6,3
199,20,180,464.7,60.8,4
200,20,180,464.6,60.0,4
201,20,180,469.3,58.7,2
202,20,180,464.0,58.5,6
203,20,180,463.8,57.8,4
204,20,180,463.4,57.0,4
205,20,180,463.1,56.3,4
206,20,180,467.6,55.0,2
207,20,180,467.0,54.3,4
208,20,180,464.0,53.9,5
209,20,180,461.0,53.5,5
210,20,180,462.9,52.5,3
211,20,180,467.2,51.3,2
212,20,180,471.3,50.1,2
213,20,180,463.0,50.3,7
214,20,180,459.8,49.9,5
215,20,180,466.4,48.4,1
216,20,180,463.0,48.1,5
217,20,180,469.4,46.7,1
218,20,180,463.4,46.6,6
219,20,180,462.4,46.0,4
220,20,180,461.3,45.4,4
221,20,180,462.7,44.6,3
222,20,180,466.5,43.5,2
223,20,180,470.1,42.4,2
224,20,180,461.3,42.7,7
225,20,180,460.1,42.2,4
226,20,180,463.7,41.1,2
227,20,180,462.3,40.6,4
228,20,180,468.2,39.3,1
229,20,180,471.4,38.3,2
230,20,180,462.4,38.6,7
231,20,180,458.4,38.4,5
232,20,180,464.2,37.2,1
233,20,180,462.5,36.7,4
234,20,180,468.1,35.5,1
235,20,180,471.1,34.5,2
236,20,180,461.7,35.0,7
237,20,180,457.5,34.8,5
238,20,180,463.0,33.6,1
239,20,180,461.0,33.2,4
240,20,180,466.4,32.1,1
241,20,180,469.1,31.2,2
242,20,180,459.6,31.7,7
243,20,180,462.4,30.8,2
244,20,180,460.2,30.5,4
245,20,180,460.5,29.9,3
246,20,180,463.1,29.0,2
247,20,180,468.1,27.9,1
248,20,180,465.6,27.7,4
249,20,179,460.6,27.8,5
250,21,179,458.8,27.6,4
251,21,179,461.9,26.8,2
252,21,179,462.6,26.2,3
253,21,179,465.5,25.5,2
254,21,179,468.4,24.7,2
255,21,179,464.1,24.8,5
256,21,179,459.9,24.8,5
257,21,179,458.1,24.6,4
258,21,179,463.3,23.6,1
259,21,179,461.3,23.4,4
260,21,179,466.3,22.4,1
261,21,177,468.8,22.0,2
262,23,177,462.6,22.4,6
263,23,177,459.9,22.5,5
264,23,177,459.5,22.4,4
265,23,177,459.0,22.2,4
266,23,175,460.6,22.1,3
267,25,173,466.6,21.4,1
268,27,171,461.9,22.4,7
269,29,169,464.1,22.5,4
270,31,168,465.5,22.8,5
271,32,168,467.7,23.0,5
272,32,167,465.5,24.2,8
273,33,165,468.0,24.6,5
274,35,164,462.4,26.7,11
275,36,161,463.5,27.9,7
276,39,161,462.7,29.2,9
277,39,160,461.4,30.9,10
278,40,160,466.4,30.9,5
279,40,159,467.9,32.0,8
280,41,159,464.5,34.2,12
281,41,158,465.1,35.5,9
282,42,158,461.2,37.9,13
283,42,158,462.3,38.9,9
284,42,157,464.5,39.9,8
285,43,157,465.5,40.8,9
286,43,157,465.7,42.1,10
287,43,157,470.3,42.1,6
288,43,157,465.8,44.6,14
289,43,157,468.1,45.1,8
290,43,157,470.4,45.6,8
291,43,157,463.5,48.6,16
292,43,157,465.8,49.0,8
293,43,157,468.1,49.3,8
294,43,157,466.9,50.6,11
295,43,157,467.9,51.3,9
296,43,157,471.2,51.3,7
297,43,157,466.4,53.4,14
298,43,157,468.6,53.6,8
299,43,157,469.5,54.2,9
300,43,157,464.8,56.2,14
301,43,157,465.8,56.6,9
302,43,157,467.9,56.7,8
303,43,157,466.5,57.8,11
304,43,157,467.3,58.1,9
305,43,157,470.5,57.9,7
306,43,157,468.9,58.8,11
307,43,157,467.4,59.8,11
308,43,157,470.4,59.4,7
309,43,157,467.7,60.6,12
310,43,157,467.3,61.2,10
311,43,157,468.0,61.4,9
312,43,157,465.2,62.5,12
313,43,157,467.1,62.4,8
314,43,157,468.9,62.2,8
315,43,157,467.1,63.0,11
316,43,157,468.8,62.8,8
317,43,157,470.5,62.7,8
318,43,157,466.4,64.0,13
319,43,157,466.9,64.1,9
320,43,157,469.6,63.5,7
321,43,157,468.8,63.9,10
322,43,157,464.6,65.2,13
323,43,157,465.0,65.2,9
324,43,157,464.2,65.5,10
325,43,157,465.7,65.2,8
326,43,157,464.8,65.5,10
327,43,157,465.0,65.5,9
328,43,157,466.3,65.2,8
329,43,157,466.4,65.1,9
330,43,157,467.5,64.8,8
331,43,157,465.2,65.4,11
332,43,157,466.4,65.0,8
333,43,157,466.2,65.0,9
334,43,157,467.2,64.6,8
335,43,157,463.6,65.5,12
336,43,157,465.8,64.8,7
337,43,157,464.4,65.0,10
338,43,157,464.1,64.9,9
339,43,157,465.0,64.5,8
340,43,157,463.5,64.7,10
341,43,157,464.2,64.3,8
342,43,157,467.1,63.3,6
343,43,157,464.2,63.9,11
344,43,157,464.8,63.5,8
345,43,157,467.6,62.5,6
346,43,157,469.1,61.8,7
347,43,157,462.5,63.3,14
348,43,157,464.1,62.6,7
349,43,157,470.1,60.7,3
350,43,157,466.8,61.3,11
351,43,157,465.9,61.3,9
352,43,157,467.2,60.6,7
353,43,157,463.9,61.2,11
354,43,157,461.8,61.4,10
355,43,157,465.3,60.1,5
356,43,157,465.3,59.8,8
357,43,157,463.0,60.1,10
358,43,157,464.1,59.4,7
359,43,157,466.2,58.5,6
360,43,157,462.6,59.1,11
361,43,157,464.6,58.1,6
362,43,157,467.8,56.9,5
363,43,157,466.2,56.9,9
364,43,157,464.6,57.0,9
365,43,157,467.6,55.8,5
366,43,157,467.0,55.5,8
367,43,157,465.2,55.6,9
368,43,157,468.0,54.4,5
369,43,157,469.5,53.6,6
370,43,157,466.5,54.0,10
371,43,157,464.6,54.1,9
372,43,157,466.1,53.3,6
373,43,157,465.2,53.1,8
374,43,157,464.3,52.9,8
375,43,157,466.8,51.8,5
376,43,157,469.1,50.7,5
377,43,157,470.3,50.0,6
378,43,157,466.8,50.5,10
379,43,157,465.6,50.4,8
380,43,157,466.7,49.7,6
381,43,157,465.4,49.6,8
382,43,157,468.6,48.3,4
383,43,157,466.1,48.5,9
384,43,157,465.9,48.1,7
385,43,157,466.7,47.5,6
386,43,157,464.1,47.7,9
387,43,157,468.3,46.1,3
388,43,157,463.2,47.1,11
389,43,157,467.3,45.5,3
390,43,157,466.7,45.2,7
391,43,157,467.2,44.6,6
392,43,157,466.5,44.4,7
393,43,157,464.6,44.4,8
394,43,157,467.3,43.2,4
395,43,157,468.7,42.4,5
396,43,157,467.8,42.2,7
397,43,157,466.8,42.0,7
398,43,157,469.3,40.9,4
399,43,157,468.2,40.7,7
400,43,157,463.6,41.5,10
401,43,157,468.3,39.8,2
402,43,157,469.4,39.1,5
403,43,157,468.1,39.0,7
404,43,157,463.4,39.8,10
405,43,157,465.5,38.8,4
406,43,157,469.9,37.1,2
407,43,157,465.0,38.0,10
408,43,157,463.6,38.0,7
409,43,157,465.6,37.0,4
410,43,157,470.9,35.1,1
411,43,157,463.6,36.7,12
412,43,157,463.1,36.3,6
413,43,157,463.8,35.7,5
414,43,157,469.0,33.9,1
415,43,157,462.7,35.2,11
416,43,157,462.1,34.9,6
417,43,157,462.6,34.3,5
418,43,157,467.7,32.5,1
419,43,157,462.4,33.6,10
420,43,157,460.5,33.6,7
421,43,157,460.9,33.1,5
422,43,156,465.8,31.5,1
423,44,156,462.8,32.0,8
424,44,156,457.8,33.0,10
425,44,156,459.6,32.2,4
426,44,156,463.6,30.8,2
427,44,156,463.0,30.7,6
428,44,156,455.6,32.4,12
429,44,156,456.2,31.9,5
430,44,156,462.3,29.8,0
431,44,156,460.4,30.0,7
432,44,156,455.2,31.2,10
433,44,155,454.5,31.2,6
434,45,155,459.6,29.5,1
435,45,155,459.2,29.4,6
436,45,155,454.3,30.6,10
437,45,155,451.7,31.0,8
438,45,155,455.7,29.6,2
439,45,155,458.4,28.6,3
440,45,154,456.8,29.0,7
441,46,154,451.0,30.5,11
442,46,154,453.0,29.7,4
443,46,154,453.9,29.3,5
444,46,154,454.7,28.9,5
445,46,154,452.2,29.5,8
446,46,153,450.9,29.9,7
447,47,152,453.0,29.3,4
448,48,152,454.3,28.9,5
449,48,152,453.6,29.2,7
450,48,152,445.7,31.6,14
451,48,152,450.2,30.1,2
452,48,152,450.5,30.0,6
453,48,152,451.8,29.5,5
454,48,152,450.9,29.8,7
455,48,152,446.0,31.2,11
456,48,152,447.3,30.7,5
457,48,152,450.5,29.6,3
458,48,152,450.6,29.4,6
459,48,151,446.6,30.8,10
460,49,151,445.1,31.2,8
461,49,151,446.6,30.7,5
462,49,151,449.0,29.9,4
463,49,151,448.3,30.1,7
464,49,151,445.6,30.9,9
465,49,151,443.9,31.3,8
466,49,151,445.3,30.8,5
467,49,151,446.5,30.2,5
468,49,151,447.8,29.8,5
469,49,151,443.9,30.9,10
470,49,150,441.1,31.8,9
471,50,150,443.9,30.9,4
472,50,150,443.4,31.0,7
473,50,150,445.9,30.2,4
474,50,150,440.4,31.9,12
475,50,150,438.9,32.3,8
476,50,150,442.4,31.0,3
477,50,150,442.8,30.8,6
478,50,150,442.1,30.9,7
479,50,150,440.5,31.3,8
480,50,150,437.9,32.0,9
481,50,150,437.3,32.0,7
482,50,150,440.5,30.8,3
483,50,150,439.8,30.8,7
484,50,150,436.1,31.9,10
485,50,150,438.3,30.9,4
486,50,150,437.6,31.0,7
487,50,150,435.8,31.4,8
488,50,150,438.9,30.1,3
489,50,150,437.0,30.5,8
490,50,150,435.2,30.9,8
491,50,150,435.3,30.6,6
492,50,150,436.3,30.1,5
493,50,150,436.4,29.8,6
494,50,150,435.4,29.9,7
495,50,150,433.4,30.3,8
496,50,150,434.4,29.7,5
497,50,150,434.3,29.5,6
498,50,150,434.2,29.3,6
499,50,149,435.1,28.9,5
500,51,149,431.8,30.0,10
501,51,149,431.0,30.1,7
502,51,149,433.1,29.2,4
503,51,149,432.3,29.3,7
504,51,149,432.4,29.1,6
505,51,149,435.3,27.9,3
506,51,149,429.5,29.7,12
507,51,149,426.7,30.4,9
508,51,148,431.6,28.7,1
509,52,148,432.3,28.5,6
510,52,148,430.6,29.0,8
511,52,148,432.8,28.1,4
512,52,148,430.1,28.9,9
513,52,148,425.6,30.3,11
514,52,147,429.6,28.9,2
515,53,147,429.6,29.0,7
516,53,147,428.1,29.4,8
517,53,147,431.3,28.2,3
518,53,147,428.0,29.3,10
519,53,147,425.6,30.1,9
520,53,147,426.9,29.5,5
521,53,147,429.1,28.6,4
522,53,147,428.4,28.7,7
523,53,147,427.7,28.8,7
524,53,147,427.0,28.9,7
525,53,145,425.4,29.7,8
526,55,145,427.1,29.4,6
527,55,145,425.2,30.1,9
528,55,145,426.9,29.5,5
529,55,145,427.6,29.3,6
530,55,145,425.6,30.0,9
531,55,145,426.2,29.7,6
532,55,145,426.9,29.4,6
533,55,145,424.8,30.1,9
534,55,145,427.2,29.2,4
535,55,144,426.8,29.5,7
536,56,144,426.3,29.9,8
537,56,144,425.4,30.2,8
538,56,144,422.7,31.2,10
539,56,143,422.6,31.4,7
540,57,143,426.8,30.0,3
541,57,143,423.4,31.4,11
542,57,143,424.4,31.0,6
543,57,143,427.1,30.0,4
544,57,143,424.5,31.0,10
545,57,143,423.7,31.3,8
546,57,143,422.8,31.6,8
547,57,143,423.7,31.2,6
548,57,143,422.8,31.5,8
549,57,143,422.7,31.4,7
550,57,143,423.5,31.0,6
551,57,143,423.4,31.0,7
552,57,143,421.5,31.6,9
553,57,143,422.2,31.1,6
554,57,142,420.3,32.0,9
555,58,142,422.7,31.2,5
556,58,142,420.2,32.1,10
557,58,142,421.1,31.7,6
558,58,142,421.1,31.6,7
559,58,142,421.1,31.5,7
560,58,142,422.7,30.7,5
561,58,142,420.9,31.3,9
562,58,142,418.3,32.2,10
563,58,142,419.9,31.4,5
564,58,142,419.8,31.3,7
565,58,142,418.8,31.6,8
566,58,142,419.4,31.1,6
567,58,142,421.8,30.0,4
568,58,142,419.8,30.6,9
569,58,142,418.6,30.9,8
570,58,142,420.0,30.1,5
571,58,142,417.1,31.1,10
572,58,142,415.1,31.6,9
573,58,142,415.6,31.2,6
574,58,142,417.8,30.0,4
575,58,142,416.6,30.3,8
576,58,142,415.3,30.6,8
577,58,142,419.9,28.5,1
578,58,142,421.0,27.8,5
579,58,142,415.3,29.9,13
580,58,142,418.1,28.5,3
581,58,142,415.0,29.5,10
582,58,142,413.5,29.8,8
583,58,142,413.8,29.4,6
584,58,142,413.2,29.3,7
585,58,142,413.4,28.9,6
586,58,142,415.2,27.9,4
587,58,141,415.3,27.8,6
588,59,141,414.5,28.2,8
589,59,141,417.3,26.9,3
590,59,141,415.9,27.3,8
591,59,141,413.6,28.0,9
592,59,141,413.0,28.0,7
593,59,141,412.4,28.1,7
594,59,141,410.1,28.7,9
595,59,141,410.4,28.4,6
596,59,140,411.4,27.9,5
597,60,140,411.6,27.9,7
598,60,140,412.8,27.3,5
599,60,140,414.8,26.3,4
600,60,140,413.4,26.8,8
601,60,139,413.6,26.7,6
602,61,139,416.3,25.8,4
603,61,139,415.1,26.3,8
604,61,139,414.7,26.4,7
605,61,139,411.0,27.9,11
606,61,139,412.2,27.2,5
607,61,139,412.6,26.9,6
608,61,139,412.9,26.7,6
609,61,139,410.0,27.8,10
610,61,139,411.1,27.1,5
611,61,139,413.0,26.2,4
612,61,138,412.4,26.4,7
613,62,138,412.6,26.6,7
614,62,138,410.6,27.3,9
615,62,137,412.6,26.5,4
616,63,137,416.2,25.3,3
617,63,137,412.8,26.8,11
618,63,137,411.8,27.3,8
619,63,137,412.3,27.0,6
620,63,137,412.1,27.0,7
621,63,137,411.0,27.4,8
622,63,137,411.4,27.1,6
623,63,137,411.8,26.8,6
624,63,137,412.2,26.6,6
625,63,136,412.5,26.5,6
626,64,136,411.5,27.3,9
627,64,136,409.7,28.0,9
628,64,136,411.1,27.3,5
629,64,135,412.4,26.9,5
630,65,135,411.5,27.6,9
631,65,135,409.9,28.4,9
632,65,135,412.9,27.0,3
633,65,135,414.2,26.3,5
634,65,135,412.5,27.1,9
635,65,135,412.3,27.2,7
636,65,133,412.1,27.6,7
637,67,132,414.3,27.5,6
638,68,132,413.9,28.3,9
639,68,132,411.5,29.7,11
640,68,132,412.7,29.3,6
641,68,132,412.4,29.6,8
642,68,132,412.1,29.9,8
643,68,132,412.5,29.8,7
644,68,132,413.6,29.3,6
645,68,132,413.1,29.6,8
646,68,132,412.7,29.9,8
647,68,131,413.6,29.7,6
648,69,131,414.0,29.9,8
649,69,131,414.3,29.8,7
650,69,131,414.0,30.1,8
651,69,131,414.3,30.0,7
652,69,131,415.3,29.5,6
653,69,131,416.9,28.7,5
654,69,131,412.8,30.8,13
655,69,131,415.1,29.6,4
656,69,131,415.3,29.5,7
657,69,130,416.0,29.2,6
658,70,130,416.8,29.2,7
659,70,130,414.3,30.5,11
660,70,130,415.9,29.7,5
661,70,130,416.1,29.6,7
662,70,130,416.3,29.5,7
663,70,130,415.0,30.1,9
664,70,130,415.1,29.9,7
665,70,130,415.9,29.5,6
666,70,130,414.5,30.1,9
667,70,130,413.2,30.6,9
668,70,130,415.3,29.4,4
669,70,130,413.9,30.0,9
670,70,130,413.1,30.2,8
671,70,130,413.0,30.0,7
672,70,130,414.4,29.1,5
673,70,129,412.8,30.0,9
674,71,129,412.8,30.2,8
675,71,129,412.8,30.0,7
676,71,129,411.5,30.6,9
677,71,129,412.2,30.0,6
678,71,129,414.3,28.8,4
679,71,129,412.2,29.8,10
680,71,129,410.0,30.7,10
681,71,129,412.1,29.4,4
682,71,129,411.3,29.6,8
683,71,129,411.2,29.5,7
684,71,129,410.3,29.7,8
685,71,129,410.1,29.5,7
686,71,129,408.6,30.1,9
687,71,128,409.8,29.4,5
688,72,128,408.3,30.4,10
689,72,128,408.3,30.2,7
690,72,128,408.9,29.6,6
691,72,128,408.2,29.8,8
692,72,128,407.4,30.0,8
693,72,128,407.3,29.8,7
694,72,128,407.9,29.3,6
695,72,128,406.4,29.9,9
696,72,128,405.6,30.0,8
697,72,128,405.4,29.8,7
698,72,128,405.9,29.3,6
699,72,128,407.7,28.0,4
700,72,128,405.4,29.0,10
701,72,128,403.1,30.0,10
702,72,128,404.2,29.0,5
703,72,128,405.9,27.8,4
704,72,127,402.2,29.8,12
705,73,127,402.7,29.6,7
706,73,127,404.7,28.3,4
707,73,127,403.2,28.9,9
708,73,126,401.7,29.8,9
709,74,126,403.1,29.2,6
710,74,126,401.1,30.2,10
711,74,125,399.8,30.9,9
712,74,125,400.8,29.9,5
713,74,125,402.1,29.0,5
714,74,125,400.7,29.6,9
715,74,125,398.7,30.5,10
716,74,125,400.6,29.2,4
717,74,125,399.2,29.8,9
718,74,125,397.8,30.3,9
719,74,124,398.4,30.0,6
720,75,124,399.8,29.4,6
721,75,124,397.3,30.7,11
722,75,124,400.0,29.0,3
723,75,124,397.4,30.3,11
724,75,124,395.4,31.2,10
725,75,124,396.8,30.2,5
726,75,124,397.4,29.6,6
727,75,124,395.4,30.5,10
728,75,124,395.4,30.2,7
729,75,124,393.4,31.1,10
730,75,123,394.6,30.3,5
731,76,123,396.7,29.3,5
732,76,123,394.8,30.3,10
733,76,123,394.3,30.4,8
734,76,123,395.0,29.8,6
735,76,122,392.5,31.4,11
736,77,122,393.6,31.0,7
737,77,122,395.1,30.0,5
738,77,121,394.7,30.4,8
739,77,120,391.6,32.4,12
740,78,120,392.8,32.0,7
741,78,120,394.5,30.9,5
742,78,120,393.0,31.8,10
743,78,120,391.4,32.7,10
744,78,120,393.1,31.5,5
745,78,119,392.1,32.2,9
746,79,119,392.7,32.3,8
747,79,119,391.9,32.7,9
748,79,119,391.8,32.7,8
749,79,119,389.8,33.9,11
750,79,119,391.5,32.6,5
751,79,119,390.1,33.4,10
752,79,119,388.0,34.5,11
753,79,119,389.1,33.6,6
754,79,119,389.5,33.1,7
755,79,119,388.6,33.5,9
756,79,119,389.6,32.6,6
757,79,119,390.5,31.8,6
758,79,119,388.3,33.0,11
759,79,119,387.9,33.0,8
760,79,119,387.0,33.3,9
761,79,119,386.0,33.6,9
762,79,119,386.9,32.7,6
763,79,119,387.1,32.3,7
764,79,119,384.2,33.8,12
765,79,119,386.3,32.1,4
766,79,119,385.9,32.1,8
767,79,119,384.1,32.9,10
768,79,119,384.9,32.0,6
769,79,119,384.4,32.0,8
770,79,118,383.2,32.6,9
771,80,118,385.7,31.4,5
772,80,118,386.5,30.7,6
773,80,118,384.9,31.6,10
774,80,118,382.7,32.8,11
775,80,117,383.5,32.2,6
776,81,116,384.1,32.5,8
777,82,116,386.0,31.7,6
778,82,116,383.0,33.7,13
779,82,116,383.0,33.6,8
780,82,116,381.7,34.3,10
781,82,116,383.5,33.0,5
782,82,116,382.8,33.3,9
783,82,116,381.5,34.0,10
784,82,116,380.8,34.3,9
785,82,116,383.0,32.5,4
786,82,116,382.2,32.9,9
787,82,116,382.0,32.8,8
788,82,116,381.8,32.7,8
789,82,116,380.4,33.5,10
790,82,116,381.3,32.6,6
791,82,116,379.8,33.3,10
792,82,116,378.9,33.6,9
793,82,116,378.0,33.8,9
794,82,116,379.5,32.5,5
795,82,116,379.8,32.0,7
796,82,116,378.8,32.4,9
797,82,116,377.8,32.7,9
798,82,116,377.4,32.6,8
799,82,116,376.4,32.9,9
800,82,116,377.2,32.0,6
801,82,116,378.5,30.8,5
802,82,116,375.6,32.4,12
803,82,116,376.3,31.5,6
804,82,116,377.0,30.7,6
805,82,116,377.6,30.0,6
806,82,116,375.2,31.3,11
807,82,116,375.9,30.4,6
808,82,116,375.3,30.5,8
809,82,115,374.0,31.2,9
810,83,115,374.6,31.2,8
811,83,115,376.0,30.0,5
812,83,115,376.0,29.7,7
813,83,115,373.7,31.1,11
814,83,115,376.2,29.1,3
815,83,115,375.6,29.2,8
816,83,115,374.4,29.8,9
817,83,115,375.0,29.1,6
818,83,115,373.2,30.1,10
819,83,115,372.0,30.5,9
820,83,115,373.2,29.4,5
821,83,115,373.1,29.1,7
822,83,115,371.2,30.0,10
823,83,115,372.9,28.5,4
824,83,115,371.0,29.5,10
825,83,115,371.4,28.8,6
826,83,115,371.8,28.1,6
827,83,115,371.6,28.0,7
828,83,115,369.6,29.0,10
829,83,115,370.0,28.3,6
830,83,115,372.1,26.5,3
831,83,115,370.6,27.2,9
832,83,115,369.1,27.9,9
833,83,115,369.4,27.3,6
834,83,115,368.4,27.6,8
835,83,115,369.9,26.2,4
836,83,115,368.3,26.9,9
837,83,115,366.7,27.6,9
838,83,115,368.0,26.2,4
839,83,115,368.7,25.4,5
840,83,115,368.2,25.4,7
841,83,115,366.6,26.2,9
842,83,113,366.1,26.6,7
843,85,113,366.9,27.3,9
844,85,113,366.8,27.2,7
845,85,112,369.0,25.7,3
846,86,112,369.4,26.1,8
847,86,112,368.8,26.5,8
848,86,112,369.3,26.1,6
849,86,112,368.1,26.9,9
850,86,112,368.1,26.8,7
851,86,112,368.5,26.3,6
852,86,112,367.3,27.1,9
853,86,112,367.1,27.0,7
854,86,112,368.1,26.1,5
855,86,112,364.5,28.5,13
856,86,111,367.2,26.4,2
857,87,111,367.6,26.8,8
858,87,111,365.2,28.4,11
859,87,111,366.4,27.3,5
860,87,109,367.4,26.9,5
861,89,109,368.6,27.7,9
862,89,109,368.8,27.6,7
863,89,109,368.5,27.9,8
864,89,109,367.1,29.0,10
865,89,109,367.3,28.8,7
866,89,108,368.1,28.4,6
867,90,108,368.2,29.1,9
868,90,108,366.9,30.1,10
869,90,108,369.5,28.1,3
870,90,108,367.5,29.7,11
871,90,108,367.3,29.8,8
872,90,108,365.9,30.8,10
873,90,108,364.6,31.7,10
874,90,108,367.6,29.1,2
875,90,108,367.8,28.8,7
876,90,108,365.2,30.7,12
877,90,108,366.4,29.5,5
878,90,108,367.7,28.4,5
879,90,108,365.0,30.3,12
880,90,108,364.0,30.8,9
881,90,108,364.2,30.3,7
882,90,108,363.7,30.4,8
883,90,107,364.4,29.9,6
884,91,106,365.5,29.8,7
885,92,106,363.6,32.1,13
886,92,106,366.1,29.9,3
887,92,106,367.0,29.2,6
888,92,106,364.1,31.5,13
889,92,106,364.5,31.1,7
890,92,106,365.3,30.2,6
891,92,106,363.5,31.6,11
892,92,106,362.7,32.0,9
893,92,106,363.5,31.1,6
894,92,106,363.2,31.1,8
895,92,106,363.4,30.6,7
896,92,106,363.6,30.2,7
897,92,106,361.7,31.6,11
898,92,106,363.5,29.8,4
899,92,106,361.5,31.2,11
900,92,106,359.5,32.5,11
901,92,106,361.2,30.6,4
902,92,106,361.3,30.2,7
903,92,106,360.3,30.7,9
904,92,106,361.5,29.4,5
905,92,106,361.5,29.1,7
906,92,106,360.4,29.6,9
907,92,106,360.9,28.4,6
908,92,106,359.3,29.5,10
909,92,106,359.8,28.7,6
910,92,104,359.7,29.0,7
911,94,104,362.9,27.9,5
912,94,103,361.1,29.8,11
913,95,103,363.3,28.6,5
914,95,103,362.2,29.8,10
915,95,103,362.0,29.9,8
916,95,103,362.4,29.6,7
917,95,103,362.3,29.8,8
918,95,103,362.6,29.5,7
919,95,103,363.9,28.3,5
920,95,103,362.6,29.4,10
921,95,103,361.9,30.0,9
922,95,103,362.7,29.3,6
923,95,103,364.5,27.7,4
924,95,103,363.6,28.4,9
925,95,103,363.3,28.7,8
926,95,103,362.4,29.3,9
927,95,103,362.1,29.5,8
928,95,103,363.8,27.8,4
929,95,103,363.4,28.1,8
930,95,103,364.0,27.5,6
931,95,103,364.0,27.4,7
932,95,103,363.5,27.7,8
933,95,103,364.1,27.1,6
934,95,103,365.1,26.1,5
935,95,103,364.0,27.0,9
936,95,103,363.9,26.9,7
937,95,103,364.9,25.9,5
938,95,103,363.8,26.8,9
939,95,103,362.7,27.5,9
940,95,103,364.6,25.6,3
941,95,102,364.5,25.9,7
942,96,101,364.4,27.1,9
943,97,101,367.5,25.2,3
944,97,101,366.1,26.6,10
945,97,101,365.3,27.5,9
946,97,100,365.9,26.8,6
947,98,100,367.0,26.7,7
948,98,100,367.8,26.3,6
949,98,99,367.0,27.5,9
950,99,99,367.1,28.3,9
951,99,99,368.9,26.8,4
952,99,98,369.7,26.1,6
953,100,98,370.5,26.7,8
954,100,98,369.0,28.6,11
955,100,98,369.5,28.4,7
956,100,98,368.5,29.6,10
957,100,97,369.4,29.2,6
958,101,97,370.3,29.5,8
959,101,97,371.4,28.8,6
960,101,97,371.4,29.1,8
961,101,97,371.9,28.9,7
962,101,97,371.0,30.1,10
963,101,97,371.9,29.4,6
964,101,97,372.4,29.1,7
965,101,97,372.8,28.9,7
966,101,97,372.7,29.2,8
967,101,97,374.0,28.1,5
968,101,97,372.8,28.9,10
969,101,97,372.2,29.6,9
970,101,97,373.5,28.4,5
971,101,96,372.8,29.0,9
972,102,95,375.5,27.7,4
973,103,95,374.8,29.6,11
974,103,95,375.9,28.9,6
975,103,95,375.4,29.7,9
976,103,95,375.0,30.4,9
977,103,95,376.4,29.2,5
978,103,95,376.9,29.0,7
979,103,95,376.8,29.3,8
980,103,95,376.7,29.6,8
981,103,95,377.6,28.8,6
982,103,95,379.9,26.8,3
983,103,95,377.3,29.7,13
984,103,95,378.5,28.5,5
985,103,95,379.3,27.8,6
986,103,95,377.6,29.7,11
987,103,95,377.9,29.4,7
988,103,95,380.5,26.8,2
989,103,95,379.3,28.2,10
990,103,95,379.4,28.1,7
991,103,95,380.6,27.0,5
992,103,95,380.7,27.0,7
993,103,95,379.8,27.9,9
994,103,95,380.4,27.3,6
995,103,95,379.5,28.2,9
996,103,95,381.0,26.7,4
997,103,95,381.0,26.7,7
998,103,95,380.5,26.7,8
999,103,94,380.5,26.9,7
1000,104,94,384.2,24.1,1
1001,104,94,380.4,28.2,15
1002,104,94,381.5,27.1,5
1003,104,94,382.5,26.1,5
1004,104,93,382.5,26.5,7
1005,105,92,382.8,27.3,8
1006,106,92,385.2,25.9,4
1007,106,92,383.6,28.0,11
1008,106,91,383.4,28.7,8
1009,107,91,385.3,27.7,5
1010,107,91,383.8,29.6,11
1011,107,90,384.6,29.3,6
1012,108,88,386.7,28.8,5
1013,110,88,387.7,29.8,9
1014,110,88,387.5,30.2,9
1015,110,87,388.2,29.9,7
1016,111,86,389.1,30.7,8
1017,112,86,389.2,32.1,10
1018,112,86,389.3,32.9,9
1019,112,86,388.4,34.6,11
1020,112,86,388.8,34.6,8
1021,112,86,388.8,35.1,9
1022,112,86,389.6,34.5,7
1023,112,86,388.6,36.1,11
1024,112,86,388.1,37.0,10
1025,112,86,388.5,36.7,8
1026,112,86,388.8,36.4,8
1027,112,86,388.6,36.7,9
1028,112,86,385.8,40.1,15
1029,112,86,387.9,37.4,4
1030,112,86,387.2,37.6,10
1031,112,86,388.7,35.7,5
1032,112,86,388.0,36.6,10
1033,112,86,388.2,36.3,8
1034,112,86,386.5,38.1,12
1035,112,86,388.4,35.6,4
1036,112,86,388.5,35.4,8
1037,112,86,387.2,36.8,11
1038,112,86,388.1,35.5,6
1039,112,86,387.7,35.8,9
1040,112,86,386.8,36.7,10
1041,112,86,387.2,35.3,7
1042,112,86,387.2,35.1,8
1043,112,86,384.9,37.6,13
1044,112,86,386.6,35.1,4
1045,112,86,387.4,33.9,6
1046,112,86,386.4,34.9,10
1047,112,86,387.1,33.7,6
1048,112,86,385.6,35.2,11
1049,112,86,385.4,35.1,8
1050,112,86,385.7,34.4,7
1051,112,86,384.6,35.3,10
1052,112,86,384.8,34.6,7
1053,112,86,383.6,35.5,10
1054,112,86,383.8,34.7,7
1055,112,86,384.4,33.5,6
1056,112,86,384.0,33.5,8
1057,112,86,384.1,32.9,7
1058,112,86,383.8,32.4,8
1059,112,86,382.9,33.0,9
1060,112,86,382.5,33.0,8
1061,112,86,381.7,33.5,9
1062,112,86,381.7,33.0,7
1063,112,85,380.8,33.9,9
1064,113,85,382.8,31.7,4
1065,113,85,380.7,33.5,12
1066,113,85,381.2,32.4,6
1067,113,85,380.8,32.5,8
1068,113,85,380.0,33.1,9
1069,113,85,380.4,32.0,6
1070,113,85,379.5,32.7,9
1071,113,85,379.1,32.2,8
1072,113,85,378.6,32.3,8
1073,113,85,378.1,32.4,8
1074,113,85,379.3,30.3,4
1075,113,85,377.9,31.7,10
1076,113,85,377.3,31.8,8
1077,113,85,377.2,31.4,7
1078,113,85,377.4,30.5,6
1079,113,85,376.4,31.3,9
1080,113,85,375.7,31.4,8
1081,113,85,375.9,30.5,6
1082,113,85,375.7,30.3,7
1083,113,85,375.0,30.5,8
1084,113,85,374.7,30.2,7
1085,113,85,374.8,28.9,6
1086,113,85,375.3,27.7,5
1087,113,84,374.5,28.6,8
1088,114,84,374.9,28.5,7
1089,114,84,374.6,28.5,7
1090,114,84,373.9,29.0,8
1091,114,84,373.6,28.9,7
1092,114,84,373.7,28.2,6
1093,114,84,373.4,28.2,7
1094,114,84,371.3,30.3,11
1095,114,84,371.8,29.0,5
1096,114,84,371.1,29.4,8
1097,114,83,370.7,29.6,7
1098,115,83,372.0,28.3,5
1099,115,83,372.6,27.3,5
1100,115,83,371.0,29.0,10
1101,115,82,371.1,28.7,6
1102,116,82,373.3,26.5,3
1103,116,82,370.1,30.0,14
1104,116,82,370.3,29.3,6
1105,116,82,370.9,28.1,5
1106,116,82,371.1,27.6,6
1107,116,82,369.6,29.3,10
1108,116,82,368.9,29.7,8
1109,116,82,369.4,28.5,5
1110,116,82,369.5,27.9,6
1111,116,82,368.7,28.0,8
1112,116,82,369.6,26.4,4
1113,116,82,368.4,27.6,9
1114,116,82,368.4,27.2,6
1115,116,82,368.0,27.3,7
1116,116,82,368.4,26.3,5
1117,116,81,368.3,26.3,6
1118,116,81,365.9,28.7,11
1119,116,79,367.1,27.2,3
1120,118,77,368.0,28.7,8
1121,120,77,368.1,30.6,10
1122,120,77,368.2,30.5,7
1123,120,77,369.5,28.7,4
1124,120,77,367.0,31.8,13
1125,120,77,367.5,31.0,6
1126,120,77,367.1,31.5,8
1127,120,77,365.8,33.0,10
1128,120,76,365.8,33.1,7
1129,121,76,365.8,34.0,9
1130,121,76,366.3,33.0,6
1131,121,76,367.6,30.9,4
1132,121,76,365.2,33.8,13
1133,121,76,366.4,31.6,4
1134,121,76,366.5,31.5,7
1135,121,76,364.8,33.6,11
1136,121,76,363.6,34.4,10
1137,121,76,364.8,32.2,4
1138,121,76,363.9,33.1,9
1139,121,76,363.9,32.8,7
1140,121,76,363.8,32.5,7
1141,121,76,363.3,32.8,8
1142,121,75,362.4,34.1,9
1143,122,75,363.1,33.6,7
1144,122,75,361.1,36.2,12
1145,122,75,361.5,35.0,6
1146,122,75,362.7,32.7,4
1147,122,75,362.3,32.4,8
1148,122,75,361.4,33.3,9
1149,122,75,361.7,32.4,6
1150,122,74,359.6,35.6,12
1151,123,74,360.7,34.4,6
1152,123,74,360.0,35.2,9
1153,123,74,358.8,36.4,10
1154,123,74,358.8,35.7,7
1155,123,74,359.3,34.5,6
1156,123,73,358.0,35.8,10
1157,124,73,359.5,34.0,5
1158,124,72,359.1,34.7,8
1159,125,72,358.0,36.8,12
1160,125,72,358.2,36.2,7
1161,125,72,358.8,35.0,6
1162,125,72,358.5,35.2,8
1163,125,72,357.9,36.0,9
1164,125,72,358.4,34.8,6
1165,125,72,356.5,36.8,12
1166,125,72,357.0,35.6,6
1167,125,72,357.4,34.4,6
1168,125,72,356.3,35.9,10
1169,125,72,354.8,37.8,11
1170,125,72,355.2,36.4,6
1171,125,72,354.8,35.8,8
1172,125,72,355.2,34.6,6
1173,125,72,354.0,36.0,10
1174,125,71,352.8,37.8,10
1175,126,71,352.9,38.3,9
1176,126,71,353.5,36.9,6
1177,126,70,353.1,36.7,8
1178,127,70,353.7,36.8,8
1179,127,70,353.5,36.8,8
1180,127,70,353.6,36.2,7
1181,127,70,352.6,37.6,10
1182,127,70,352.0,38.2,9
1183,127,70,351.3,38.7,9
1184,127,70,351.1,38.5,8
1185,127,70,351.5,37.0,6
1186,127,70,350.9,37.7,9
1187,127,70,349.4,39.5,11
1188,127,70,348.7,39.8,9
1189,127,70,349.5,36.9,5
1190,127,70,349.5,36.3,7
1191,127,70,348.8,36.9,9
1192,127,70,348.8,35.7,7
1193,127,70,347.2,37.7,11
1194,127,70,347.6,36.3,6
1195,127,70,347.1,36.3,8
1196,127,70,346.3,36.4,9
1197,127,70,346.2,35.8,7
1198,127,70,346.2,35.2,7
1199,127,70,345.7,35.4,8
1200,127,70,345.6,34.9,7
1201,127,70,344.7,35.7,9
1202,127,70,343.4,37.0,10
1203,127,70,343.6,35.7,6
1204,127,69,344.6,33.7,4
1205,128,69,344.3,35.4,10
1206,128,69,342.7,37.5,11
1207,128,69,342.3,37.4,8
1208,128,69,341.4,37.9,9
1209,128,69,342.5,35.3,4
1210,128,69,342.0,35.4,8
1211,128,69,341.5,35.6,8
1212,128,69,341.4,35.1,7
1213,128,69,340.5,35.9,9
1214,128,69,339.9,35.3,8
1215,128,69,341.7,31.7,2
1216,128,69,339.9,34.1,11
1217,128,68,338.5,36.2,10
1218,129,68,339.6,35.0,6
1219,129,68,339.6,34.6,7
1220,129,68,339.0,34.9,8
1221,129,68,337.8,35.8,10
1222,129,67,337.3,35.8,8
1223,130,67,337.8,36.0,8
1224,130,67,336.6,37.5,10
1225,130,67,338.1,34.2,3
1226,130,66,338.1,34.5,7
1227,131,66,336.7,38.2,13
1228,131,66,336.8,37.5,7
1229,131,66,336.8,36.2,7
1230,131,66,336.8,35.1,7
1231,131,66,335.3,37.4,11
1232,131,66,336.4,34.8,4
1233,131,66,335.3,36.5,10
1234,131,66,335.2,36.0,7
1235,131,66,334.4,36.9,9
1236,131,66,335.1,35.0,5
1237,131,66,335.0,34.7,7
1238,131,66,334.8,34.4,7
1239,131,66,334.3,34.7,8
1240,131,66,331.9,38.4,13
1241,131,66,331.8,37.6,7
1242,131,66,331.6,36.9,7
1243,131,66,333.0,33.7,3
1244,131,66,330.9,36.1,12
1245,131,66,330.7,35.6,7
1246,131,66,331.6,33.2,4
1247,131,65,331.3,33.5,7
1248,132,65,331.0,35.4,10
1249,132,65,330.9,35.1,7
1250,132,65,330.4,35.4,8
1251,132,65,329.5,36.4,9
1252,132,65,330.1,34.5,5
1253,132,65,329.9,33.6,7
1254,132,64,328.2,36.7,11
1255,133,64,329.8,34.8,5
1256,133,64,328.9,35.3,9
1257,133,64,328.4,35.6,8
1258,133,64,328.7,34.6,6
1259,133,64,329.3,33.0,5
1260,133,64,327.3,36.4,12
1261,133,64,327.1,35.9,7
1262,133,64,327.7,34.1,5
1263,133,64,327.1,34.6,8
1264,133,64,326.1,35.7,9
1265,133,64,325.2,36.0,9
1266,133,64,325.3,34.9,6
1267,133,64,325.8,33.2,5
1268,133,64,325.2,33.8,8
1269,133,64,323.8,35.0,10
1270,133,64,324.6,32.6,4
1271,133,64,324.7,31.9,6
1272,133,64,322.5,35.4,12
1273,133,64,323.3,33.0,4
1274,133,64,323.4,32.2,6
1275,133,64,321.5,34.9,11
1276,133,64,321.2,34.6,7
1277,133,64,321.2,33.6,6
1278,133,64,320.5,34.1,8
1279,133,63,320.5,33.7,6
1280,134,63,320.4,35.0,9
1281,134,63,320.9,33.3,5
1282,134,63,321.3,31.8,5
1283,134,63,320.3,32.6,9
1284,134,63,321.0,30.5,4
1285,134,63,320.7,30.1,7
1286,134,63,320.3,30.4,7
1287,134,63,317.8,34.8,13
1288,134,63,319.6,30.4,1
1289,134,63,318.5,32.0,9
1290,134,63,318.5,31.4,6
1291,134,63,318.1,31.5,7
1292,134,62,318.7,30.0,4
1293,135,62,319.5,30.4,7
1294,135,62,318.8,31.4,8
1295,135,62,319.2,30.2,5
1296,135,62,318.8,30.6,7
1297,135,62,317.7,32.3,9
1298,135,62,317.7,30.9,6
1299,135,62,317.7,30.5,6
1300,135,61,317.3,31.3,7
1301,136,61,319.1,29.4,4
1302,136,61,318.0,31.3,9
1303,136,61,317.7,31.6,7
1304,136,61,316.7,33.2,9
1305,136,61,317.8,30.4,3
1306,136,60,317.8,30.5,6
1307,137,60,317.8,32.4,9
1308,137,60,316.5,34.7,10
1309,137,60,317.7,31.7,3
1310,137,60,317.0,32.7,8
1311,137,60,317.4,31.4,5
1312,137,60,316.4,33.1,9
1313,137,60,315.0,35.4,10
1314,137,60,316.5,31.5,2
1315,137,60,315.5,32.5,9
1316,137,60,315.1,32.6,7
1317,137,60,315.1,32.0,6
1318,137,59,314.4,32.8,8
1319,138,59,315.3,31.5,6
1320,138,59,315.0,31.8,7
1321,138,59,315.8,29.1,4
1322,138,59,316.2,28.3,5
1323,138,59,314.8,31.3,10
1324,138,59,315.2,30.1,5
1325,138,59,314.8,30.6,7
1326,138,59,314.1,31.8,8
1327,138,59,315.2,29.1,3
1328,138,59,313.3,32.0,11
1329,138,59,313.6,30.7,5
1330,138,59,313.9,29.7,5
1331,138,59,312.8,31.7,9
1332,138,59,312.4,31.9,7
1333,138,59,313.3,29.2,3
1334,138,58,312.9,30.3,7
1335,139,58,312.8,32.4,9
1336,139,58,313.2,31.1,5
1337,139,57,312.8,32.1,7
1338,140,57,314.4,30.2,4
1339,140,57,313.8,31.5,8
1340,140,57,313.2,32.0,8
1341,140,57,313.3,31.6,6
1342,140,57,313.3,31.3,6
1343,140,57,313.3,30.2,6
1344,140,57,313.4,30.0,6
1345,140,57,313.4,29.1,6
1346,140,57,313.0,29.9,7
1347,140,57,313.0,29.7,6
1348,140,57,312.9,29.6,6
1349,140,56,312.2,31.6,8
1350,141,54,312.9,33.3,7
1351,143,54,314.5,34.5,8
1352,143,54,315.5,32.4,4
1353,143,54,315.7,32.2,6
1354,143,54,315.6,32.8,7
1355,143,54,315.5,33.3,7
1356,143,53,315.7,33.5,6
1357,144,53,315.2,37.3,11
1358,144,53,315.6,36.5,6
1359,144,53,316.9,33.3,3
1360,144,53,316.8,33.8,7
1361,144,52,316.3,35.8,8
1362,145,52,317.6,34.4,6
1363,145,52,316.0,38.2,12
1364,145,52,316.6,35.6,5
1365,145,52,317.0,35.1,6
1366,145,52,316.3,37.1,9
1367,145,52,316.2,37.2,7
1368,145,52,316.2,35.6,7
1369,145,52,316.2,35.9,7
1370,145,52,316.1,36.1,7
1371,145,52,316.0,36.3,7
1372,145,52,315.9,36.5,7
1373,145,52,316.2,35.8,6
1374,145,52,316.0,36.0,7
1375,145,52,317.2,32.9,3
1376,145,52,317.1,33.5,7
1377,145,52,316.5,34.9,8
1378,145,52,315.3,37.7,10
1379,145,52,315.8,36.0,5
1380,145,52,316.9,32.9,3
1381,145,52,317.0,31.8,6
1382,145,52,316.1,33.4,9
1383,145,51,316.1,32.9,6
1384,146,51,316.8,32.8,7
1385,146,51,316.3,34.3,8
1386,146,51,317.4,31.4,3
1387,146,51,317.6,31.5,6
1388,146,51,317.0,33.2,8
1389,146,51,317.8,31.3,4
1390,146,51,317.5,32.2,7
1391,146,51,316.9,33.8,8
1392,146,51,317.3,31.8,5
1393,146,51,317.4,31.8,6
1394,146,51,317.4,31.8,6
1395,146,51,317.8,30.9,5
1396,146,50,318.1,30.8,5
1397,147,50,319.7,29.3,4
1398,147,50,319.1,31.4,8
1399,147,50,317.8,34.1,10
1400,147,50,318.6,32.1,4
1401,147,49,319.3,31.0,4
1402,148,49,319.2,33.0,9
1403,148,49,319.7,32.1,5
1404,148,48,320.1,32.0,5
1405,149,48,320.5,34.0,8
1406,149,48,320.7,33.9,6
1407,149,48,321.2,33.0,5
1408,149,48,320.7,34.8,8
1409,149,48,320.8,34.6,6
1410,149,48,321.0,34.5,6
1411,149,48,320.8,35.2,7
1412,149,48,320.5,35.0,7
1413,149,48,321.3,32.9,4
1414,149,48,322.3,30.3,3
1415,149,48,321.7,32.5,8
1416,149,48,320.7,34.4,9
1417,149,48,321.1,32.5,5
1418,149,47,322.1,30.5,3
1419,150,47,322.4,32.8,8
1420,150,47,321.5,34.8,9
1421,150,46,322.9,31.7,2
1422,151,46,322.9,34.9,9
1423,151,46,322.4,36.8,8
1424,151,46,322.9,35.5,5
1425,151,46,323.7,33.6,4
1426,151,46,322.5,36.5,10
1427,151,45,322.3,38.0,7
1428,152,43,323.9,37.4,4
1429,154,43,325.5,38.4,8
1430,154,43,324.9,41.2,9
1431,154,42,325.3,41.6,6
1432,155,42,325.4,45.2,10
1433,155,42,325.5,45.2,7
1434,155,42,326.9,41.1,3
1435,155,42,327.0,40.7,7
1436,155,42,325.5,45.4,12
1437,155,42,325.9,44.3,6
1438,155,42,325.0,47.5,10
1439,155,42,325.1,46.1,7
1440,155,42,325.8,43.9,5
1441,155,42,326.5,40.0,5
1442,155,42,326.8,39.7,6
1443,155,42,325.2,45.5,12
1444,155,42,325.2,45.4,7
1445,155,41,324.5,48.5,9
1446,156,40,326.6,45.1,3
1447,157,40,327.2,46.5,8
1448,157,40,326.0,49.8,11
1449,157,40,326.2,49.4,7
1450,157,40,326.3,48.0,7
1451,157,40,326.1,48.9,8
1452,157,40,326.2,48.6,7
1453,157,40,326.3,48.4,7
1454,157,40,326.6,47.1,6
1455,157,40,326.3,48.1,8
1456,157,40,325.7,49.0,9
1457,157,40,325.7,47.6,7
1458,157,40,325.1,49.6,9
1459,157,40,324.5,51.3,9
1460,157,40,324.5,49.6,7
1461,157,40,324.1,50.2,8
1462,157,40,323.8,50.8,8
1463,157,39,324.4,48.2,5
1464,158,39,325.3,48.1,7
1465,158,39,325.0,49.2,8
1466,158,39,324.6,50.1,8
1467,158,39,323.7,53.0,10
1468,158,39,323.3,53.3,8
1469,158,39,324.2,49.2,4
1470,158,39,324.2,47.9,7
1471,158,39,323.1,51.1,10
1472,158,39,323.4,48.4,6
1473,158,39,323.5,47.2,6
1474,158,39,323.4,47.2,7
1475,158,39,322.9,48.3,8
1476,158,39,322.8,48.2,7
1477,158,39,322.6,48.1,7
1478,158,39,322.7,46.9,6
1479,158,39,321.6,49.1,10
1480,158,39,320.2,53.2,11
1481,158,39,320.3,50.1,6
1482,158,39,320.1,49.7,7
1483,158,39,319.5,50.4,8
1484,158,39,320.5,45.5,3
1485,158,39,319.6,47.9,9
1486,158,39,318.7,50.0,9
1487,158,39,318.4,49.5,7
1488,158,39,318.8,47.0,5
1489,158,39,318.7,44.8,6
1490,158,39,319.3,40.7,4
1491,158,39,318.3,43.8,9
1492,158,39,317.6,45.3,8
1493,158,39,318.2,42.3,4
1494,158,39,318.7,39.7,4
1495,158,39,317.6,42.9,9
1496,158,39,316.5,45.6,9
1497,158,39,317.0,42.5,4
1498,158,39,316.2,43.1,8
1499,158,39,316.1,42.5,6
1500,158,39,315.2,44.2,8
1501,158,39,314.7,44.5,7
1502,158,39,315.2,41.6,4
1503,158,39,314.9,39.0,6
1504,158,39,314.3,40.1,7
1505,158,39,314.4,38.9,5
1506,158,38,313.8,39.9,7
1507,159,38,314.2,41.1,7
1508,159,38,313.7,42.0,7
1509,159,38,313.9,40.6,5
1510,159,38,313.0,40.5,8
1511,159,38,312.8,40.5,6
1512,159,38,313.2,37.0,4
1513,159,38,312.6,38.6,7
1514,159,38,313.0,36.6,4
1515,159,38,312.1,38.2,8
1516,159,38,312.1,37.3,5
1517,159,38,310.9,39.9,9
1518,159,37,311.2,38.7,4
1519,160,37,312.2,37.9,5
1520,160,37,311.6,38.4,7
1521,160,37,312.0,36.5,4
1522,160,37,311.4,38.3,7
1523,160,37,311.1,38.7,6
1524,160,37,310.8,39.0,6
1525,160,37,311.7,34.7,2
1526,160,37,311.0,36.7,7
1527,160,37,309.8,40.8,9
1528,160,37,308.5,44.2,9
1529,160,37,308.2,42.5,6
1530,160,37,307.6,43.4,7
1531,160,37,307.8,40.6,4
1532,160,36,308.7,35.9,2
1533,161,36,309.2,36.8,6
1534,161,36,308.6,37.5,7
1535,161,35,308.0,40.5,7
1536,162,35,309.1,39.7,5
1537,162,35,308.5,41.4,7
1538,162,35,308.9,39.2,4
1539,162,35,308.9,38.5,5
1540,162,35,307.4,42.8,10
1541,162,35,306.8,44.0,7
1542,162,35,307.1,39.0,4
1543,162,35,306.5,39.6,7
1544,162,35,306.2,40.1,6
1545,162,35,305.9,40.5,6
1546,162,35,306.2,38.4,4
1547,162,35,306.7,35.4,3
1548,162,35,304.8,41.3,11
1549,162,35,304.2,41.5,7
1550,162,35,304.7,38.1,3
1551,162,35,304.6,36.3,5
1552,162,35,304.5,36.1,5
1553,162,35,302.9,41.9,10
1554,162,35,302.8,40.7,5
1555,162,35,301.4,43.4,9
1556,162,34,301.9,40.8,3
1557,163,34,303.0,38.7,4
1558,163,34,303.0,38.3,5
1559,163,34,301.4,44.1,10
1560,163,34,300.8,44.0,7
1561,163,34,301.1,41.4,4
1562,163,34,301.3,39.3,4
1563,163,34,300.3,41.1,8
1564,163,34,300.2,39.0,5
1565,163,34,299.8,39.7,6
1566,163,34,299.7,39.0,5
1567,163,34,299.0,38.5,7
1568,163,34,299.7,34.2,2
1569,163,34,299.3,35.7,6
1570,163,34,298.5,38.1,7
1571,163,34,297.4,41.4,8
1572,163,34,296.4,44.1,8
1573,163,34,296.8,40.2,3
1574,163,34,297.5,35.7,2
1575,163,34,296.4,39.4,8
1576,163,34,295.0,43.6,9
1577,163,34,295.7,38.6,2
1578,163,34,295.4,36.8,5
1579,163,34,296.1,32.8,2
1580,163,34,296.1,31.9,4
1581,163,34,294.3,37.4,10
1582,163,34,293.4,38.2,7
1583,163,34,293.5,36.5,4
1584,163,34,292.9,37.5,6
1585,163,34,292.6,37.1,5
1586,163,34,292.6,35.5,4
1587,163,34,291.7,37.8,7
1588,163,34,291.4,37.4,5
1589,163,34,291.6,34.5,3
1590,163,34,290.7,35.8,7
1591,163,34,290.6,34.4,4
1592,163,34,290.9,31.9,3
1593,163,34,289.6,36.1,8
1594,163,34,289.5,34.6,4
1595,163,34,289.1,33.4,5
1596,163,34,289.0,32.3,4
1597,163,34,288.6,32.7,5
1598,163,33,289.1,30.2,2
1599,164,33,289.3,32.3,6
1600,164,33,287.5,38.0,10
1601,164,33,287.2,37.6,5
1602,164,33,287.1,36.0,4
1603,164,33,287.7,32.1,2
1604,164,33,287.6,31.4,4
1605,164,32,286.6,35.7,7
1606,165,31,287.1,37.0,5
1607,166,31,287.4,39.9,7
1608,166,31,287.5,36.9,4
1609,166,31,287.5,35.7,4
1610,166,31,286.4,40.1,8
1611,166,31,286.5,37.1,4
1612,166,31,286.0,38.6,6
1613,166,31,286.0,37.1,4
1614,166,31,284.9,39.9,8
1615,166,31,284.6,38.2,5
1616,166,30,284.7,38.0,4
1617,167,30,285.2,39.6,6
1618,167,30,284.4,40.9,7
1619,167,29,283.7,44.9,7
1620,168,29,284.8,39.9,4
1621,168,29,285.3,37.1,3
1622,168,29,284.0,43.4,9
1623,168,29,283.3,45.8,7
1624,168,29,283.8,40.6,3
1625,168,29,283.7,40.6,5
1626,168,29,283.2,42.0,6
1627,168,29,282.8,41.7,6
1628,168,29,282.3,42.9,6
1629,168,29,281.3,46.8,8
1630,168,29,280.8,47.2,6
1631,168,29,281.0,44.6,4
1632,168,29,280.8,41.0,5
1633,168,29,280.6,40.9,5
1634,168,29,279.9,43.6,7
1635,168,29,279.4,43.1,6
1636,168,29,279.1,42.6,5
1637,168,29,279.2,40.7,4
1638,168,29,278.1,43.5,8
1639,168,29,277.9,42.9,5
1640,168,29,277.9,41.0,4
1641,168,29,277.7,40.8,5
1642,168,29,277.1,42.1,6
1643,168,29,277.2,38.8,4
1644,168,29,275.4,44.8,10
1645,168,29,276.0,39.6,2
1646,168,29,275.2,42.5,7
1647,168,29,274.3,43.5,7
1648,168,29,274.0,41.4,5
1649,168,29,274.0,39.7,4
1650,168,29,272.9,42.6,8
1651,168,29,273.5,37.8,2
1652,168,29,273.4,36.6,4
1653,168,29,272.5,40.0,7
1654,168,29,272.2,38.5,5
1655,168,29,272.7,34.3,2
1656,168,29,272.1,36.6,6
1657,168,29,272.0,34.2,4
1658,168,29,271.6,32.2,5
1659,168,29,269.8,39.1,10
1660,168,28,270.0,37.6,3
1661,169,28,271.1,36.7,4
1662,169,28,270.5,38.8,6
1663,169,28,270.8,36.2,3
1664,169,28,269.6,41.4,8
1665,169,28,269.0,42.8,6
1666,169,28,269.6,38.0,2
1667,169,28,269.3,38.4,5
1668,169,28,268.6,40.3,6
1669,169,28,267.7,43.3,7
1670,169,28,267.7,41.4,4
1671,169,28,267.0,42.7,6
1672,169,28,266.7,42.4,5
1673,169,28,266.3,40.6,5
1674,169,28,266.5,36.1,3
1675,169,28,266.4,33.9,4
1676,169,28,265.7,36.4,6
1677,169,28,265.0,38.6,6
1678,169,28,265.2,35.9,3
1679,169,28,264.8,36.7,5
1680,169,28,264.7,35.8,4
1681,169,27,264.8,34.8,3
1682,170,27,264.7,39.1,8
1683,170,26,264.4,41.1,5
1684,171,26,265.5,38.3,4
1685,171,26,264.7,42.4,7
1686,171,26,264.4,42.6,5
1687,171,26,264.2,42.7,5
1688,171,26,263.3,46.1,7
1689,171,26,262.8,45.6,6
1690,171,26,263.1,40.4,3
1691,171,26,262.8,39.3,5
1692,171,26,261.6,44.8,8
1693,171,26,261.6,43.0,4
1694,171,26,262.5,36.6,1
1695,171,26,261.9,39.3,6
1696,171,26,261.5,36.8,5
1697,171,26,260.6,41.1,7
1698,171,26,260.6,38.2,4
1699,171,26,259.9,40.7,6
1700,171,26,259.9,39.5,4
1701,171,26,259.8,38.5,4
1702,171,26,258.3,45.6,9
1703,171,26,258.2,40.4,4
1704,171,26,258.4,36.1,3
1705,171,26,257.8,38.8,6
1706,171,26,257.9,36.3,3
1707,171,26,257.3,39.0,6
1708,171,26,257.2,38.1,4
1709,171,26,256.2,42.1,7
1710,171,26,256.6,37.4,2
1711,171,26,255.9,38.3,6
1712,171,26,255.5,35.9,5
1713,171,26,255.6,33.9,3
1714,171,24,256.3,31.5,1
1715,173,24,257.4,37.5,8
1716,173,24,257.8,35.6,3
1717,173,24,257.2,37.4,6
1718,173,24,255.8,44.2,9
1719,173,24,255.5,44.5,5
1720,173,24,256.1,39.7,2
1721,173,24,255.2,40.8,7
1722,173,24,255.5,38.3,3
1723,173,24,256.3,32.8,1
1724,173,24,255.7,36.8,6
1725,173,23,254.5,43.7,8
1726,174,23,255.0,46.3,6
1727,174,23,254.2,48.4,7
1728,174,23,253.7,48.4,6
1729,174,23,254.0,43.0,3
1730,174,23,252.9,49.3,8
1731,174,23,253.8,41.9,1
1732,174,23,253.5,41.2,5
1733,174,23,252.4,46.0,8
1734,174,23,252.4,44.5,4
1735,174,23,252.7,41.5,3
1736,174,23,251.3,49.8,9
1737,174,23,251.5,45.9,3
1738,174,23,251.8,40.9,3
1739,174,22,250.9,47.8,7
1740,175,22,252.4,44.4,3
1741,175,22,252.4,43.5,4
1742,175,22,250.8,54.1,10
1743,175,22,250.5,53.4,5
1744,175,22,250.9,47.2,3
1745,175,22,250.6,47.7,5
1746,175,22,250.6,44.3,4
1747,175,22,249.5,50.9,8
1748,175,22,248.7,50.7,7
1749,175,22,249.3,45.0,2
1750,175,22,249.6,42.1,3
1751,175,22,248.7,45.3,7
1752,175,22,248.4,46.1,5
1753,175,22,248.4,39.2,4
1754,175,22,248.9,35.4,2
1755,175,22,248.3,39.8,6
1756,175,22,248.2,37.8,4
1757,175,22,247.3,43.6,7
1758,175,22,246.4,48.4,7
1759,175,22,246.6,44.8,3
1760,175,22,246.0,45.7,6
1761,175,22,245.3,48.2,6
1762,175,22,246.1,40.9,1
1763,175,22,245.5,40.5,6
1764,175,22,244.8,44.0,6
1765,175,22,245.3,39.3,2
1766,175,22,244.0,44.8,8
1767,175,22,243.4,47.4,6
1768,175,22,243.8,42.1,2
1769,175,22,244.0,39.6,3
1770,175,22,243.3,41.3,6
1771,175,22,243.1,40.8,4
1772,175,22,242.4,44.2,6
1773,175,22,242.3,43.2,4
1774,175,22,241.6,42.3,6
1775,175,22,241.7,39.8,3
1776,175,21,241.3,41.4,5
1777,176,21,242.6,39.3,3
1778,176,21,241.6,45.3,7
1779,176,21,242.1,40.5,2
1780,176,21,241.7,40.5,5
1781,176,21,241.1,42.4,6
1782,176,21,241.5,38.1,2
1783,176,21,241.4,38.5,4
1784,176,21,240.4,44.7,7
1785,176,21,240.8,39.9,2
1786,176,21,240.7,40.0,4
1787,176,21,240.5,40.0,4
1788,176,21,240.4,40.0,4
1789,176,21,239.9,42.0,5
1790,176,21,239.8,41.6,4
1791,176,21,239.3,43.3,5
1792,176,21,238.5,44.6,6
1793,176,21,238.3,41.8,4
1794,176,21,237.9,39.5,5
1795,176,21,237.7,39.6,4
1796,176,21,236.9,39.6,6
1797,176,21,236.7,37.7,4
1798,176,21,237.0,34.2,2
1799,176,21,236.5,35.2,5
1800,176,21,236.9,32.1,2
1801,176,21,236.3,35.4,5
1802,176,21,236.1,36.2,4
1803,176,21,235.5,38.8,5
1804,176,21,235.9,33.1,2
1805,176,21,235.3,34.3,5
1806,176,20,235.3,34.9,3
1807,177,20,235.6,42.3,7
1808,177,20,235.7,40.1,3
1809,177,20,235.5,38.4,4
1810,177,20,235.2,39.0,4
1811,177,20,235.9,33.3,1
1812,177,19,235.1,41.0,6
1813,178,19,236.2,41.5,4
1814,178,19,236.3,39.8,3
1815,178,19,236.4,38.4,3
1816,178,19,235.4,41.5,7
1817,178,19,234.7,46.2,6
1818,178,19,235.1,41.5,2
1819,178,19,234.6,41.9,5
1820,178,19,234.4,40.1,4
1821,178,19,233.4,45.0,7
1822,178,19,233.5,42.6,3
1823,178,19,233.6,40.7,3
1824,178,18,232.6,48.0,7
1825,179,18,233.5,45.4,4
1826,179,18,234.0,41.0,2
1827,179,18,234.4,37.4,2
1828,179,18,233.2,43.5,8
1829,179,18,233.0,44.0,4
1830,179,18,233.4,39.8,2
1831,179,18,233.0,41.0,5
1832,179,18,232.8,37.3,4
1833,179,18,233.2,34.4,2
1834,179,18,232.7,38.8,5
1835,179,18,232.5,37.8,4
1836,179,18,232.6,34.7,3
1837,179,18,232.4,36.8,4
1838,179,18,231.7,43.0,6
1839,179,18,231.5,43.5,4
1840,179,18,231.5,41.6,3
1841,179,18,230.4,44.6,7
1842,179,18,229.7,49.3,6
1843,179,18,229.7,44.1,3
1844,179,18,229.8,42.1,3
1845,179,18,229.3,45.0,5
1846,179,18,228.7,45.1,5
1847,179,18,228.5,42.9,4
1848,179,18,229.1,36.6,1
1849,179,18,227.7,47.3,8
1850,179,18,227.8,42.4,3
1851,179,18,227.5,43.0,4
1852,179,18,227.8,38.9,2
1853,179,18,227.2,42.3,5
1854,179,18,226.4,40.6,6
1855,179,18,226.9,34.7,1
1856,179,18,227.2,32.1,2
1857,179,18,226.3,39.1,6
1858,179,18,226.3,37.9,3
1859,179,18,225.2,46.1,7
1860,179,18,225.2,43.6,3
1861,179,18,225.1,41.6,3
1862,179,18,225.4,37.7,2
1863,179,18,224.5,39.1,6
1864,179,18,223.4,44.7,7
1865,179,17,223.6,40.2,2
1866,180,17,224.7,41.6,4
1867,180,16,224.7,42.9,3
1868,181,16,226.3,39.3,2
1869,181,16,225.6,46.6,6
1870,181,16,225.1,49.9,5
1871,181,16,225.5,42.5,2
1872,181,15,225.1,47.0,5
1873,182,15,226.2,45.6,4
1874,182,15,225.3,50.0,7
1875,182,15,225.8,45.4,2
1876,182,15,225.9,41.6,3
1877,182,15,225.0,46.7,7
1878,182,15,223.8,56.2,8
1879,182,15,223.7,55.8,4
1880,182,15,223.8,52.8,3
1881,182,15,224.5,44.9,1
1882,182,15,223.6,54.7,7
1883,182,15,223.7,49.2,3
1884,182,15,223.6,50.1,4
1885,182,15,222.6,53.5,7
1886,182,15,222.4,53.6,4
1887,182,15,222.8,48.2,2
1888,182,15,223.2,43.9,2
1889,182,15,221.9,53.9,8
1890,182,15,222.0,51.1,3
1891,182,15,222.1,46.2,3
1892,182,15,221.1,55.7,7
1893,182,15,220.9,52.6,4
1894,182,15,221.3,47.4,2
1895,182,15,221.3,45.9,3
1896,182,15,221.1,44.6,4
1897,182,15,220.6,49.0,5
1898,182,15,220.1,49.9,5
1899,182,15,219.7,50.5,5
1900,182,15,219.2,51.1,5
1901,182,15,218.4,51.5,6
1902,182,15,218.2,51.9,4
1903,182,15,218.0,52.1,4
1904,182,15,218.6,41.5,1
1905,182,15,218.0,43.8,5
1906,182,15,218.1,42.9,3
1907,182,15,217.8,44.8,4
1908,182,15,218.1,38.3,2
1909,182,15,218.1,38.4,3
1910,182,15,217.3,46.6,6
1911,182,15,216.4,53.2,6
1912,182,15,216.7,45.1,2
1913,182,15,216.4,43.9,4
1914,182,15,216.7,37.5,2
1915,182,15,215.9,45.9,6
1916,182,15,215.3,47.2,5
1917,182,15,215.3,45.6,3
1918,182,15,215.5,38.9,2
1919,182,15,214.9,41.5,5
1920,182,15,214.6,43.7,4
1921,182,15,214.5,42.7,3
1922,182,15,214.5,39.2,3
1923,182,15,214.4,39.1,3
1924,182,15,214.1,41.7,4
1925,182,15,213.8,43.8,4
1926,182,15,213.2,48.1,5
1927,182,14,212.5,52.5,5
1928,183,14,214.2,44.6,1
1929,183,14,214.0,44.0,4
1930,183,14,213.7,46.4,4
1931,183,14,213.7,42.5,3
1932,183,14,213.9,36.5,2
1933,183,14,213.1,43.2,6
1934,183,14,213.6,34.2,1
1935,183,14,213.8,32.7,2
1936,183,14,213.0,43.0,6
1937,183,14,212.7,45.5,4
1938,183,14,212.3,44.7,4
1939,183,13,212.6,41.2,2
1940,184,13,213.2,45.0,6
1941,184,13,213.4,38.7,2
1942,184,13,213.8,33.6,3
1943,184,13,213.0,38.8,6
1944,184,13,213.1,36.8,2
1945,184,13,213.0,38.3,4
1946,184,13,212.5,42.6,4
1947,184,13,212.9,36.7,2
1948,184,13,213.2,32.0,2
1949,184,13,213.1,28.2,5
1950,184,13,212.8,31.3,3
1951,184,13,212.7,30.8,3
1952,184,13,212.9,24.1,2
1953,184,13,212.9,24.9,2
1954,184,13,212.6,25.6,4
1955,184,12,212.6,28.3,2
1956,185,12,213.0,35.6,6
1957,185,12,212.8,34.6,4
1958,185,12,212.5,33.9,5
1959,185,12,212.7,30.0,2
1960,185,12,212.5,30.1,3
1961,185,12,212.2,30.3,4
1962,185,12,212.3,30.4,2
1963,185,12,212.1,33.8,3
1964,185,12,211.9,36.5,3
1965,185,12,212.3,32.1,2
1966,185,12,211.7,35.1,6
1967,185,12,211.4,30.9,4
1968,185,12,211.4,27.5,3
1969,185,12,211.4,24.8,2
1970,185,12,210.9,32.6,4
1971,185,12,211.0,32.2,2
1972,185,12,211.0,31.9,3
1973,185,12,210.8,31.7,3
1974,185,12,211.3,24.7,1
1975,185,12,211.1,22.5,3
1976,185,12,209.7,37.5,8
1977,185,12,210.1,32.8,1
1978,185,12,210.2,29.0,4
1979,185,12,210.3,25.9,3
1980,185,11,209.9,32.9,4
1981,186,11,211.4,29.4,2
1982,186,11,211.1,30.2,3
1983,186,11,211.2,30.8,2
1984,186,11,210.8,35.0,5
1985,186,11,210.5,38.3,4
1986,186,11,210.5,37.3,2
1987,186,11,209.2,51.1,7
1988,186,10,209.5,48.3,1
1989,187,10,210.8,50.1,3
1990,187,10,211.1,43.5,3
1991,187,10,211.4,38.2,2
1992,187,10,211.2,41.9,4
1993,187,10,210.4,44.9,6
1994,187,10,211.0,35.3,0
1995,187,10,211.2,31.6,3
1996,187,10,211.1,28.6,3
1997,187,9,210.8,38.1,5
1998,188,9,211.5,43.2,5
1999,188,8,211.3,43.2,3
2000,189,8,213.3,33.9,1
