tick,old_money,smart_bosses,dumb_bosses,avg_smart_energy,avg_dumb_energy
1,10,20,0,448.78920138481277,102.93886139996648
2,10,20,0,453.7296135682407,107.074783938533
3,10,21,0,481.6650853394853,110.80657055456095
4,10,24,0,540.0726216389586,114.13462538397287
5,10,25,0,561.9217504021324,117.85935215855538
6,10,25,0,564.7490300365431,122.78035420636331
7,10,25,0,566.0734823913193,125.69643525212344
8,10,25,0,570.3966102937408,131.8096002168378
9,10,25,0,573.7154150682597,136.31665201658745
10,10,25,0,575.5309010380043,139.61919676453735
11,10,25,0,576.844571521779,142.9184389677393
12,10,25,0,580.1569283350701,146.21438192873802
13,10,25,0,582.4659727915478,149.90702894677577
14,10,25,0,586.272708203569,154.3959833177955
15,10,25,0,589.5756368801782,159.2565181930025
16,10,25,0,592.8752626281108,164.9121925333343
17,10,25,0,593.6715887502955,167.80998761847403
18,10,25,0,596.467118546358,173.08095436708692
19,10,25,0,597.7598528126244,176.98494748296295
20,10,25,0,599.0512943446246,181.3486547131643
21,10,25,0,599.3414444350927,185.15874265021185
22,10,25,0,600.1313043754704,189.67534855454517
23,10,25,1,601.4203744559078,193.6290336730931
24,10,25,1,601.7081554662647,197.5329984539398
25,10,25,1,601.9956486956112,200.88067203077293
26,10,25,1,600.7828544317283,203.99765140628642
27,10,25,1,602.0712729621093,209.51151380242436
28,10,25,2,602.3584030739601,213.57013729362956
29,10,25,3,603.1452460556989,216.7470169668423
30,10,25,3,603.431302194456,221.52922791235483
31,10,25,3,602.2170722770743,223.82545428477218
32,10,25,3,602.0040565896101,226.21311458963086
33,10,25,3,601.2912539178332,229.59722539010988
34,10,25,3,602.0791640487281,232.99639740412593
35,10,25,3,601.3662862694922,235.9309637834347
36,10,25,3,600.1541213680355,237.92741516340277
37,10,25,4,600.9431686314803,241.68098106639394
38,10,25,5,600.7314268476615,244.20549542551896
39,10,25,5,599.5198968056267,247.82788649281295
40,10,25,5,598.8095782936339,251.37015838987918
41,10,25,5,598.099970100153,255.8471844208782
42,10,25,5,597.3910715148656,259.01454750153687
43,10,25,5,595.6828818281635,261.9989986795226
44,10,25,5,593.9764003311482,264.81876274034204
45,10,25,5,592.2716253156298,267.1333773563684
46,10,25,6,590.5685550751269,271.32850734234955
47,10,25,7,588.8671879048646,275.2650521913344
48,10,25,7,587.6675221017725,278.01333773132035
49,10,25,8,586.9690559644836,281.54301764069044
50,10,25,8,585.7712882933318,283.9706626937094
51,10,25,7,584.5630029640854,287.72893881652755
52,10,25,9,583.3442588258156,293.2716346205286
53,10,25,9,581.615115296273,296.1774274528511
54,10,25,9,579.8761723565658,298.93559360569867
55,10,25,10,578.1275099517864,302.2680069596327
56,10,25,10,576.3692085254531,304.39672365181826
57,10,25,10,574.601349012547,306.6514401648054
58,10,25,10,572.8240128325052,307.2429390595587
59,10,25,10,571.0372818821756,309.206560005014
60,10,25,11,569.2412385287298,311.4218096747258
61,10,25,12,567.4359656025375,313.4999529082536
62,10,25,13,565.6215463900031,314.89382160133687
63,10,25,13,563.7980646263645,315.5517033205981
64,10,25,13,561.9656044884556,317.00906569718114
65,10,25,14,560.1242505874334,317.4622495418462
66,10,25,13,558.2740879614707,319.4182776191265
67,10,25,14,556.4152020684152,321.8638353565169
68,10,25,15,554.5476787784148,322.6980280965925
69,10,25,15,552.6716043665134,322.955082717531
70,10,25,15,550.7870655052131,323.793082464358
71,10,25,16,548.8941492570085,324.4769916504841
72,10,25,16,546.9929430668911,324.30810088951205
73,10,25,16,545.0835347548264,324.91144308896264
74,10,25,16,543.1660125082019,326.2650229302003
75,10,25,16,541.2404648742524,325.8772050068873
76,10,25,16,539.3069807524563,327.6338256389867
77,10,25,16,537.3656493869104,328.64796402030237
78,10,25,16,535.4165603586796,329.09699324707253
79,10,25,16,533.4598035781256,329.75341708986394
80,10,25,15,531.4954692772134,329.88463969619426
81,10,25,18,529.5236480017971,330.67242653390485
82,10,25,17,527.544430603887,330.22154172818455
83,10,25,17,525.5579082338973,330.0927612215
84,10,25,17,523.5641723328771,331.1900688898414
85,10,25,18,521.5633146247241,331.77018235151775
86,10,25,17,519.5554271083822,332.2267258517703
87,10,25,18,517.5406020500265,331.9133493981569
88,10,25,18,515.5189319752312,331.7909565844457
89,10,25,19,513.990509661128,332.6565730238686
90,10,25,18,511.95452812855086,332.0911500868497
91,10,25,19,509.91197227216963,332.6386329257772
92,10,25,17,507.86293562800165,333.29774129838535
93,10,25,18,505.80751195254635,334.00343160426075
94,10,25,18,503.74579521488835,333.58378781532065
95,10,25,20,501.67787958879285,333.72724887129624
96,10,25,19,499.60385944479515,333.5533693038179
97,10,25,19,497.523829342285,334.4165208891064
98,10,25,20,495.43788402158697,335.2240590220421
99,10,25,20,493.346118396037,334.2943774649142
100,10,25,20,491.2486275440577,333.27599211887036
101,10,25,20,489.1455067012315,332.68347936783346
102,10,25,20,487.03685125237376,333.9282329651376
103,10,25,18,484.92275672360665,333.9086383630925
104,10,25,20,482.80331877443433,334.37730980438374
105,10,25,19,480.6786331898208,335.20684132617777
106,10,25,20,478.54879587227117,335.4465788690211
107,10,25,20,476.4139028339173,334.80851691211075
108,10,25,20,474.27405018860884,335.24748991185345
109,10,25,20,472.12933414401044,334.90584246848186
110,10,25,19,469.9798509937064,334.69621051885883
111,10,25,20,467.8256971093132,334.57789982136256
112,10,25,19,465.6669689326011,334.43192674550704
113,10,25,19,463.5037629676262,333.92340715903157
114,10,25,18,461.33617577287276,335.0209783372183
115,10,25,18,459.66430395340797,335.23521823907333
116,10,25,20,457.48708415304884,335.1813166105846
117,10,25,19,455.3057657609435,335.72505866483436
118,10,25,18,453.12044553856043,336.1651953966444
119,10,25,20,450.9312202629914,335.698523139461
120,10,25,20,448.73818671917303,335.8400612492708
121,10,25,20,464.54144169212543,334.7248995504662
122,10,25,18,462.2971619592094,335.2257934914076
123,10,25,19,460.04911232560255,335.5537962391788
124,10,25,20,457.79739191184785,334.9792969885679
125,10,25,19,455.542099816881,335.71412935453344
126,10,25,20,453.28333511015524,336.78038655629763
127,10,25,18,451.0211968237882,337.51951655597765
128,10,25,17,448.7557839447321,336.27001447644
129,10,25,18,446.4871954069675,335.6670478658385
130,10,25,18,444.2155300837222,336.1727609076389
131,10,25,19,441.9408867797156,335.9568131213549
132,10,25,20,439.66336422342994,336.9871718839961
133,10,25,20,437.38306105940836,336.3624422352205
134,10,25,20,435.10007584058195,336.26960222476936
135,10,25,20,432.8145070206252,335.5052416736904
136,10,25,17,430.52645294634186,336.22716915096805
137,10,25,19,428.23601185008164,337.66287782245536
138,10,25,19,425.9432818421882,337.1121861825989
139,10,25,19,441.6483609034797,336.045097545143
140,10,25,21,439.3009468777627,337.7475523407429
141,10,25,20,436.95131959238023,337.624129736527
142,10,25,21,434.59957922955067,337.0551235762139
143,10,25,21,432.24582581776696,336.5414487793873
144,10,25,21,429.89015922422453,335.90053154170215
145,10,25,21,427.53267914728707,336.26128566225907
146,10,25,20,443.1734851089898,335.223227868123
147,10,25,20,440.75975644758216,337.8934399920372
148,10,25,18,438.3443089533101,336.6640095013117
149,10,25,20,436.427244297442,337.50099109670003
150,10,24,20,434.00716394936245,336.9125313253277
151,10,24,20,467.58566369904815,335.9971853572563
152,10,24,20,463.05340466621584,336.1032106611686
153,10,25,20,478.52566263275,336.6326216906629
154,10,25,18,475.9410049766539,335.73448280504897
155,10,25,20,473.35478924603905,336.30222065274916
156,10,25,21,470.76712368840424,336.3830380920356
157,10,24,20,486.1781163048354,338.08884052448514
158,10,24,21,481.5309948421249,337.9946534305452
159,10,24,19,478.8889276633397,337.5676091268159
160,10,24,21,474.2456844796298,337.57890579089786
161,10,25,18,489.6078147604182,336.6609454929428
162,10,24,19,505.4106868254072,336.3046204488993
163,10,24,19,518.6522493711692,336.212004974884
164,10,23,18,511.8402713780445,337.2104774934885
165,10,24,18,527.0403998673097,337.3177455912682
166,10,23,20,542.1798271245631,337.88086101878605
167,10,24,20,555.2581478867799,338.7171568218727
168,10,25,21,588.2816818946931,337.40693004261675
169,10,25,19,603.1824911947017,336.7814631556064
170,10,25,21,600.0208721094525,336.6370619821443
171,10,25,20,596.858002111651,336.4233933483877
172,10,25,20,629.6940119691997,336.1581029111012
173,10,25,21,626.4044720725991,337.4512568440325
174,10,24,19,639.1137858945992,338.0769495424877
175,10,24,21,635.7660890287809,338.2318932746815
176,10,24,21,632.4173937802124,338.19451737777507
177,10,25,21,647.0678375910431,337.2786720402763
178,10,25,21,661.6534774740319,336.8876857791197
179,10,24,20,676.6739594094876,337.0159454966344
180,10,25,21,691.1271345404263,337.71144984902605
181,10,25,20,687.5144556982027,338.6738525720349
182,10,25,20,683.901104464274,337.8976415547423
183,10,25,21,680.2872278067475,337.36743013548386
184,10,25,20,676.6729721932315,336.5559344838702
185,10,25,18,673.0584835809293,337.14832956580716
186,10,25,15,669.443907406821,336.1641536268187
187,10,25,20,665.8293885779324,337.3476672709014
188,10,25,21,662.2150714616921,338.3297960070908
189,10,25,20,658.6010998763797,337.2644981064347
190,10,25,19,654.9876170816623,337.603637613107
191,10,25,20,651.3747657692231,337.560721298695
192,10,25,19,647.7626880534821,337.35024717395004
193,10,25,19,644.1515254624084,336.0676295410305
194,10,24,19,640.541418928427,337.95922920692016
195,10,25,20,655.432508779419,338.31304643429286
196,10,25,20,651.7524147298165,337.69653695527865
197,10,25,20,648.5737116005937,337.48486495698876
198,10,25,21,644.8945610874681,338.07336364388885
199,10,25,18,641.2170821191528,337.82568067266766
200,10,25,21,637.541415175489,337.5102734663765
201,10,25,21,633.8677000712962,336.9617058517936
202,10,25,18,630.196075947821,337.0549529158287
203,10,25,19,626.5266812642857,337.1825359836855
204,10,25,20,622.8596537895402,338.39928468856215
205,10,25,21,619.1951305938159,337.09546787223246
206,10,25,19,615.5332480405821,337.35218833789855
207,10,25,21,611.8741417785069,336.826009362583
208,10,25,19,608.2179467335211,337.1205153794454
209,10,25,19,604.5647971009878,337.88902476495844
210,10,25,20,600.9148263379764,337.6423071829088
211,10,25,20,597.2681671556429,338.15419327382557
212,10,25,21,593.6249515117157,336.20147355608486
213,10,25,20,590.4853106030886,336.37897607906774
214,10,25,18,586.8472348585202,336.1775435486491
215,10,25,18,583.2129931334414,336.15230478956835
216,10,25,20,579.5827143879177,337.28847216028294
217,10,25,19,575.9565267922869,337.4114556312477
218,10,25,21,572.3345577202853,337.13634226370084
219,10,24,21,567.2169337422832,337.68030463901846
220,10,24,19,563.61038061863,336.80764282072727
221,10,25,19,578.0084241211084,337.67665332995733
222,10,25,19,574.3312681028235,338.4979213954886
223,10,25,17,570.6589520318977,337.3254012208528
224,10,25,18,566.9916013116075,337.19277863554487
225,10,25,20,563.8293404905181,337.22128916431467
226,10,25,19,560.1700332563138,336.3923332754747
227,10,25,17,556.5160626901428,335.75736503726887
228,10,25,18,552.8675508290886,337.004102785416
229,10,25,16,549.2246188311042,336.00666236677927
230,10,25,19,545.5873869692938,337.1932699572123
231,10,25,18,541.9559746263085,337.07433736956085
232,10,25,20,538.3305002888552,336.2135876746771
233,10,25,20,534.711081542322,336.2598906719619
234,10,25,17,531.5978350655166,335.12311050374524
235,10,25,20,527.9885266255216,336.9723244911061
236,10,25,18,524.3856221646619,338.2790702684852
237,10,25,19,520.7892357004141,337.50800100677964
238,10,25,19,517.199480323293,336.95409598812154
239,10,25,18,513.6164681921604,337.0893516705179
240,10,25,19,510.04031052965075,336.53973887815107
241,10,25,18,506.47111761771066,336.2280563009585
242,10,25,19,502.9089987932537,336.23275905498144
243,10,25,19,499.3540624439313,337.55210771372344
244,10,25,18,495.8064160040177,337.0498384317495
245,10,25,17,492.76616595041077,337.2927206379302
246,10,25,18,489.2309577987475,335.57715405374927
247,10,25,18,485.7033582520345,336.45247761064314
248,10,25,19,482.1834709799172,335.52145184913894
249,10,25,17,478.67139867925,333.6734510510998
250,10,25,19,475.16724307066653,336.8713091690183
251,10,25,20,490.1711048952646,337.3680702088848
252,10,25,20,486.58984391140524,336.57788622927967
253,10,25,17,483.5169006860263,335.6381006677041
254,10,25,17,479.9498362153541,334.81216507071815
255,10,25,18,476.3912934354685,334.9868066499632
256,10,25,18,472.84137139789175,335.5561505737899
257,10,25,20,469.30016813371935,337.5084428604088
258,10,25,19,466.26778065096215,337.80021039742655
259,10,25,19,463.24171493200294,336.2126429398866
260,10,25,20,459.7220593991693,337.15479469323293
261,10,25,19,456.2115116339184,335.6638278723744
262,10,25,17,452.71016469776947,336.15662119659464
263,10,25,20,449.218110616272,337.1564538035159
264,10,25,19,445.73544037703084,337.43142072007333
265,10,25,19,442.26224392784536,337.655113134893
266,10,25,20,438.79861017496205,336.4712467805427
267,10,24,20,471.3446269814405,335.5932921516601
268,10,25,18,485.70742116563275,335.15911162286477
269,10,25,20,481.98351662457446,337.24119327520503
270,10,25,19,496.2700070196145,336.0423143578824
271,10,24,19,490.469424966381,337.3995357416254
272,10,25,19,504.6904726793767,336.77022141296135
273,10,25,17,500.8240640833601,335.0374588319778
274,10,24,18,494.968749596996,336.09873971739046
275,10,25,18,509.1356228590254,334.58411349163424
276,10,25,18,505.2143956056563,336.6952361766006
277,10,25,20,501.30470923881376,336.6363101601693
278,10,25,20,515.9066564402588,335.65458222924457
279,10,25,20,529.9170986821349,335.1540191420532
280,10,25,21,561.8387643143277,337.490702508636
281,10,25,18,557.570431843694,335.69407909289254
282,10,25,19,553.3149359929083,334.9106764417838
283,10,25,20,549.0723748400012,335.8583480905358
284,10,25,21,545.3428451357229,335.71813586244696
285,10,25,20,559.123592303262,337.6628881696769
286,10,25,19,572.8146067401001,336.8403729302652
287,10,25,19,568.4158522822247,335.7290015865949
288,10,25,20,564.0309783578919,336.6797223925691
289,10,25,19,559.660080687796,334.8073959705113
290,10,25,18,555.8032536046196,335.30407544515487
291,10,25,19,551.4576800534536,336.36671885629795
292,10,25,19,547.6263685867542,335.5564581730382
293,10,25,21,543.3064794516486,336.1837722895375
294,10,24,20,537.0010387372856,335.4723669270497
295,10,25,19,568.7219339935484,335.429007629243
296,10,25,19,582.2443015291194,335.1972579107148
297,10,25,19,577.6749717628493,335.63712005434274
298,10,25,18,591.1212303159555,335.1800147743496
299,10,25,16,586.4755267434788,335.1992929547054
300,10,24,18,598.3458749678307,336.489026906013
301,10,25,18,611.6330341853371,335.4127554951066
302,10,25,18,606.8279720436705,335.441084707827
303,10,24,18,620.0397959178987,334.5336658484002
304,10,24,20,615.1591553435306,335.4780204370775
305,10,25,20,628.2958858807478,336.4919102213344
306,10,25,20,623.3399164439704,335.1971273333632
307,10,25,21,618.4018107418173,335.71901802494995
308,10,25,19,613.4816569724604,335.27742259754916
309,10,25,19,608.5795417171835,334.0049811687561
310,10,25,18,604.1955499433496,334.3996732258653
311,10,25,18,599.3266550075149,334.5759793058713
312,10,25,18,612.4760580650807,335.33366935541903
313,10,24,17,605.5311593264062,334.90774265437193
314,10,24,18,599.117625030649,334.74309669354153
315,10,25,18,612.2323853777688,334.8174618052756
316,10,25,19,607.252278086994,333.73350446481055
317,10,25,15,602.2915000287353,335.28662702091754
318,10,25,18,597.8501274733653,335.7156008882768
319,10,25,20,610.9250450448981,335.46942379962996
320,10,25,21,605.9043261414234,333.9095146830257
321,10,25,20,600.9036217524083,334.861131613723
322,10,25,19,595.9230038131356,335.4860542087128
323,10,25,18,590.9625425933156,334.22107842556727
324,10,25,19,586.5223067021236,334.635326372375
325,10,25,20,581.5991130933726,333.3062463744738
326,10,25,16,576.6962882608166,333.0121815308784
327,10,25,17,571.8138959204036,332.9377053807882
328,10,25,19,566.9519981479785,333.37652893481726
329,10,25,18,562.6106553849776,334.84827985115606
330,10,25,19,557.7866264442496,333.000294334382
331,10,25,19,553.4832803620014,334.0621106752724
332,10,25,18,548.6973527652106,333.2010337117421
333,10,25,20,544.432229780607,333.5857873048992
334,10,25,18,539.6846238704853,333.19395318790396
335,10,25,16,552.9579382753659,332.6402265842665
336,10,25,16,548.1312623149682,332.4988989644879
337,10,25,19,543.3260589917782,333.43062991122457
338,10,25,19,539.0423762178065,334.3241778660289
339,10,25,18,534.2768702918626,332.7628674760712
340,10,25,18,529.5329889586907,333.93664511089656
341,10,25,17,525.3107753588051,333.8070028717497
342,10,25,18,520.6068510401637,333.8323321289173
343,10,25,19,515.9246894268409,333.8263548929423
344,10,25,18,511.2643289483971,333.10280306903957
345,10,25,17,506.62580646346595,332.7909476861374
346,10,25,19,502.50915726755153,332.99585567509945
347,10,25,20,497.9109451009275,333.3169759933852
348,10,25,18,511.33468630783784,333.1302499806296
349,10,25,18,506.65477158222194,332.3602922806152
350,10,25,20,502.49738956595917,332.8087144984823
351,10,25,17,497.8590592760189,333.02333888421987
352,10,25,19,493.2433328835285,333.23605694752763
353,10,25,18,489.15023633818356,332.4832752978169
354,10,25,18,484.576254049722,332.7315734830158
355,10,25,19,480.0249640307818,332.1275793269987
356,10,25,18,475.4963876716954,332.3865910854244
357,10,25,18,488.9905448485323,332.0235760139422
358,10,25,19,484.3785739322296,331.7300638329366
359,10,25,20,479.78993715620896,334.069812842591
360,10,25,19,493.22465099349705,332.6436975589359
361,10,24,18,486.5527703981368,333.03718093335374
362,10,25,18,499.91932972526706,331.3457094865355
363,10,25,16,495.6791167762744,331.5249438490431
364,10,25,18,526.9597741909558,332.9017973370671
365,10,25,18,522.0021692241747,332.44215949223843
366,10,25,17,517.0703147302665,332.94050300396844
367,10,25,17,530.1642200049591,331.83816835247046
368,10,25,17,543.1514127305354,333.195219775692
369,10,25,17,556.5321566893969,332.2598077469923
370,10,25,18,551.3030201147081,332.58115055913106
371,10,25,17,546.1015530902698,331.2857395747623
372,10,25,16,540.9277589200909,332.669066138018
373,10,25,16,535.7816392233599,332.5341268149639
374,10,25,17,530.6631939467819,331.3550187346986
375,10,25,15,526.0724213769938,330.2518305897153
376,10,25,16,557.5055581530517,330.86720900294546
377,10,25,17,552.1911676293904,330.1438695965346
378,10,25,18,546.905803786925,333.02408214571676
379,10,25,18,578.1494591790329,332.0047857189882
380,10,25,16,572.6447246740851,330.7069537719675
381,10,25,17,567.1703732568812,331.14282098039115
382,10,25,15,561.7263929900115,331.9207453721075
383,10,25,17,574.3127702045208,332.1011599147397
384,10,25,16,586.7912495141628,330.64557604890217
385,10,25,17,581.1621582777166,329.6528277961567
386,10,25,16,576.0647878006254,330.95220460916414
387,10,25,17,570.9952477278613,332.00155681421427
388,10,25,17,565.4535259903059,330.74466875795423
389,10,24,17,557.9434989429141,330.4593855845464
390,10,24,18,550.9807410359722,330.04402224717217
391,10,25,17,563.5612730258836,329.27265789023636
392,10,25,15,558.0321540301735,330.7264564583077
393,10,25,17,552.535222684309,331.0879326121432
394,10,25,16,565.0704465143695,329.1159768242728
395,10,25,17,559.4955913717188,328.19602787682453
396,10,25,16,589.9535876728676,328.9538628740848
397,10,24,15,584.1585575715577,329.8182199353729
398,10,25,17,596.3978568381009,329.26362111239763
399,10,24,18,606.5278033253456,328.1056657998516
400,10,25,16,618.5647822835557,327.85264368138826
401,10,25,15,612.4930941144544,326.9114959226604
402,10,25,17,606.457851022587,326.99161615714144
403,10,25,17,600.9590021281576,327.49154455588155
404,10,25,17,595.492454775775,327.0592082374142
405,10,25,15,590.058167276904,326.9513916165607
406,10,25,17,584.1560963434283,327.88822416714237
407,10,25,18,578.2902671040056,328.8752600970328
408,10,25,15,572.9606199092497,327.5857993410034
409,10,25,17,567.6630034232047,327.0004386579851
410,10,25,17,562.3973681799473,327.42903869632323
411,10,25,17,556.6636631983209,330.1639803337077
412,10,24,17,549.4659559983795,329.6183345188398
413,10,24,17,559.8165685866456,327.18513653172135
414,10,25,16,572.070488783561,328.79220497024073
415,10,25,16,566.7115051114703,329.1513571612044
416,10,25,16,560.8856667737556,328.21322681462493
417,10,25,18,555.0970816976752,327.63436715069724
418,10,25,18,549.3456714794954,329.9221626925839
419,10,25,18,543.63135613731,328.9386303060287
420,10,25,16,537.9540541305695,327.3541139714438
421,10,25,15,532.3136823796028,325.9881445569527
422,10,25,15,527.2101562851318,327.12983436896644
423,10,25,17,522.1391597477724,327.6922222549861
424,10,25,16,517.1006210579241,328.5366699164981
425,10,25,17,512.0944671637444,327.4020136777798
426,10,25,16,507.12062368832215,326.6242670848411
427,10,25,15,501.6790149468366,326.17812343867627
428,10,25,16,496.2738439637045,327.691282327506
429,10,24,16,490.9050157673087,327.4794867288405
430,10,24,15,501.57243401652266,326.7641341983529
431,10,24,15,494.138081020113,326.36325065153716
432,10,25,13,506.757929384912,327.27110533912065
433,10,25,15,501.25860710125147,328.04957230064383
434,10,25,15,495.7968837764254,326.58020281013
435,10,24,16,488.3726522723833,327.26479305242196
436,10,25,16,501.00324412938085,327.1324092899637
437,10,25,15,495.5136771605029,327.5622880564705
438,10,25,16,508.06217873338966,326.9029239094977
439,10,25,16,502.49059418892324,327.7685400060572
440,10,25,16,496.9578783448735,327.7094902605196
441,10,25,16,509.4639112426845,327.4067655808028
442,10,25,16,503.84945165211195,326.26258404221085
443,10,25,16,498.274546895287,326.0571698179976
444,10,25,17,492.7390703036697,326.51952441171335
445,10,24,16,487.7428939627798,325.4318251282603
446,10,24,18,536.2814287334446,325.31201375102773
447,10,24,17,528.3762741453804,324.55143902899647
448,10,25,14,541.0312241138505,323.9842065300643
449,10,25,14,553.061965106121,324.7301858851497
450,10,25,15,546.9736088049787,324.08426619052034
451,10,25,15,540.9291082383705,322.92719811844245
452,10,25,16,534.9283104847084,323.33254254422616
453,10,25,17,529.9710613765297,324.2354158876295
454,10,24,17,523.0481255240437,324.7513647331411
455,10,25,16,536.1775889665877,324.1427469886768
456,10,25,14,530.1768507400252,324.15468078204105
457,10,24,16,522.2202357090741,324.55714058498893
458,10,25,14,552.3258997347918,324.07283448772483
459,10,25,15,564.6447493600392,323.4002764472139
460,10,25,14,576.3392190507396,323.80360610767656
461,10,25,16,587.9145728359046,323.6665430297429
462,10,25,16,581.8714435677136,322.9686284784016
463,10,25,17,575.8725153850894,325.3441210053564
464,10,25,16,569.4176198271285,325.81265973760037
465,10,24,15,562.011237347549,323.89755460738814
466,10,24,14,555.6624940002827,324.32257291747663
467,10,25,15,567.3618076911328,324.76212014070575
468,10,25,15,560.9405025559565,323.688058560809
469,10,25,17,554.5680820267944,323.7971357054864
470,10,25,16,548.7443434405553,323.40044831293005
471,10,25,16,542.9643731101581,324.4608364310373
472,10,25,15,536.727990812811,323.47557292232295
473,10,24,15,528.5397454045346,322.95671078790065
474,10,25,15,540.4183900029124,322.3476943196023
475,10,25,16,534.6736166826975,324.20391711391875
476,10,24,15,546.472725236691,324.0728977885775
477,10,25,15,594.1485768227458,322.80322596423184
478,10,25,14,588.357717813133,322.5806727297674
479,10,25,14,581.610452261296,323.14749905558057
480,10,25,15,574.9161933044004,323.1193862024961
481,8,25,13,586.7747009096248,320.81005144943197
482,9,25,15,580.0073941776689,321.9872457339705
483,10,25,12,573.7937241347254,321.76052761285655
484,8,25,14,567.628602269914,322.68314348266523
485,8,25,14,579.0118062127086,322.33940146286164
486,8,25,13,572.2730128411339,321.6531462758042
487,8,25,13,566.088275080874,321.71096075698694
488,8,25,14,559.9524549008975,321.3742011339527
489,8,25,12,553.3653212767795,320.83483649961323
490,8,25,11,546.8315425130799,320.94817467834764
491,8,25,15,576.8508581504142,320.20591381466943
492,7,25,14,570.0638470910269,319.9255591015917
493,6,25,14,563.8322189435221,321.4936234888197
494,7,25,14,558.650758005173,321.19074578341497
495,6,25,13,553.0093168857345,322.10332049734825
496,7,25,15,546.9126658470408,321.63058880739345
497,5,25,14,540.365555333334,321.06586591277335
498,5,25,14,533.8727157870268,321.71064922511647
499,6,25,14,527.933867468285,322.70345659461793
500,6,25,14,540.043730178415,322.31397787309817
501,6,25,14,533.5216933868401,322.62874266665114
502,7,25,14,527.5543369700489,322.88115316840464
503,6,25,15,521.136341724943,322.1491874204565
504,6,25,15,514.7724887851684,321.12400509482
505,6,25,14,508.46248803325096,321.7979745956341
506,7,25,15,503.2060490391673,321.7222395392869
507,6,25,15,496.9927410867229,321.86080988629294
508,7,25,16,490.83249622209456,321.86321678816125
509,6,25,15,484.72502279536644,321.50262403536163
510,7,25,14,479.1700289476665,320.05360754961447
511,7,25,16,491.6621126366341,321.4398145527757
512,6,25,13,521.5166939880478,321.06325632893953
513,7,25,13,534.0551340925432,320.56192828495006
514,7,25,13,527.4542486988846,318.8186630993618
515,5,25,13,520.9106713220989,319.51219637253473
516,5,25,15,532.4240745788676,321.0328263929805
517,7,25,14,525.808011032535,319.5507976454601
518,7,23,13,517.2498414230506,317.9702124550307
519,7,23,13,527.2699894538922,318.73573885327744
520,7,24,14,536.6755829483844,318.9830229772576
521,6,24,14,545.9726247588751,318.3311047234356
522,6,25,12,557.6618719412052,317.88016856374605
523,6,25,12,551.217930145513,317.79618848840056
524,7,25,14,562.3303676224008,317.71826437785336
525,7,25,14,556.8151001471783,319.4889122523909
526,7,25,13,550.3466066784429,318.7704896192901
527,7,25,13,543.4351548288648,317.91930885652596
528,7,25,14,537.0856809786848,317.4744275666998
529,6,25,12,530.7925158587431,317.6582470033333
530,7,25,13,543.0553165754532,319.6794058013297
531,5,25,15,555.1772704982346,318.96872515771094
532,7,24,13,548.1593857249462,318.7164278740224
533,6,25,14,559.205208057931,319.345420690894
534,7,25,16,570.1220978206851,319.88066979463264
535,7,25,15,581.4109927588166,319.2313090794626
536,6,25,14,574.0674683012548,318.5466411999366
537,7,25,10,566.7911850765122,317.5626763160908
538,6,25,13,559.5817133099017,319.235061010784
539,6,25,13,552.9386238252338,318.01613613677205
540,7,25,14,546.856088072734,319.36873932753946
541,7,24,16,540.3283065845998,319.34217051796674
542,6,24,15,533.3603491260355,318.9245125771525
543,6,24,15,526.9572571193396,318.11604375244985
544,7,24,15,518.613163546694,319.48855910095443
545,7,25,15,547.8494814488478,320.0258481934112
546,7,25,14,540.7561664962391,317.75179435242103
547,7,25,15,534.229495419583,316.75831521560116
548,7,25,15,545.7635415345972,320.31081375994523
549,6,25,15,556.6602592333601,318.1466034338759
550,6,25,14,567.9261977666059,316.4894913692844
551,7,25,14,560.5568524520307,317.5670175465449
552,6,25,15,553.7575061857731,318.06039853763315
553,7,25,14,546.5221495521712,316.03114983465866
554,6,25,13,539.3558855199459,316.5131408788379
555,7,25,13,551.2582365754873,317.27711581159883
556,7,25,11,544.5174463695806,315.4143777368192
557,6,25,13,537.8407234018363,316.5874978591294
558,6,25,13,548.7276223134846,316.42231755424183
559,6,25,12,542.4820488808326,317.3299795789842
560,7,25,14,553.7954513181801,317.36991789575285
561,7,25,15,546.4710677392029,317.1096024789853
562,7,25,13,539.717934322627,316.38250298106396
563,7,25,12,550.5299117669671,314.10781976100753
564,6,25,15,561.2091357470484,316.51117751026345
565,6,25,14,554.2566738979195,317.2319366581915
566,5,25,13,547.371689734208,314.9774136178258
567,6,25,14,541.0536961574347,314.89749418439965
568,6,25,13,534.2965275538991,314.93574101461013
569,6,25,14,527.1054344551485,315.77087325427647
570,6,25,13,519.9856338871726,315.10693954543706
571,7,25,11,512.9365993329939,314.87760038324114
572,6,25,13,506.4578060214372,316.27788158048946
573,5,25,13,517.5430009492443,316.0965308027964
574,5,24,13,509.49080868315974,316.8396149195184
575,6,25,14,520.5208657681162,314.5353306924431
576,5,25,13,513.9136667792803,315.7688449052269
577,5,24,14,558.8723044494602,315.92797672281523
578,5,24,14,551.3009419948372,315.6178003207868
579,6,24,13,544.3060784713498,314.1696097516993
580,6,24,11,535.3813293458949,312.8772801805699
581,6,25,13,547.0493996837084,315.9213421666616
582,6,24,13,538.0709460562028,315.33345308641503
583,6,25,14,549.1862402100003,314.84334296230355
584,6,24,12,539.6609463091603,313.892840894391
585,6,25,13,550.2361146221558,315.1168348075256
586,6,25,14,542.676548743597,313.1667942993082
587,4,25,13,535.69472744616,312.1683392275266
588,4,24,12,544.2841588362058,312.52460443896035
589,5,24,13,535.7616928299282,313.5473086109739
590,5,25,11,547.8289062393478,313.2194588379703
591,4,25,12,540.7427699524114,313.4909682553516
592,5,25,13,533.2295769409877,312.81415058813803
593,5,25,14,525.7946755432804,313.07793042213297
594,6,25,14,554.937436182639,313.5782307981663
595,6,25,13,565.7228820768784,311.7613947234995
596,4,25,13,576.3686667073348,312.96547068405704
597,4,25,14,568.876026211662,311.44618268285916
598,6,25,12,561.9614703229832,309.7822291088934
599,6,25,11,554.6183732933267,310.85285196892363
600,6,25,13,565.3521541986196,308.89944757054417
601,7,24,13,555.945822689965,310.8851264558089
602,6,24,13,546.6414363695906,309.6925132079278
603,6,25,14,558.4381420317861,310.6849411598894
604,5,25,14,551.5814106608549,310.44976774688473
605,6,25,14,544.7964769766713,311.7776321596322
606,6,25,12,537.5827450605269,311.0533052593271
607,5,25,14,530.4456919203049,311.4502043566695
608,5,25,14,524.3846736913667,310.6413736523535
609,4,25,14,517.8868697506186,313.1189014661329
610,7,25,14,510.4578513244739,311.8432001195318
611,6,25,14,503.1092577661016,310.4439094281714
612,6,25,14,513.8404018358573,310.6375122759291
613,7,25,13,525.4299198941625,312.6486822544875
614,7,25,14,535.866841862675,310.78704198076565
615,5,25,12,546.1648810925768,309.55528006496854
616,7,25,13,538.3253311423291,310.592711654066
617,7,25,13,531.0715979408455,309.56896733965203
618,7,25,14,523.8967543751095,310.1014390649286
619,4,25,13,516.8001139407584,308.54280156490347
620,7,25,12,529.2809939127058,309.2808012702688
621,6,25,13,521.5965253531227,309.5192760726326
622,7,25,14,514.9970659625427,309.1460835492159
623,6,25,14,507.4694039054622,309.1681679617709
624,6,25,13,519.5253871295348,309.1083604631941
625,6,24,13,512.9205211752284,309.93081297236756
626,6,25,14,523.8879576349273,308.6851297680448
627,7,25,12,517.2076040309981,308.1734115352754
628,7,25,12,510.60067790918157,308.2311937000427
629,7,25,11,521.5665227658968,307.0601053331811
630,6,25,13,514.8839859638593,307.9656656508437
631,6,25,11,508.2753514458082,308.1056824164058
632,7,25,12,555.739952388346,307.90491291714073
633,6,25,13,548.0934859759222,307.2769007375402
634,6,25,11,540.5328619585604,307.05025366991964
635,7,25,12,533.0572959964994,308.01647280330604
636,5,24,12,526.6660085762368,306.84800724094725
637,7,24,14,536.8454850117884,308.5236091676351
638,5,25,13,565.3845380078507,309.21380198815785
639,7,22,13,558.5481249969231,310.24039630761274
640,6,23,12,567.7879103817753,309.0214570124705
641,7,24,12,575.8980707554937,307.3914743827595
642,7,25,11,585.892740911806,306.96879685773143
643,7,25,13,578.2473616484929,310.9215789740649
644,7,25,13,571.1887370152731,309.98188912142876
645,6,25,13,564.2096036925889,308.5673107372862
646,7,25,12,556.3092169976934,308.0249085000717
647,5,25,14,548.999777114556,308.6486278659213
648,5,23,14,540.7739413879641,308.94646510183867
649,5,24,13,548.6438970135612,309.05942379542154
650,6,25,14,559.9007277371976,308.49453460754137
651,6,25,12,552.5000216468721,308.1682363872135
652,6,25,13,562.1846227494096,310.07551486174907
653,5,25,14,554.2316929611152,307.37337402022655
654,5,25,13,545.8715438019965,305.1968649537634
655,5,25,13,556.1098279630032,307.4076873513712
656,5,25,13,565.7028684049413,305.7570985261039
657,5,25,13,558.6587340989132,305.1517523573787
658,5,25,10,552.6959865429843,305.26825013091155
659,5,25,12,563.8006548251606,307.414505625094
660,5,25,13,574.2476875662812,307.4470578611063
661,4,25,12,566.0453345214678,306.31489459973153
662,4,25,12,557.9400956772163,307.4926680764776
663,5,25,12,550.4310113933492,307.4932286651654
664,4,25,13,562.0104889468583,306.7225137519311
665,2,25,13,553.9249508286779,306.8130794624004
666,5,25,11,545.9358718684526,306.5162259086856
667,4,25,13,538.5422887225403,307.0968596855973
668,5,25,13,530.7365651300199,305.6642779300831
669,4,25,11,523.524511273393,307.2772425332659
670,5,25,11,515.8984842071424,306.69826925299725
671,5,25,12,508.3643279338953,307.1959557742018
672,5,25,12,500.42111275127655,307.5855668943716
673,5,25,12,493.07464595845715,305.2197929027119
674,4,25,12,503.8172011157499,304.39623791278115
675,5,25,14,514.9048702855001,305.76509975116716
676,6,25,13,507.3325578240529,304.4212345478954
677,4,24,14,515.8524763759281,303.9997549121601
678,5,25,13,526.7467181810832,304.10462995027945
679,5,25,14,554.9826991329969,304.88947377956373
680,4,25,12,546.3241358096009,303.9364735685615
681,5,25,14,538.2724024646869,304.4698768118014
682,6,25,13,530.8195682798814,304.11502415014263
683,6,25,11,541.457774361991,303.4612131968514
684,6,25,13,534.9398333935318,304.0406842931293
685,6,25,13,527.5003590608532,303.57218355505563
686,4,25,10,537.152255519351,303.1385794724368
687,4,25,12,530.160984913328,301.9237236282158
688,4,25,12,539.7551711457334,302.80763247162935
689,5,25,13,532.2065462721579,305.09189330180897
690,5,24,12,523.7512973184149,303.73722775759404
691,4,24,11,534.4022557742871,303.0516388985307
692,3,24,12,527.3953299391839,303.10806024112844
693,5,23,12,535.4748320510396,303.9936444469469
694,5,25,13,581.4316427669839,302.23742422513584
695,5,25,12,591.2389443173356,303.1759420362205
696,5,25,12,583.3980995972511,302.9160967141222
697,5,25,10,575.1547314736781,300.73579722052125
698,5,25,11,584.5147728071184,301.95471436293957
699,5,25,10,594.2324576680877,300.6522816209775
700,4,25,11,585.3024046455472,302.2453859634519
701,5,25,11,576.9856663172294,301.74273985278836
702,5,25,11,567.7739889469483,300.8929306004309
703,5,25,9,559.680288047167,299.9501540214185
704,5,25,12,552.1891909762757,300.9764456319968
705,5,25,12,545.792524768323,301.7744051508527
706,5,25,11,537.4751357034071,300.5247764397011
707,5,25,13,529.2644386693737,301.2652594273693
708,4,23,12,535.1592556026281,300.3702887696593
709,6,24,12,545.4598987429956,299.6936432420878
710,5,25,11,555.1035695656578,300.83576917165794
711,5,25,12,564.099198191247,299.54274220809214
712,5,25,13,555.4556269938164,300.24188945846015
713,6,25,13,546.9240311376974,301.4743428631646
714,6,25,13,539.0031573578639,301.0911354853753
715,6,25,12,531.1846135924592,300.77013508574856
716,5,24,12,520.467251310628,298.73639375389877
717,6,23,12,508.89295231164635,300.56052568966834
718,5,25,13,538.4744509012638,299.72853512022107
719,5,25,12,548.6203896821164,300.07572840473256
720,5,25,12,541.1094574555068,300.97980219586174
721,6,25,12,550.1958604638112,298.3506206780396
722,5,25,12,541.6402336235265,297.5581732797
723,5,25,12,535.6973172301431,300.13895724852966
724,5,25,13,527.8296214614634,298.35524978561943
725,5,25,11,519.065293335085,298.9446120642984
726,5,25,11,511.4176666606723,297.8528417211689
727,5,25,12,503.3708551722389,297.82424556645435
728,5,25,12,514.9309769057439,298.2521685013105
729,6,25,10,507.81248464727094,297.32856846139674
730,6,25,12,500.2876237562336,298.91873056043306
731,5,25,12,493.3626200817302,298.45045822129276
732,4,25,11,521.5289927085464,297.84509179790007
733,6,25,12,530.7725790602519,298.414768694296
734,6,25,13,540.3700389844603,299.02475922097176
735,6,25,13,532.3158007962014,299.3356095584795
736,6,25,12,524.3693135932941,298.26745352435876
737,5,25,13,516.0293112957418,299.00842165999825
738,5,24,11,507.80192004582943,298.5358337595555
739,6,25,12,517.6858090523648,297.26222948431894
740,3,25,10,528.4132604632026,298.87143299788823
741,4,25,11,538.4713773279508,298.24607358052447
742,4,25,12,529.8696634732167,297.3466133828213
743,4,25,12,539.8850016588175,298.5671249316507
744,6,25,12,548.7407142189471,297.9450885965581
745,5,25,12,558.4536789618976,297.89083979144533
746,4,25,13,568.0107514565989,298.38437083486644
747,3,25,11,559.41387221465,296.98570713383975
748,4,25,10,569.9342420711316,296.7368763765038
749,5,25,13,579.2858285097188,298.2098039038631
750,5,25,12,569.9857424668859,296.1811786264426
751,4,25,11,562.3137579998461,298.0357964940575
752,5,25,11,553.2457604643412,296.327616602939
753,5,24,10,541.803080696561,297.19134674501925
754,5,25,12,551.0218916244696,297.63772692673814
755,5,25,12,543.0906624457529,295.8028370142616
756,5,25,14,536.2683330143859,298.13315952207927
757,5,25,13,546.5384318373609,296.89499113678636
758,5,25,13,538.1421105955193,296.6697508272684
759,4,24,13,545.862314741492,297.4803148264914
760,5,25,12,573.9544089422342,296.4967792402515
761,5,25,13,565.6080242229461,296.8618014746153
762,5,25,14,574.8773593186013,297.7547576046358
763,5,25,11,565.4939322002122,294.84156752401157
764,4,25,12,556.7423863010057,294.7529639404998
765,5,25,12,550.1134291754131,294.6630684807331
766,5,25,11,560.5748928252585,295.2999777035658
767,5,25,11,552.3648753541319,296.37524493842557
768,5,24,12,540.7697522535052,294.2326915437092
769,4,25,12,549.8419148486591,296.00115143217266
770,5,25,12,560.7635507448025,294.61056032445725
771,5,25,13,552.0057781771304,295.4340921183515
772,4,25,12,543.3720103468884,295.8139524478023
773,1,25,12,535.3606804517382,296.0431010319636
774,4,25,14,527.9624985031581,297.0274662960599
775,4,25,13,519.1682811611719,295.56496125375816
776,6,24,13,508.9999908223633,293.65834146993774
777,6,25,13,518.4793323497966,294.58843918551986
778,6,25,12,510.3009953232465,294.1759830355772
779,6,25,12,501.73970720092314,293.1626883184039
780,5,25,12,493.8017691534015,293.33281062687615
781,6,25,13,503.47778690403817,292.00647284883775
782,6,25,13,494.4925957016718,293.08842363326175
783,6,25,12,522.1380430377964,292.4872604859657
784,4,25,13,531.8401199077765,292.1235053309639
785,5,25,12,541.3794314100372,291.4108678667562
786,6,25,11,551.2581481330842,291.45523798096355
787,6,25,12,542.4705462662823,291.1400079283288
788,6,24,10,531.3104118419385,289.9815823055647
789,6,25,10,540.3155349278854,287.24499741832665
790,4,25,9,532.1677508608376,289.23294250029164
791,5,24,11,524.138058427032,290.1975906546893
792,5,25,11,533.2249129663605,287.7485769788635
793,6,24,11,523.6571672315268,290.17023098851934
794,6,25,13,551.230692800703,289.3537430909618
795,5,25,10,542.3553261699847,289.2710314784173
796,5,25,12,533.6102307621712,288.5573811536463
797,6,25,13,524.993685068635,289.115569838963
798,6,25,12,516.5039872397524,288.4451419189045
799,6,25,11,526.1394549084739,286.611708724103
800,6,25,10,536.1104250147512,287.0732974472077
801,6,25,12,545.9111373908275,288.18100115137213
802,6,24,11,557.0439241318915,288.27754901795953
803,6,25,10,583.9870000951461,287.7905100179055
804,3,25,9,574.9856905184289,286.1097551626728
805,4,25,12,584.117622285895,289.3069758711063
806,4,25,11,575.5908475994592,288.31735048412077
807,5,24,12,565.1900127040167,289.4793047024045
808,6,25,10,573.9457434835325,289.52235223740684
809,6,25,11,564.5485027387817,290.01939161335974
810,6,25,12,555.2920183792263,291.0999495200551
811,5,25,10,565.1743832259281,289.98134838918486
812,5,25,11,556.8851526271518,290.0756083216183
813,5,25,10,549.219401430247,290.5057229780744
814,5,25,12,558.6673109597754,290.26852359841865
815,4,25,10,568.4502351759438,290.16064762521614
816,6,25,11,560.0623287226853,291.64671500268923
817,3,25,11,550.8001116561693,290.52057515185066
818,4,25,12,543.1782232142872,292.52515266522204
819,6,25,13,534.6701653028499,290.22885074493814
820,4,25,13,526.290775976696,293.32385063233215
821,6,25,13,518.0382828199714,292.04082664357617
822,5,24,11,527.9109348352239,289.4205730124106
823,5,24,12,517.1107222326489,291.7730477260621
824,5,24,12,506.97793891506757,290.77427316401366
825,6,24,11,499.50200430778176,291.73280081624193
826,6,25,11,527.13943258143,290.27868440733454
827,5,24,10,518.3097477513459,290.211974968025
828,5,24,9,507.1157397133964,290.30034304799835
829,6,25,12,516.596962133761,289.80849924248867
830,4,25,12,507.91065394715343,288.048883491433
831,4,25,11,499.85838026336455,289.3487883691641
832,5,24,13,492.92993820059496,289.0633494511507
833,5,25,11,520.6069268149859,289.8835526122342
834,5,25,12,511.81240466052463,290.7377799150546
835,5,25,11,502.65433888750664,288.5377507670952
836,5,25,12,495.13915972612034,289.67141681239
837,6,24,12,486.7397315771179,289.0818893044198
838,6,24,11,475.97117506069816,287.57359311459095
839,6,24,12,468.3735801279924,287.13084169580037
840,6,24,10,494.8941053666549,286.1279680248128
841,6,25,10,522.9591878992005,287.62225267306184
842,6,25,10,514.0417565597908,286.5362397059792
843,6,25,11,542.7642139290056,286.2353487113395
844,6,25,9,533.9915553826967,287.4991624004261
845,6,24,9,522.8562994815419,286.84832228156904
846,6,25,11,532.898772279127,288.8111974241151
847,6,25,10,524.7606684615314,288.1240514733369
848,6,25,11,552.7499289092366,289.95249762641254
849,6,25,12,561.7534365011705,289.14227306175013
850,6,25,13,569.5928294654634,289.65872461106267
851,6,25,13,560.287560892774,289.2795644434297
852,5,25,12,551.1294622399739,288.34819439464013
853,4,25,13,579.1163949989727,290.735598174519
854,4,25,13,569.1142883572031,289.5960342310614
855,3,24,12,559.2716354111077,289.0269406957655
856,4,24,12,568.0861063976823,288.7594136163793
857,4,25,11,594.2383119188388,289.90246785382163
858,4,25,11,584.9303838711243,288.2275927642905
859,4,25,12,573.7704812610311,288.5218169711324
860,4,25,10,563.2908303681543,286.11961613928486
861,3,25,12,554.4801636540274,288.4952986572923
862,4,25,12,545.3101270174448,290.2483143477403
863,4,25,12,535.7872756099364,290.5214930798821
864,5,25,11,544.9180728722094,289.11891729693076
865,4,25,12,535.380191596333,290.4477871937113
866,5,25,12,544.4966080626973,290.6562997239371
867,5,25,13,553.4442382637029,289.4336226464486
868,5,25,12,543.7256476722579,288.3443952494907
869,6,25,11,534.6648973005268,288.5147700973944
870,6,25,10,525.7509294723104,288.7970421056843
871,4,25,11,533.9815496657155,289.6277029417349
872,5,25,11,543.0581128243582,287.2152682824555
873,6,25,11,533.4655195592577,288.21008059830467
874,6,25,11,559.5297436621747,286.8146324201829
875,6,25,11,549.6271745328994,286.8378972704077
876,6,25,12,541.3869078198958,289.06244854646303
877,5,25,13,550.2801828415476,288.93224704503734
878,5,25,12,541.0064642156628,288.9858367355537
879,5,25,12,531.3847719595642,289.0379513786186
880,5,25,12,521.9216013578887,289.52820384384796
881,5,25,11,513.6145441267755,288.1087055672176
882,4,25,9,522.9435849531919,288.4335503225245
883,4,24,12,532.0976026277314,288.6550054566987
884,5,25,10,540.5793183980859,287.63439412254303
885,5,25,11,531.4002658472525,289.10666327947484
886,5,25,12,521.373054521252,287.1984644723642
887,4,25,10,512.0130979188577,285.82851275788244
888,4,25,10,521.8089466846317,286.0928431668212
889,4,24,12,511.4203849973917,285.74125131323007
890,4,24,12,502.7063035292509,287.20501248964814
891,4,25,13,529.6372785851725,285.839936169148
892,4,25,11,520.0777509200257,285.75140184161745
893,2,24,11,529.1783636734068,284.8612226075398
894,3,25,12,537.6058559157391,284.68585113882267
895,3,25,12,545.8719124796602,286.50217520996046
896,4,24,11,553.9790891928374,285.48637810676894
897,4,25,12,580.9299057175307,283.2082803949523
898,4,24,11,571.8856059956566,285.40864487004467
899,2,25,12,579.4923041846675,285.83242536956055
900,3,25,12,586.4506440941562,285.2880908717317
901,4,25,10,574.7720048723924,281.4901950857444
902,4,24,10,565.2923192893072,282.91739964280123
903,4,24,12,554.472341387755,283.2840206963506
904,4,25,12,563.3366828402773,284.11265319595884
905,4,25,12,572.529490265681,282.7332487170561
906,4,25,11,562.0444572868797,283.9754395267047
907,3,25,12,551.2381722165085,282.43539146961314
908,4,24,10,542.1168883938694,280.81224458997787
909,4,25,10,552.6504047476817,281.7296207970398
910,4,24,12,540.9813687660867,280.5541508011672
911,4,25,10,550.0138896119813,281.33203780076633
912,4,25,11,540.8708376502716,281.46403525216624
913,4,25,10,531.3837375395904,281.7865291738066
914,4,25,11,522.0592442021795,281.77435603224137
915,3,24,11,513.3947614180923,282.17561002900845
916,3,25,10,522.3785707737256,282.0878226714894
917,4,25,11,514.1873491705484,281.3229511590996
918,3,25,11,504.13607082458986,279.9019186473712
919,3,25,9,549.7592512276467,280.39317848608164
920,3,24,10,541.0328823898708,282.1122806614367
921,2,24,9,529.9562580810622,280.69819841732823
922,4,25,8,538.5730660668601,280.49383908173394
923,4,25,10,530.5202086520786,282.6002836291119
924,3,25,9,520.6053965810011,281.64228426002376
925,3,25,10,528.3633981290653,282.640190859062
926,3,25,10,518.4673093805278,279.8761536383409
927,2,24,9,506.7441268494256,281.38714495041177
928,4,25,8,515.728157239913,281.3386997320075
929,4,25,11,507.5351294632082,282.3584048254919
930,4,25,9,498.98417744000534,280.4010642947308
931,4,24,9,508.0822934408852,280.780781005168
932,4,25,11,518.0008408759599,281.2381567717909
933,4,25,11,545.7241465700273,283.38633647946006
934,4,25,10,536.919220896912,283.2337156338299
935,4,25,9,527.2680328509525,283.5050158203335
936,4,25,10,518.7867766607955,282.5798754280989
937,4,25,11,508.9539138509849,284.112241908733
938,3,25,10,537.2951398119533,283.68036832401526
939,3,25,12,527.0939384710975,283.09546992277063
940,4,24,11,517.5737738126537,281.54573183990686
941,5,25,12,545.2222367743124,282.32104879766297
942,4,25,10,553.3394512182971,282.15732879664483
943,5,25,10,561.7926705531328,282.3029950012746
944,5,25,10,552.5752263179024,282.1428599513315
945,4,25,10,543.5207559253068,283.74598214625246
946,4,24,10,549.6265446080128,283.2214101370341
947,4,25,11,558.1058192379498,282.09501466772383
948,3,25,9,583.4133342900111,281.3220770334463
949,5,25,10,572.7293505899994,281.56930029860706
950,5,25,11,579.7366943136022,281.1204651905529
951,4,25,11,568.0993037725702,281.88445800077244
952,5,24,12,555.6718944135533,280.7429664126323
953,5,25,11,563.4699894908438,280.7904632800951
954,4,25,11,553.6081834761712,280.6943772407435
955,5,25,12,561.4234685565892,281.5239499133002
956,4,25,10,569.5782532226,278.9488145260524
957,3,25,10,578.5657268407322,281.7379999659889
958,4,25,12,568.3696088992766,279.8096310734148
959,5,25,10,557.3574811854012,279.6556689675414
960,4,25,9,546.5454189314543,278.585112435837
961,4,25,11,555.9300173644045,279.49652499615024
962,3,25,11,545.6231252151262,281.60541834145505
963,3,24,12,555.0036252082956,283.1005299408865
964,3,25,10,562.1923566990924,280.251710818157
965,4,25,11,551.7312455996127,280.629383345247
966,4,25,12,559.460999319441,282.0059940773627
967,4,25,12,567.0302249774159,280.879576469466
968,4,25,11,556.4417212066659,280.10790445031887
969,4,25,10,545.5470820344934,277.5520034796206
970,4,25,12,535.852670027837,278.3547006078627
971,3,25,10,527.3356125607093,278.4167387162296
972,3,25,11,517.9734096373419,278.3139361290526
973,4,25,12,509.78284847061195,279.3980245337402
974,2,25,11,500.74147996721723,278.4384736209136
975,4,25,9,509.8662224926693,277.4323825250019
976,3,25,10,500.30283521442516,276.3827719124013
977,3,25,11,491.41611919914806,276.1790991793432
978,2,23,11,478.6932212924255,276.7054776038392
979,3,22,10,484.20960940433264,274.95990516130564
980,3,25,12,528.1083024448205,275.60158166450805
981,3,24,12,518.1360189356659,275.5267691597279
982,3,25,10,526.3490289085822,273.37292825961794
983,3,25,9,516.8902083850522,273.7465802994713
984,3,25,10,508.1070104688472,273.4060798064419
985,3,25,11,499.9865037474237,274.2592440458147
986,1,24,11,525.0159712783372,274.50557326346177
987,2,24,10,550.5413573901156,275.0370059404883
988,2,25,8,558.5518615528998,272.352882424108
989,4,25,10,566.3929071161962,273.03553165306266
990,5,25,9,554.5675289401083,272.9207843158826
991,4,25,9,561.9652019013281,272.8274120535284
992,5,25,8,568.7050136804186,272.21196562574556
993,4,25,9,558.7997334935383,273.1451836606262
994,4,25,10,549.5799961764995,272.53437971173463
995,4,25,10,539.5325556373999,272.09295087998066
996,4,25,10,529.1742685139158,272.3979727480146
997,4,25,10,519.011734984561,271.0621641467769
998,4,24,9,525.041462139082,271.420784893453
999,5,23,9,515.4403351103559,271.6017078471695
1000,5,24,10,543.5207297929616,271.94110659729813
1001,5,25,9,569.0286461673193,270.79750544350935
1002,5,25,9,559.0145134829389,271.2287363578509
1003,5,25,10,547.689883727284,269.9956878572496
1004,4,25,11,555.0814722468529,271.3159869110027
1005,4,24,10,543.313536039504,268.93177014672506
1006,4,23,9,533.2712690792019,269.6462124681612
1007,3,24,10,538.9203871047596,269.61688039026626
1008,3,24,10,526.4449534855404,270.6729722755772
1009,4,25,10,533.210495709015,269.404270851788
1010,3,25,10,522.8288450805056,269.15418320957474
1011,4,25,9,548.1464472177906,267.4978311362465
1012,4,25,8,555.4411645109153,266.65884671284994
1013,4,25,8,545.077127902737,263.98501688414626
1014,3,24,8,554.9121651336823,267.05887367225847
1015,3,25,8,562.5366495662813,266.4265027835967
1016,4,25,7,551.9951062319072,266.3890843082988
1017,3,25,8,542.156727155963,267.5523101240874
1018,3,25,9,533.0076175758804,268.4584261928772
1019,3,25,11,524.0341237144968,270.9420513050079
1020,3,25,12,515.2330289755338,270.05787995972383
1021,3,25,12,505.6011719086662,270.357824075335
1022,2,25,11,496.1558853396659,270.38743061190326
1023,4,25,8,486.89373731042906,269.0077510246031
1024,3,24,9,476.8113549551243,268.1219881315945
1025,4,24,8,483.925923563357,268.03019700231357
1026,4,24,8,492.8849649966497,266.9212494059243
1027,4,25,11,501.1503092004313,268.1664341181645
1028,3,23,12,488.23586022808325,269.05043990827676
1029,3,24,12,511.07716760940207,266.3876553444489
1030,4,25,11,572.4381793414611,266.6853020669968
1031,3,24,12,580.023705468253,267.69119938152136
1032,3,24,11,567.441217572201,267.61986982250926
1033,3,25,10,574.1070834019722,265.4742777097726
1034,3,25,12,580.6237503020321,266.1081511709921
1035,2,25,12,569.4940400555929,266.98092364874725
1036,2,25,11,560.0833249304537,266.9884965353185
1037,4,25,11,550.3563981562089,266.7376526629502
1038,3,25,12,541.3202007152988,269.478582540356
1039,2,25,11,531.4607683292477,270.15617225554496
1040,2,25,11,520.7955857328121,269.3490030774383
1041,4,24,11,528.8418230226678,270.27035586708854
1042,4,24,11,537.2099608156882,268.73656570570336
1043,4,25,12,561.3929624178857,267.256163049235
1044,4,25,10,550.060278747413,267.5570522762087
1045,4,25,11,540.4532203064049,267.86619724575513
1046,4,25,10,548.0361403224076,267.8991116735383
1047,4,24,12,536.9494649288692,266.67422572925943
1048,5,25,10,543.5842055287729,267.4028006582623
1049,5,25,10,533.069010281592,267.03943197067537
1050,4,25,10,542.2637624504914,266.80059199934215
1051,4,25,11,550.2545795485948,266.1899300398158
1052,4,25,11,539.0664245797052,267.49184513803755
1053,4,25,10,545.1028870628694,265.9609313700964
1054,2,25,10,552.5013195883969,265.3077173003108
1055,2,25,11,541.2327431298945,265.4058972646972
1056,3,25,11,568.1911089798039,266.3464726671754
1057,3,25,11,557.0687503207836,266.1939915325451
1058,3,25,10,564.6703769488087,267.6038259817353
1059,2,25,11,553.5998597498457,266.1543598934581
1060,3,25,11,543.2527441079617,264.62326092585084
1061,4,25,11,533.1141222628036,264.0924696715571
1062,4,25,11,522.1799796907544,264.7786767289674
1063,3,25,10,529.4676347073417,263.8572351302132
1064,3,25,11,536.5897648255823,262.5613097741478
1065,2,25,9,527.0496042196102,263.24933931403194
1066,3,25,10,517.2021080424608,261.3143708261846
1067,3,25,8,506.0542164416475,260.53248773329295
1068,2,24,9,511.6340997632667,259.79526784928026
1069,2,25,11,521.0845640951409,260.44926974436225
1070,2,25,10,527.8225558083176,258.4556472631832
1071,2,25,11,553.9057980477162,260.5033498258678
1072,2,25,11,542.9192591223859,260.6234035647014
1073,2,24,9,530.1574132064324,258.8176745969937
1074,2,25,8,539.658833355571,258.63198474541366
1075,2,23,10,525.4453698232389,258.61759128925956
1076,2,24,8,551.5269868494556,259.36838665230385
1077,2,25,7,575.5362969375311,256.90209288218256
1078,2,25,10,564.5169357603708,258.2230777535567
1079,2,25,10,555.2238616714748,260.3141996165957
1080,2,25,9,544.6202276441837,260.03430482357794
1081,2,25,9,533.7347397073293,259.98281808316386
1082,2,25,11,524.5739213248754,260.3363085175582
1083,2,25,11,516.1008515737914,260.2389398696997
1084,2,25,10,524.3009864964844,259.8821781672881
1085,4,24,9,549.3128564743234,258.188091713884
1086,4,24,10,539.270982616514,258.70980418989853
1087,4,25,8,545.9364328392437,257.7738328923604
1088,4,25,11,535.9460574454745,260.09508573753095
1089,1,25,10,524.1623536991249,258.5955569603748
1090,2,25,11,513.6248157732967,258.9958912159525
1091,3,25,10,539.3067236779361,257.36112416074616
1092,3,25,11,528.9174662176229,258.77958999860454
1093,3,25,11,518.2445317909184,258.042724927422
1094,3,23,10,507.29454282014586,257.3634346059219
1095,2,24,11,533.5739937171975,257.67471395163744
1096,3,25,11,543.2672531597293,261.10346788207016
1097,4,25,11,568.7371710102176,259.9287340836233
1098,4,25,9,575.636904119646,260.7290258131402
1099,3,25,11,563.873606351909,259.5138766915881
1100,4,25,10,554.8575883969797,262.0662495620725
1101,3,24,11,545.028825685291,262.2122691956295
1102,3,25,11,552.4055917520001,263.0931997683765
1103,3,25,11,541.6087257827637,262.04921940544307
1104,3,25,9,531.039206502293,260.2899200853599
1105,3,25,9,520.1924414234052,260.5234457819879
1106,3,25,10,509.5749860039322,260.40820572487564
1107,2,25,11,536.1821971986179,260.9872175694731
1108,2,25,10,524.1896010935094,258.7106312558538
1109,3,24,11,514.4522771260681,257.6617198857831
1110,4,25,10,522.4206379586822,259.16537364868447
1111,4,24,10,510.20165276805307,259.52587723176543
1112,3,24,10,518.2439693953044,258.367971827288
1113,2,25,10,544.0970600213776,259.1968696514493
1114,3,24,11,530.3637789089141,258.3203715547113
1115,4,24,11,537.9258680240581,257.97492299552
1116,4,25,10,544.8085640345739,257.2706484278422
1117,3,25,10,552.0267420988544,257.1153102332843
1118,3,24,9,539.0726255303367,254.97753466065475
1119,4,25,8,547.3973815557806,255.16048482616858
1120,4,25,10,538.0248815937439,256.79634397049847
1121,3,25,11,545.3515651332249,258.9289939604958
1122,1,25,10,552.5030773964481,256.59085752773376
1123,1,25,10,540.9830596629367,257.76067215224913
1124,3,25,10,530.2109618665266,256.500652751376
1125,2,25,10,537.6704166093426,257.39934242587105
1126,3,25,11,543.9512802121129,255.56549926254786
1127,3,25,10,534.5798197409447,256.9081801359168
1128,3,25,11,523.9089003924018,256.96663999162286
1129,3,25,10,512.9682388063542,255.28732780278338
1130,3,24,10,539.7643579941433,257.43449623441234
1131,3,25,10,564.9440896011286,259.08512278428685
1132,3,25,9,553.0429567973719,256.73257997924344
1133,3,25,11,540.9002047811562,257.8424256218228
1134,3,25,11,530.0217895215324,255.66641084479312
1135,3,24,11,554.8794962842063,256.532355660624
1136,3,24,10,542.1618355134419,255.49126685319123
1137,3,25,10,568.2222767586791,256.06174920096566
1138,2,25,11,556.6787391244643,255.51494810981575
1139,2,25,10,545.3867988320218,253.97019214358676
1140,2,24,11,532.3411812034644,254.5764958394597
1141,2,25,10,540.5823568332141,255.53698940831993
1142,2,25,10,530.1246571879564,255.82066897201597
1143,2,25,11,519.3952089094524,256.62219023828595
1144,3,24,11,524.4006479144169,256.44215893527996
1145,3,25,9,531.7810744619896,255.8478482039718
1146,3,25,11,520.4818536201336,254.7937125858706
1147,3,25,11,509.9312012829005,256.40205641652346
1148,3,25,10,499.6123822862579,256.6935948793718
1149,2,24,10,508.02049112613247,258.26609402572893
1150,3,24,11,513.2252212150443,258.3329331498865
1151,3,25,10,554.7999780074866,255.5590929912031
1152,3,25,9,544.4065878990069,255.93856535689014
1153,3,25,8,552.2417733668686,254.44595220412137
1154,3,25,6,539.3852346223741,253.11326428390018
1155,2,25,6,529.31463708741,252.41609577907823
1156,3,25,8,537.9660840627619,254.01641832174727
1157,4,25,8,526.4067502623624,253.16833518002034
1158,4,25,8,514.6043713110988,253.69164906753494
1159,3,25,9,522.0650433689204,254.39151823666015
1160,2,24,11,528.3423357475742,254.19390424303916
1161,3,25,11,554.4634280963284,255.92035360556417
1162,2,24,11,560.9668994121824,255.72932671379732
1163,3,25,10,567.8080107166679,254.9771722346301
1164,3,25,10,554.9786416119966,254.48239091393103
1165,4,25,10,542.9368406472499,255.30033907268128
1166,1,25,11,549.1647549081688,255.1974686514561
1167,3,25,11,553.736450913425,253.77891068099947
1168,4,25,8,542.1903688049001,252.3649725135011
1169,4,24,9,530.9031593670543,253.51325372946786
1170,4,25,10,538.369226822678,252.3715568234119
1171,3,25,9,528.1498209153037,253.46464275782492
1172,2,25,11,534.1591904978618,252.8514793852952
1173,1,24,11,523.5170172735948,255.3148721092996
1174,3,25,10,566.6140390928235,252.09098461900433
1175,3,25,10,553.187810558955,251.98801641692205
1176,3,25,9,541.0660346394211,252.23252699693404
1177,3,24,9,548.7185415688219,251.67599512054866
1178,3,24,10,551.6799341142732,251.13092468666954
1179,3,25,11,558.0605226526715,250.62380418573122
1180,3,25,10,546.2794957028811,250.72727912692918
1181,3,25,10,550.7655753991919,250.97119427432534
1182,2,25,11,539.1346785815679,251.7657935783393
1183,1,24,11,526.7679534711407,252.1398536575094
1184,2,23,11,514.6832897177569,252.6843087078237
1185,2,23,10,521.8744971362588,251.86548104651882
1186,2,24,10,526.3848354489995,252.6595117132915
1187,3,25,9,534.2776608402531,250.93489756174102
1188,3,24,8,520.9724250035015,250.69228801819128
1189,3,24,7,525.972902121731,249.11451946614332
1190,2,25,7,553.3439484360466,250.88033004321528
1191,1,25,9,560.5524969691127,251.47689966657376
1192,2,25,9,566.0781268261819,251.87243946692152
1193,2,25,9,554.460704104922,250.73171031210725
1194,1,25,9,542.6093838757092,250.10199949499685
1195,2,25,8,533.5302209858926,249.3552158949736
1196,2,25,7,521.6573794847228,250.380088971792
1197,3,25,8,510.0581032046713,248.62100433170644
1198,3,25,8,517.2263124367001,250.41924740206076
1199,3,25,8,505.71242684928086,249.3730011204697
1200,3,24,9,511.9645299897109,250.8333296759626
1201,3,25,9,518.5563433641709,250.5839745974443
1202,3,25,8,523.479450254509,248.82513539392636
1203,3,24,10,547.7737360661982,250.45957092185117
1204,2,25,11,553.972545886537,248.1083504181624
1205,2,25,10,542.5110089154842,249.59283796697272
1206,3,25,9,548.3148447652555,248.47775834706857
1207,2,25,7,553.967725797435,247.31011370967707
1208,3,25,8,541.9730669269818,245.83819499842036
1209,3,25,9,531.7573595535001,249.02906446688297
1210,3,25,11,538.2780328371182,249.9413903745064
1211,3,25,10,527.130140266616,249.04016610802066
1212,3,25,10,534.241707051366,248.59862990673156
1213,3,25,10,541.1702046231127,248.8890534165786
1214,3,25,9,547.4197934396763,248.15335042779998
1215,2,25,8,551.5066938439049,246.44014657059023
1216,1,25,10,540.9832524344339,249.23948729530127
1217,2,25,9,547.2049214549926,247.02817999725383
1218,1,25,9,534.7642109531618,247.1066701133606
1219,2,23,10,518.6158608749364,246.09045671270997
1220,1,24,9,522.3508352544007,244.3491775726399
1221,2,24,9,529.4842292423011,244.9320349695713
1222,3,25,10,571.9328360644321,245.21215991120212
1223,2,25,9,560.3325602791089,245.17154687427467
1224,2,25,9,548.504820588289,245.38196836029576
1225,2,24,9,537.4556538686887,247.85450632402012
1226,1,25,9,544.1664426206413,249.3848668974588
1227,2,24,9,529.7017995035435,249.01654233263957
1228,2,25,10,554.0815246925492,250.7735294420734
1229,2,25,10,542.3514022004192,248.86911937700285
1230,3,25,9,531.8987590911016,250.5794894612579
1231,3,25,9,519.6926130270915,249.15856710130853
1232,2,25,9,509.27658842691676,249.52434379708058
1233,3,25,9,499.10702914112176,251.24726913859115
1234,2,24,10,485.17826904673166,250.01660049545578
1235,2,23,10,473.08356718609014,251.58680204484028
1236,3,25,10,498.7781427900628,250.18348279334964
1237,2,25,8,507.32757292224943,251.02831890188182
1238,2,25,10,515.1553436015073,251.30506292340806
1239,2,25,9,523.2789955718747,252.84535684565057
1240,2,25,9,548.190877866505,251.00536958595265
1241,2,25,9,535.9739816626711,250.61833982343992
1242,2,25,9,543.0495893429832,251.2414998625112
1243,2,25,8,549.4385779367294,250.70994402636228
1244,2,25,9,536.6577475024764,249.20422771425802
1245,2,25,9,561.6841709744775,251.1114405070536
1246,1,25,9,549.5762028186064,250.47838354141913
1247,2,25,9,537.258973705123,250.8595005096098
1248,3,25,9,542.238191106256,251.64814287232852
1249,2,25,10,548.0822824772345,250.5255481443385
1250,2,24,9,535.2694268001164,250.5368465406852
1251,2,25,7,540.2661871263903,247.60503222996212
1252,1,25,7,563.1271231855583,246.29094669105646
1253,2,24,8,548.4043588633409,247.3821227076707
1254,2,24,7,535.5395789278612,246.6067581705058
1255,2,25,10,558.9867368815845,247.0139027991608
1256,4,25,9,563.834191435932,246.6102303632496
1257,4,25,11,569.5486012480454,246.8958874349224
1258,4,25,8,557.6079598254573,247.22548650239872
1259,3,24,10,561.9565927818652,246.98628168278282
1260,3,24,9,582.684488028575,247.25676355268445
1261,3,23,9,565.878386625307,247.2032874621268
1262,2,25,9,590.4848175316971,247.63680786741244
1263,1,25,8,576.9583724256591,246.53083586249022
1264,0,25,8,563.2620661555513,245.8190640226386
1265,2,25,7,551.4007372666287,247.29527606049024
1266,1,25,7,540.8284719838504,245.88834439998752
1267,1,25,5,528.5130798885924,246.4473147683214
1268,1,25,8,517.4991895674304,247.91146290146054
1269,1,25,8,505.7542615210219,248.75211945706693
1270,2,25,9,494.79730466320075,249.91425721736812
1271,2,25,10,501.10875856347496,250.15729165669714
1272,1,25,10,507.2497531304329,249.16328713362995
1273,2,25,11,497.7243758005449,250.0032982996134
1274,3,25,9,505.9315600899598,250.78720384548083
1275,2,25,8,495.4195066924786,249.6035578791175
1276,2,25,8,485.1656022664993,249.53973671293969
1277,3,25,8,491.16367416942575,248.95926000185167
1278,3,24,7,478.49873204246796,248.92777005094484
1279,3,24,9,538.1479358616344,249.4332414103347
1280,3,25,7,543.7605500883893,248.3997288253855
1281,2,25,10,548.7186061799376,247.90575496850204
1282,2,25,7,535.5386625022968,246.08347065738144
1283,3,25,8,542.1859418073007,246.6429935543063
1284,3,25,10,548.651808206502,248.21224404284334
1285,2,24,9,552.9406581204076,247.47311769113196
1286,3,24,10,540.1082257783635,249.29354736712094
1287,3,25,9,564.0950414316412,250.98732093883913
1288,3,25,10,550.9531545491749,247.39745626141357
1289,4,25,9,537.63878360971,246.69238322811776
1290,3,25,9,544.1569043773923,247.9677903247232
1291,3,25,9,533.4959744911807,247.60389157065595
1292,1,24,8,538.5996398951414,247.2243235122901
1293,2,24,9,561.0606545922658,245.65534003735414
1294,2,25,9,602.4296062362308,245.7316611232287
1295,3,25,8,587.7158808195252,244.64329386327302
1296,3,25,9,610.3714865734959,246.59299031309027
1297,3,25,8,595.4276515965922,245.1391221028389
1298,3,25,9,582.3595511459574,245.08884943145753
1299,3,25,8,589.1190513919983,247.52204985055997
1300,3,25,7,574.691157440619,245.65181874465262
1301,2,25,8,561.6268949088269,245.89706797475614
1302,2,25,9,551.3913319502138,248.79000490553335
1303,2,25,8,539.9112752244041,249.03037232727505
1304,2,25,8,527.2195905513644,248.85767335719413
1305,3,25,9,516.3483606227866,249.38646016126617
1306,3,25,7,504.25054282813215,247.72028490365312
1307,3,25,8,492.95863502341757,247.77525451440232
1308,3,25,8,482.95203851601775,250.30277158779467
1309,3,25,8,472.1975555324812,248.67463108666846
1310,2,25,8,479.71518096234297,250.3255172970404
1311,2,25,7,469.5262503023231,249.6562243099166
1312,2,24,8,477.59508287920295,250.96890462871872
1313,1,24,8,467.9426373876079,251.96003380539318
1314,1,25,8,528.0343062618742,249.20360571707363
1315,2,25,6,533.5362053919998,246.82038292601047
1316,1,25,4,540.3827338508951,247.11833662593742
1317,2,25,7,544.5382540260754,246.61216986575855
1318,2,25,7,585.0734270347608,245.597582984298
1319,2,25,9,573.0283914143965,246.23003686329633
1320,2,24,9,558.2896432658692,248.99672290785486
1321,2,24,9,543.9288322755979,248.76046268391588
1322,1,24,9,545.4365553350437,247.90943459532767
1323,1,24,8,549.8935054656913,246.3614820116825
1324,2,25,9,554.7215268257726,246.2990753252568
1325,2,25,9,578.9106077497024,247.67211206075766
1326,2,25,9,565.947099816993,249.03422550703704
1327,2,25,8,551.3160651726629,244.20328439044516
1328,1,25,7,557.0623118664897,245.32705755603365
1329,1,24,8,540.6447970018912,246.47213091913224
1330,1,24,10,544.1528467864537,247.67067990331572
1331,1,24,9,546.0566993898111,247.19238545496486
1332,1,24,10,548.3989503028793,246.34074313765916
1333,1,25,9,553.6678356726173,246.80263924413444
1334,1,24,8,540.2851792016846,245.815665767139
1335,1,25,11,545.2487663018125,246.4102756727721
1336,1,25,10,548.5689206510408,245.93741042607456
1337,1,25,9,553.2893890976447,245.33483446787773
1338,1,25,9,538.8725664302046,241.38344429344852
1339,1,25,8,526.3307604860165,241.0341284172824
1340,2,25,7,513.114297489804,239.11574801882222
1341,2,25,8,498.74177341594026,239.19375321614865
1342,1,25,11,487.24474560226923,239.81991582802894
1343,1,25,11,492.54655312020503,238.7313299491118
1344,1,25,9,480.6961031571467,236.22115328624525
1345,1,25,9,468.1545793670322,237.80895279439667
1346,1,24,10,490.44105947528453,238.89819893197995
1347,1,24,10,497.1177787178331,237.8394369316585
1348,1,24,8,503.6046847884131,238.47989434873247
1349,1,23,8,562.4066317776345,239.30112755436178
1350,2,25,8,585.6108541044512,238.3354372745622
1351,2,25,9,570.6768502113617,239.86980342305995
1352,2,25,9,558.1349495664592,239.31051247562732
1353,1,25,10,582.4210192160036,240.59747918919754
1354,2,25,9,568.538259400447,239.70987458899376
1355,2,25,9,555.5200739555078,238.29939479740742
1356,2,25,8,559.8435709346471,239.06164928823458
1357,2,25,10,580.5386178042936,237.70543323976304
1358,2,24,7,563.1603903295418,235.82708923362796
1359,2,24,11,567.7428923051976,238.3083985074492
1360,2,25,9,591.189487019309,238.82630006880365
1361,2,25,8,576.4865105674562,237.88950045490608
1362,2,25,9,562.6722194044115,238.00751066761254
1363,2,25,10,549.72297608826,237.87277960810516
1364,2,25,8,556.1157346853851,238.86833674354168
1365,2,24,10,539.8229765132868,237.23954653659047
1366,1,25,8,544.4642141797566,236.25973834247333
1367,1,25,8,530.9677639488948,235.55825168702816
1368,2,25,9,517.8296873120659,235.83920965445606
1369,2,25,10,504.5407118582743,236.2320917778244
1370,2,25,10,529.6054977381704,237.70630383661873
1371,2,25,10,515.4729163750025,238.15076372274854
1372,2,25,8,519.7175409344852,235.52279719391652
1373,2,25,8,506.835298645237,234.38453923779568
1374,2,25,8,514.2966660232787,234.34045654780573
1375,2,25,8,502.04270909245133,236.87240198875094
1376,2,25,9,489.6156951230398,235.643422818663
1377,2,24,10,477.0208802641641,235.69150164919958
1378,2,24,9,484.2633861888965,236.49149074142716
1379,2,25,7,491.29660338261954,235.67474930619122
1380,2,24,8,477.12601851407203,234.18183821212887
1381,2,24,8,500.33699926752615,234.15367776047117
1382,2,24,7,506.8968859925845,234.35217369580917
1383,2,25,7,514.7653195108423,235.25306563362656
1384,2,25,7,555.9058168515951,233.56955085504785
1385,2,23,8,558.3964271096187,235.38574039769898
1386,1,23,6,540.8068795349528,235.23407533849317
1387,1,25,7,563.194098081466,235.99721620285644
1388,1,24,8,566.4490313035373,236.64698809031378
1389,1,25,7,606.6022785987378,233.91023697222678
1390,1,25,7,627.6279366385057,233.93057321646396
1391,0,25,7,614.5565288260352,234.75583430242727
1392,0,25,7,599.8364764483313,236.1819010441086
1393,0,25,8,586.0142335992934,235.32522811659283
1394,0,25,8,572.0653581513579,236.74241607113893
1395,0,25,7,576.4939360437479,236.6103787908765
1396,0,25,9,562.7874267342193,237.4859510743575
1397,0,25,9,548.9523474160779,238.06678002267836
1398,1,25,9,534.4928411671372,234.9058574495501
1399,1,25,8,538.4269328560935,235.39486072677258
1400,1,25,6,524.2401801209356,232.76186801392828
1401,1,25,7,509.44017165875977,232.059189547745
1402,1,25,6,496.0446706302609,228.66207470469695
1403,1,25,6,502.0148585571886,229.74077209845467
1404,1,25,6,524.8074827137154,229.14353835466483
1405,1,25,7,512.9495938342728,230.48744343987266
1406,1,25,8,499.9146526404659,230.60109174031496
1407,1,25,8,486.73625569997597,228.08959045084103
1408,1,23,8,494.9189641242774,229.81928426292254
1409,0,25,7,518.3613491000681,229.59395978392135
1410,2,25,8,505.13276044025895,230.42188549094783
1411,2,25,9,511.7671153254476,230.16309941050918
1412,2,25,7,519.2040133734697,228.7417699420684
1413,2,25,6,525.9205093403483,230.80533219566752
1414,2,25,8,512.436678721016,229.8947424007601
1415,1,24,7,518.323922098024,230.68411212443965
1416,1,24,9,541.5341900090208,232.62015154621915
1417,1,24,9,543.076312448978,231.67484165144492
1418,1,25,7,548.0638696127377,231.40077010164026
1419,1,24,7,534.399018377941,230.8145401170132
1420,1,25,7,558.1112876408203,231.760166795034
1421,2,25,7,562.1389662308809,231.11978821923412
1422,2,24,7,566.0409354160874,230.4144462004957
1423,1,23,7,585.8206117789584,230.3911504970452
1424,2,24,7,609.0256421403064,231.11392931379845
1425,2,25,8,612.0576127241205,231.78394037562407
1426,2,25,7,598.4909309940414,232.51383205012127
1427,1,25,8,583.7992012082842,233.79587537897189
1428,1,25,8,569.5150974065884,233.84499157924301
1429,1,25,8,553.1275573075209,231.42299216532442
1430,1,25,7,539.6973105533385,231.31509992751592
1431,2,25,8,543.6403749101148,231.07218527399127
1432,2,25,9,531.4597159575019,230.54704605230464
1433,2,25,9,518.6172818829726,231.08844853091293
1434,2,25,10,522.6325396233818,230.81677023192486
1435,2,24,9,506.5221871210035,227.87377383191023
1436,2,24,8,494.36407129170107,226.32494161616876
1437,2,25,7,499.04524926759035,225.3931741540291
1438,2,25,8,486.08190928346727,225.86547052754355
1439,2,24,10,493.48167331910184,225.7353853583419
1440,2,25,10,518.1586025123245,226.67385318787825
1441,2,25,9,505.6144729727321,225.94712637219607
1442,2,25,8,509.9217529570113,224.77232247643124
1443,2,25,9,533.0946125514847,225.17654090862553
1444,2,25,9,538.0880415258106,224.46212150838338
1445,1,25,7,540.9264985105275,220.93025801877496
1446,2,25,9,543.1721055584159,221.8723263296161
1447,2,25,10,529.8419062083681,222.2042336021256
1448,1,25,8,535.8868859893865,220.51691291973154
1449,1,25,7,541.2460854182268,219.57832602413575
1450,2,25,9,528.4391503259111,219.52812060572208
1451,2,25,9,532.9930475682659,219.35955895756294
1452,2,25,9,536.4041308516962,219.29675826448107
1453,2,24,9,576.2054281939587,219.16994088363208
1454,2,24,7,577.3385757268912,215.84972844909564
1455,2,24,6,598.4272245580514,217.14927888319818
1456,2,25,7,601.3902251637338,218.50201977365114
1457,1,25,9,585.7549153872753,219.10138279089577
1458,1,25,8,572.5635034393952,218.99644137866295
1459,1,25,8,557.7453017938465,218.79215250869092
1460,2,25,8,561.8483403662789,218.88317899751792
1461,1,25,9,584.320333245589,220.77173129011953
1462,1,25,9,568.6240080863008,220.59376366577658
1463,2,25,10,554.3752709945085,221.28142421956957
1464,1,25,9,558.532364444602,220.51949749193233
1465,1,25,9,545.056567551188,221.78133210079366
1466,1,25,9,530.4647103753999,219.86232643645945
1467,2,25,8,517.2900771577985,219.56054179415648
1468,2,24,6,504.99164187725825,218.45240937327597
1469,2,25,8,509.0441888237172,218.34136119858846
1470,2,25,8,514.4674910571127,217.47815458944262
1471,2,25,8,519.2210588550253,219.61131865416533
1472,2,25,9,504.82439226714604,217.3105055473856
1473,2,25,9,490.8414670557687,215.49101947202135
1474,1,24,6,475.26066199177745,213.7598390109689
1475,1,24,7,496.6296738478328,214.82294149248995
1476,2,24,7,482.85836726065753,214.40791713301235
1477,2,25,6,506.9839324765905,213.69995847843174
1478,2,25,3,511.8866888173953,213.18060303030782
1479,1,25,6,535.1342819469895,213.5683562875159
1480,1,25,6,541.1835085861715,216.81188502296976
1481,2,25,7,529.0428544466617,217.00571803873945
1482,2,24,8,516.7512256256755,218.1872066069722
1483,2,24,6,521.8135856584307,218.63627449944622
1484,2,24,7,507.2153598209013,220.28141571694061
1485,2,24,7,544.5402650190333,219.32709056734078
1486,2,23,8,528.2457297274805,219.88218088207762
1487,1,25,8,568.924903110198,220.17362277903305
1488,1,25,8,589.8828993784513,219.81713844306586
1489,2,25,9,591.7053880197737,218.42521545964112
1490,2,25,9,594.4617688415973,219.5207015390532
1491,2,25,9,595.1241202795536,218.2609748787783
1492,2,25,9,598.2548179152245,217.74948895037016
1493,2,25,8,582.2801304370887,220.05827461250243
1494,2,25,9,567.2708015244413,222.31409821821632
1495,2,25,8,553.1986059436733,220.55822251952998
1496,2,25,6,540.5361050386514,221.74637368880525
1497,2,25,5,545.2416554386069,219.23681957304274
1498,2,25,7,532.295416826479,220.6345980057722
1499,1,25,6,517.726401614834,221.77527467174497
1500,2,25,7,504.08381095120177,220.3867602215964
1501,1,25,8,510.34041633125946,221.41301734917536
1502,1,24,6,535.3989916094812,223.00106998250922
1503,1,24,7,519.694099306513,222.27448075676526
1504,1,24,7,503.45090218418585,222.07359923030793
1505,2,25,6,509.18623141325463,222.74884612595133
1506,1,25,6,496.7387435079002,220.74147910927002
1507,1,25,8,485.1562391633849,222.85348301048094
1508,2,25,8,490.41312837503,223.0406451137745
1509,1,25,7,477.00166154548435,222.2244737507633
1510,1,25,7,480.9854127516235,221.85587597549738
1511,1,24,9,484.8392349630823,222.3381291580497
1512,2,24,9,525.5668978826114,221.69417114622152
1513,2,25,8,565.0524449374964,222.40772140021198
1514,2,25,7,567.8318582896018,220.76169502180764
1515,1,25,7,571.5157543682396,220.2521626765581
1516,0,25,6,557.0765980806074,220.40603421741602
1517,2,24,8,539.0640954796546,218.46806498114125
1518,2,24,7,557.0873109257051,216.7372855782709
1519,2,23,7,542.5521998045949,218.45916772894898
1520,2,25,8,562.9478143153481,218.7440839832495
1521,2,25,6,565.712143188688,216.3489923484842
1522,2,25,7,568.381066934837,217.64395598006402
1523,2,25,4,571.9573810208146,217.0283255509872
1524,1,25,6,572.9133214321131,216.77246975315919
1525,2,25,8,575.3286665132464,217.70055635354444
1526,2,25,9,560.6588369960749,218.93850223341227
1527,2,25,8,545.4255174990276,219.12113810754846
1528,1,25,9,531.1465150690701,219.38596407858287
1529,1,25,9,534.7932560230707,220.18219346467876
1530,2,25,9,518.8177837735775,219.38589095773972
1531,2,25,9,541.3207846192433,218.29644756082612
1532,2,25,7,545.1239171633225,219.41078617172886
1533,1,25,7,530.7996192479078,219.47885346794405
1534,2,25,7,516.9038883141948,218.94094481225852
1535,2,25,5,503.4241403277618,217.49547259399603
1536,2,25,6,490.3481521217057,217.6868230358175
1537,1,25,6,477.6640513102973,217.97944887860555
1538,1,25,6,482.3603064768053,216.72631145059293
1539,1,24,5,467.902457628262,215.228520338681
1540,1,23,7,510.3802633181243,216.46788130587296
1541,1,24,7,550.0395449874725,216.63895612681074
1542,1,25,7,554.9655268048716,216.37303118386683
1543,1,25,7,540.7284920324861,215.0695270459143
1544,1,24,7,526.9199975833358,215.25632226339303
1545,1,25,8,567.0273710428235,215.5279577908291
1546,1,25,8,549.8840861149921,215.78371036503657
1547,1,24,8,551.759873875407,214.15400634932817
1548,1,25,7,573.0665895650372,214.60129290387917
1549,1,24,6,574.2021880051252,213.89122227237618
1550,1,24,7,557.791121561779,214.63970590816186
1551,1,24,8,578.3776423557455,215.5074637545461
1552,1,23,8,558.8140017218359,215.84498438521314
1553,1,25,7,580.3464402131684,216.01429702582897
1554,1,25,6,566.698474236156,217.44574452890424
1555,1,25,6,551.9633530722243,218.1092603979092
1556,1,25,6,538.1754549094295,219.01353713225694
1557,0,25,7,521.8058726283626,218.51303762315368
1558,1,25,6,509.9356030220756,219.29937337105662
1559,2,25,6,515.4250123046601,220.45073175129684
1560,2,25,7,522.2329533055674,221.3995904568116
1561,2,25,7,526.3180418881805,221.59385612929592
1562,2,24,8,514.2650676444065,222.4419597991723
1563,2,23,9,500.5783430146551,222.7775067588562
1564,2,24,9,503.80945382996947,221.64480911143062
1565,2,24,8,491.4294193099042,221.77433312720123
1566,1,24,7,475.92705128193074,222.08519760785245
1567,2,25,7,498.40069887956787,220.59274681492704
1568,2,24,7,483.16005434751736,218.6094082835301
1569,2,24,6,486.38769322690507,215.64999815207588
1570,2,25,4,493.504321044393,215.13392836112672
1571,0,25,6,480.887616661991,215.4076797549359
1572,0,25,6,503.1577113789508,215.17647413025045
1573,2,23,5,508.21757116378177,215.2534692369002
1574,2,25,5,565.1080834083587,213.07699992160147
1575,2,25,5,604.1963801658081,212.40849896028223
1576,1,25,6,587.0413116477947,213.12646004722322
1577,0,24,6,571.9152300632361,213.83137303348903
1578,1,24,5,574.2547867872531,214.48724802804816
1579,1,24,5,577.5090220053245,213.99715340001393
1580,1,24,3,595.148938294769,213.8569102984061
1581,1,23,2,578.7195302507012,215.00111568131646
1582,1,23,4,557.2980456983818,213.51663524931703
1583,1,25,5,578.0431909563838,213.78670044487038
1584,1,25,4,562.1199840516983,214.0247231769672
1585,1,24,4,546.1899819420722,214.43818485143413
1586,2,24,5,529.2540370996825,213.5260445678837
1587,2,24,6,513.8447153469514,214.50856713146106
1588,2,24,7,498.414208572345,214.2360936204184
1589,2,23,6,482.4638064087286,212.82108097498016
1590,2,25,5,504.5106587497438,212.37608404151993
1591,2,25,5,506.8463309731398,210.62027910249
1592,0,25,4,492.5975451797678,209.50303192964688
1593,1,25,5,515.2925887751531,210.35428921267146
1594,1,25,5,500.75426242981405,208.85348525591965
1595,1,25,6,488.6694028431158,210.84929539459213
1596,1,24,6,473.4602768891763,210.2041207403029
1597,1,24,5,496.7271570301488,209.42049255184529
1598,1,24,5,481.240958476278,208.9689584294753
1599,1,24,4,466.74007400901945,208.22833499861053
1600,1,24,7,491.69359302554363,210.7241958436211
1601,1,25,7,515.3387655616785,210.72661915780546
1602,1,24,8,536.2165128978951,211.4371861763469
1603,1,25,7,539.9146128792014,210.85726266869196
1604,1,24,6,525.4833534828493,211.48884436021714
1605,1,25,7,547.0045392208626,212.12206832912932
1606,1,24,7,601.8239548059014,214.25530040442604
1607,1,25,8,602.8705342832525,213.46498354537974
1608,2,24,6,585.8714192855158,211.97371727894193
1609,1,24,5,569.4072783977207,211.11302248055628
1610,1,25,6,590.461565418127,212.58637826134833
1611,1,25,7,609.8260951651677,213.61971725751926
1612,1,25,7,610.5545032418554,212.9162103470542
1613,1,25,7,594.247216352086,215.29011473326534
1614,1,25,6,576.9541175930534,214.42486861258462
1615,1,25,6,561.2077009796105,213.7295611842282
1616,1,25,5,545.4586694687623,212.84456036578248
1617,0,25,7,530.7077374829553,213.38318315642823
1618,0,25,5,515.4232364828197,211.19777005041652
1619,1,25,6,501.6230334703188,212.0667117512216
1620,1,25,5,506.25964857069323,212.33833162248914
1621,1,25,7,511.23591214884414,213.43652336184368
1622,1,25,6,495.0406205435484,213.60562103671552
1623,1,25,6,499.36080338551756,212.9889252028131
1624,1,25,8,503.5307658763688,213.7176378222541
1625,1,24,9,507.05521737019956,214.52470698951942
1626,1,24,7,491.95498308613344,211.6079668068359
1627,1,25,8,495.33596932132343,210.65695951057344
1628,1,25,7,481.59703154503393,211.1731060184882
1629,1,25,8,487.2958016421095,211.12297575548925
1630,1,25,8,510.7991598933895,212.520993704528
1631,0,24,8,498.52609268247994,213.20729434418683
1632,0,25,8,538.6434024021365,213.56125164018403
1633,0,23,8,538.4405102644956,213.0659861672331
1634,0,25,7,594.7334757738647,210.07461824795766
1635,1,25,6,578.174892500872,208.80659979322402
1636,1,25,6,580.1462114030563,207.95577346085756
1637,1,25,6,580.041425826533,206.83162022065818
1638,1,25,6,599.9284701012685,207.97539837942463
1639,1,25,6,600.6520162361618,208.62021271690463
1640,1,24,8,601.3398314884284,209.28423879420575
1641,1,25,8,619.493059603791,208.5762323219554
1642,1,25,5,600.5381089112153,206.28888782181738
1643,1,25,6,580.6936280372056,205.7322508408676
1644,1,25,6,562.489622932155,205.69873751440346
1645,1,25,8,547.3729157224999,206.57476162881647
1646,1,25,8,531.742600721728,205.94486908495026
1647,1,25,6,518.1162008387671,206.5315984759999
1648,1,25,6,519.428292243934,204.78084473137298
1649,2,25,6,505.1867485505419,204.4675421261423
1650,1,25,4,491.4047872331868,204.99478695857877
1651,0,25,5,479.06780254355976,207.24787496608167
1652,0,25,6,502.1286037323333,207.28030928602573
1653,0,25,6,510.41743347775514,208.59675487605318
1654,0,25,6,496.9220261631238,209.74525504322068
1655,1,24,6,482.36310848193716,209.88162480098052
1656,1,24,6,487.2764437138282,210.67679237035946
1657,1,24,6,493.0173037539647,211.76165119913338
1658,0,24,7,497.55805134629605,210.74805799625977
1659,0,25,7,502.43827658743874,211.32895403582648
1660,1,24,6,523.6465271895486,211.52587614522847
1661,1,25,3,527.6401909411245,210.3702374870609
1662,1,25,5,530.4906323790543,210.7673006370553
1663,1,25,4,533.7357153309398,210.22826298606952
1664,1,24,6,516.3621921095389,209.5887029880883
1665,1,23,6,536.556532497104,208.00756917375352
1666,1,23,6,593.0676702191133,209.45280019668064
1667,1,25,5,630.6839954788209,209.9089435126264
1668,1,25,5,628.0335787744601,208.6528281398326
1669,2,25,6,612.9590192997814,210.56324261197403
1670,2,23,5,595.3753894399815,208.04871907117376
1671,2,25,5,612.3671453097102,208.3948562237484
1672,2,25,5,593.7787893553663,208.14571426882145
1673,2,25,4,576.8001524483484,208.39420205277813
1674,2,25,4,557.3780847291905,207.82866765033222
1675,2,25,5,541.5951202755754,207.80299887835406
1676,2,25,5,525.8300532287509,207.25554184768095
1677,1,25,6,511.0829146282714,207.09763079186612
1678,1,25,6,499.3201733981594,208.5640690921476
1679,1,25,5,485.442203360262,208.18255459786587
1680,0,24,5,470.52054671216996,208.06752487220098
1681,1,25,5,492.59084731651956,208.0880110724125
1682,1,25,7,513.9092925976047,207.72633239858754
1683,1,24,7,497.00030719358205,209.21643090982906
1684,1,24,7,479.65053823211497,207.87908691293387
1685,1,25,7,485.8755164785055,209.0892780703829
1686,1,24,6,490.38099544766305,206.9798906747893
1687,1,25,5,494.2247420460717,206.60716979585874
1688,1,24,6,497.9289161394091,208.87338435663065
1689,1,24,6,478.99807873703264,207.82513333732356
1690,2,25,6,520.6971450605338,207.5685816181102
1691,2,25,7,522.4763689993993,207.84773753171896
1692,2,24,6,561.6849700572724,208.07487233862105
1693,1,25,7,564.5555183559459,208.6161949157672
1694,1,25,6,548.3175787788592,208.94183090554083
1695,1,24,5,553.1188142430688,209.49594024800243
1696,2,24,4,538.7462254487566,209.4682266311752
1697,1,24,5,576.8503799418386,210.41484858669483
1698,1,25,6,613.1497424238265,211.40053170143477
1699,1,25,5,594.7041155610777,211.11517146553447
1700,1,25,4,594.3733770168138,209.9744930458657
1701,1,25,7,594.5419961155146,211.36253216518946
1702,1,25,8,576.6929879525553,209.7237762106256
1703,1,25,7,558.440026167704,209.638820711228
1704,0,25,7,543.2975914607215,210.4409226114177
1705,0,25,9,525.6603449767236,209.7146992154655
1706,1,25,8,510.1140153909306,208.09687925626284
1707,0,24,8,495.587924290297,209.70816818486892
1708,0,24,6,497.04784218135325,209.10879105192151
1709,1,25,7,516.4479483204074,208.0382755116971
1710,1,25,7,517.6746298726622,205.37802162433883
1711,1,25,6,500.84900542323254,204.26890128788034
1712,1,25,5,504.5891368623538,203.2845483310872
1713,1,25,6,507.6911144182624,202.5749180976429
1714,1,25,6,548.6766644008171,205.28662347263742
1715,0,25,6,533.2462561966819,205.72591924619363
1716,0,25,5,552.8344460688245,204.60891827630115
1717,1,25,5,556.2393125756339,205.48770019031193
1718,0,25,2,538.0161311803479,202.4129129580115
1719,0,25,3,541.9083379751803,204.61222691962902
1720,1,24,5,526.6558925336469,205.61618123637857
1721,1,25,4,566.9175980974516,204.674082889364
1722,1,25,3,551.2821574037881,204.95040628837447
1723,1,24,4,554.6741756444663,206.17399372547632
1724,1,25,4,555.4382114530579,206.90035144534627
1725,1,25,5,558.1647945427402,208.11117013894918
1726,1,25,5,542.7861472199376,206.26635280379108
1727,1,23,5,543.4275150797737,207.35762936436305
1728,1,24,5,543.5358615434295,207.67422179728223
1729,1,24,6,542.1295928360705,207.28192983053825
1730,1,24,6,525.2611103087552,207.8930981626522
1731,1,24,5,542.965772054679,206.4252867530064
1732,1,25,4,544.5466390955177,204.85868634943782
1733,1,25,5,527.0618539692797,205.48965565331042
1734,1,25,5,531.6725502584379,207.1393176230502
1735,1,25,6,515.1127141492829,205.48187472951798
1736,1,25,7,500.1172020988326,206.84666938284238
1737,1,25,7,483.63233188273193,205.5515318302579
1738,1,25,6,486.21047341130094,205.2925930943964
1739,0,24,4,488.1892745308687,204.06117381116061
1740,1,24,4,508.5894891620072,205.7919390614297
1741,0,25,5,547.269604534199,205.2244337384793
1742,0,24,5,548.5919328970402,206.6057858397748
1743,1,24,4,548.3572195010622,204.2000863539977
1744,1,24,4,528.1197210696779,203.52020226475506
1745,1,25,4,530.577544189159,202.40846127380152
1746,1,25,3,534.4389777308863,201.63019674605744
1747,1,24,4,537.1548812337819,202.05872068485513
1748,2,24,5,537.7651479706617,203.4507213770943
1749,2,25,4,558.3433244794608,202.17618337424742
1750,2,25,4,544.1905095074924,204.50524610945405
1751,1,25,5,528.5221592493527,205.64411781313515
1752,1,23,7,511.3919441740682,204.57035101864628
1753,1,22,6,490.85174399613817,204.80334366523783
1754,0,25,5,567.0218662015665,203.13459699271644
1755,1,25,5,550.0086000827042,202.22043959799055
1756,1,24,5,533.0814994326124,201.83826195418712
1757,0,23,4,515.7382169273633,200.99469682088787
1758,0,25,4,536.99406260501,202.1553164700166
1759,0,25,5,537.4918128673785,200.7233965454248
1760,0,25,5,522.9613024392595,201.1486487288013
1761,0,25,6,527.4318067521616,202.88792085914378
1762,1,25,7,511.7343112670282,203.64491958248317
1763,1,25,7,514.0797608365656,204.53158324464954
1764,1,25,6,515.8322282590643,202.40824897000408
1765,1,25,7,499.01255198633214,201.27985700315708
1766,1,25,6,483.77663003498765,201.21483668563837
1767,1,24,5,467.069165314364,200.24387568486694
1768,1,24,4,506.94280101366087,200.37969135321836
1769,1,25,5,528.3963660986103,200.26080648209592
1770,1,24,5,511.5803361235323,200.5584240236249
1771,1,24,5,515.3493620028496,202.3106182120898
1772,0,24,6,552.4745819982813,202.10497902514754
1773,0,24,6,553.7730347054351,202.68495453642856
1774,2,25,6,556.014368818899,203.52578644837357
1775,1,25,6,575.1650601106409,203.295600748323
1776,1,25,7,559.1243985603237,203.67905208295707
1777,1,25,6,578.1423188203026,203.84706762634437
1778,0,25,6,558.9727793478654,202.04351446386693
1779,0,25,7,541.4737292434811,202.4785337578134
1780,0,25,7,542.586465867226,201.6033233015625
1781,1,25,6,543.1487373378482,201.03415112858283
1782,1,25,6,544.18011772394,200.8159120498729
1783,0,24,6,525.1638561107171,199.75914594394908
1784,0,25,5,563.3152111094996,198.5745543433044
1785,0,25,5,565.5940594577032,197.87453002231703
1786,0,24,3,546.7802410386869,196.99338656465014
1787,0,25,3,548.127516608777,197.72582605332397
1788,1,25,4,548.9156779996599,195.9387714445647
1789,1,24,4,551.1646764256449,195.2708969289136
1790,1,24,4,532.3221823944195,196.53079130302157
1791,0,25,5,535.1436032058642,197.05622588428312
1792,0,25,4,518.8532578517788,195.87613100299671
1793,0,24,4,520.1363814100268,196.26638498393115
1794,0,24,6,520.8630894298478,196.23871912940962
1795,0,25,3,523.553305904129,195.01639670647822
1796,1,25,4,507.63647254086555,196.4351352753524
1797,2,25,4,529.7812191025596,195.1098467580366
1798,2,25,6,531.6194878484444,195.02128985796875
1799,2,23,4,532.8810200604702,195.80314090125177
1800,2,23,5,554.586504723106,195.94261259981124
1801,2,25,5,572.9995002077925,196.1324177739786
1802,2,25,5,556.2377996051165,195.03591894531195
1803,1,25,5,541.0690659361687,196.82665124671487
1804,1,25,4,559.4364954220046,193.72049467268405
1805,2,25,5,543.130039322083,194.07777729916324
1806,2,25,5,528.9013836865821,195.50649113173162
1807,2,24,5,511.6760890649618,196.49363094952503
1808,2,23,4,494.56308306918555,196.3267238345338
1809,2,23,4,493.5589921085552,194.11473181318584
1810,1,25,5,533.0813579790383,194.8423825837328
1811,1,25,6,536.6623525778502,195.83284956656257
1812,0,24,5,519.1029103052418,196.90885022276478
1813,1,25,4,537.6694401623865,194.74857825735134
1814,0,24,3,556.5519942581079,193.88181689054738
1815,1,25,3,557.2383582513513,193.91842996302526
1816,1,25,4,537.888662464475,192.726836317561
1817,1,25,4,521.2309898553289,191.58073599690707
1818,0,25,5,522.1682324490018,192.23858797463038
1819,0,24,5,522.56095353732,191.71014926062676
1820,1,25,4,541.4289362133743,190.35751541628255
1821,1,25,6,524.0992957412959,189.11293354858512
1822,1,25,5,508.8903187892959,190.26931633008724
1823,1,25,5,529.225379151051,190.00049645031558
1824,2,25,7,528.8084387044335,190.29300587837895
1825,0,24,7,530.3961320765344,189.99255972613346
1826,1,24,6,566.9152667179121,190.99298052079018
1827,1,25,6,566.5893842568524,190.2260352155825
1828,1,25,5,549.2640777532347,190.07215068481722
1829,1,25,5,535.0611991738341,192.34303895133746
1830,1,25,6,516.8671606688846,190.49377629593621
1831,1,25,7,572.3286866300028,190.21022414304406
1832,2,25,7,554.2477649366923,191.0489940826846
1833,2,25,6,536.8182432589259,190.91092176211697
1834,2,25,5,540.0169514810013,192.46291321406684
1835,2,25,5,523.0875307464613,191.6289719478558
1836,2,25,5,523.7689580022641,189.47138536906613
1837,2,25,5,526.4148878700737,190.20069924082432
1838,2,25,4,546.4530779767825,189.03599364619038
1839,1,25,4,528.2437351536092,190.14057793804875
1840,1,25,4,548.1935670847693,190.1403183358647
1841,1,24,4,546.3982813295208,190.0235448984956
1842,1,25,5,565.658170030154,191.13115005667672
1843,2,25,5,548.1972112676553,190.93371394560018
1844,2,25,5,530.868899500917,190.56047796890977
1845,2,25,5,533.669038494146,191.6834003940413
1846,2,25,6,517.3551789777548,192.32082129019523
1847,2,25,6,516.6332800511293,189.70161448212264
1848,2,24,6,518.4277154052525,189.32518030869727
1849,2,24,6,516.645459874379,189.94766267945252
1850,2,25,5,536.4187792438397,190.22767171255447
1851,1,25,6,553.9497574210455,188.98235697169181
1852,1,24,6,535.8206597909829,189.33446886776278
1853,1,25,4,557.8523475239418,188.73727648124213
1854,2,25,4,540.0563838625668,187.7172869457027
1855,2,25,3,542.9094934060784,189.30757966220145
1856,1,24,3,539.1458943956575,186.65256559410437
1857,0,25,4,575.5112172626156,185.31479345617825
1858,1,25,3,556.5144218139495,184.93656828358834
1859,1,25,3,540.2124169957197,186.10828475481708
1860,1,24,3,521.5057164682917,187.3703912204947
1861,0,25,4,521.9844750861547,185.70021257091247
1862,1,25,3,508.93497461875904,186.87297549853528
1863,1,25,3,494.86125884927685,186.68851069862254
1864,1,25,3,516.8020325041886,187.586271267169
1865,0,25,4,518.4145180765952,187.31838198771703
1866,0,24,3,523.4564896467894,187.30192540297406
1867,0,24,2,523.7998257081911,185.9173367084255
1868,0,24,3,525.1198656045458,186.6990581983499
1869,0,25,3,543.8800864130607,185.53848509237775
1870,0,25,2,543.428172566025,185.44700382993537
1871,0,24,3,524.9822917334171,184.56877073556475
1872,0,25,3,525.7161561157308,185.4665885114669
1873,0,25,1,526.9120302924483,183.5186048360949
1874,0,24,3,508.5525687819001,182.45536691526524
1875,0,23,2,508.87104883739164,181.1612632942391
1876,0,24,1,510.1674084698255,180.538615721044
1877,0,24,1,545.404925340681,180.55646042609155
1878,0,25,0,583.8087177296978,180.81397362130363
1879,0,25,1,565.2583875022285,182.4427120311859
1880,0,25,1,564.3938735169576,182.03052413882585
1881,0,25,1,564.0505773800624,181.9892996540379
1882,0,25,2,544.7089150322896,181.96294995363078
1883,0,25,2,545.5843786769864,181.34917433423217
1884,0,25,3,564.4159606732503,181.0909887292103
1885,0,25,3,547.5266803406815,181.48706491279754
1886,1,25,4,528.7631753430438,179.6566561316612
1887,0,25,5,549.1968544904101,180.5785940316959
1888,0,25,5,532.848382649665,182.58367385962993
1889,0,25,4,568.1065721379734,180.5830709946588
1890,1,25,4,549.5213450959709,179.64458907712788
1891,0,25,4,531.6276492092541,178.88923386684507
1892,0,25,4,515.4000603479886,179.70443845030695
1893,0,25,3,518.7762154480266,180.74206539487244
1894,2,25,3,539.5141737916681,181.14321403772723
1895,2,24,2,522.9557879897767,182.80547941504852
1896,1,24,2,521.0145058940171,180.0845872557572
1897,1,25,2,538.6364169252109,177.65589173614072
1898,1,25,2,537.5789799235426,176.63588628814279
1899,2,25,1,539.0509316508593,175.89400059499624
1900,2,25,2,522.4561976329394,175.98229361679
1901,1,25,3,523.4816143837478,176.9151743520505
1902,1,24,3,523.9575751574029,178.44282936708962
1903,1,25,2,561.4049512317249,178.56566732008008
1904,1,25,2,558.9158520736336,177.1404097341362
1905,1,24,2,541.0103594944409,177.15040401701998
1906,0,25,2,559.2762459753257,178.60550316813288
1907,0,25,3,541.3346513386394,179.26188867092364
1908,0,24,3,540.5665224283698,178.71543939370028
1909,0,24,3,522.3168939868674,181.11581145621966
1910,0,25,3,524.2535900213819,182.70526001083374
1911,0,25,2,507.10581919557745,182.70079957684567
1912,1,25,3,509.10329405435135,183.06491348519017
1913,0,24,3,509.5142034086446,185.28457743381765
1914,0,23,4,524.8992010869745,185.81561134822198
1915,0,24,5,559.6847630701561,184.640726694647
1916,1,25,5,558.6268443341205,184.01295212772067
1917,1,25,6,541.0982925071631,184.11926944131523
1918,1,25,6,523.7309633914011,185.20704674970943
1919,1,24,5,507.01937040125193,185.58023908428837
1920,0,23,5,489.43902796265667,186.75267495582443
1921,1,24,6,489.5239818931442,185.82826325896238
1922,1,23,5,471.0958814139845,185.7837418716606
1923,1,23,5,468.36673519961545,184.63777507651332
1924,1,24,5,523.7331846139471,184.49564718162495
1925,0,24,3,524.9586583911229,182.10000390101837
1926,1,24,5,506.6264522547096,181.74301999814224
1927,1,25,4,527.9902701696259,182.30227163203932
1928,0,25,3,546.0201667366979,181.72035411792044
1929,0,25,5,528.8439100888089,180.70007542626877
1930,1,25,5,511.81973654419363,181.74878005338564
1931,1,22,4,488.9424597036696,180.86847890711573
1932,1,24,4,527.4389244455326,182.13432494432908
1933,1,24,3,545.4373370112811,180.90116915795812
1934,1,23,3,524.2290222004975,182.4182839736302
1935,1,24,4,522.8305604261511,182.89764545970584
1936,1,25,4,540.9757625112633,183.0395761660769
1937,1,24,5,521.9075628563897,183.42715758902906
1938,1,25,6,541.5676271048889,184.3412484994492
1939,1,24,6,521.454835910574,183.6401529626531
1940,0,24,4,540.6115896620565,181.90240160939004
1941,1,25,4,538.5142491361883,180.1915428630766
1942,0,25,5,520.4875570845516,180.2435294132154
1943,0,25,5,540.6506120010587,180.4869239402304
1944,0,25,5,523.5193175912702,180.8425754619287
1945,0,24,6,503.54361752178266,180.4584253514004
1946,0,23,6,519.8349013126476,180.44305598896557
1947,0,24,7,554.981731640346,178.35490596889883
1948,0,25,4,556.2488447604508,177.35571137175717
1949,1,25,4,536.9554661765012,178.26997893183722
1950,1,25,3,536.4034043804305,176.1792857876993
1951,1,25,4,517.8621449263188,174.55678845456572
1952,1,24,3,520.5340081732081,175.389749513312
1953,0,25,4,540.0911511987754,175.84120599976563
1954,1,23,4,536.3735903947401,176.65771644029934
1955,1,24,5,536.7905843951185,177.44569765747684
1956,1,25,4,555.6805381183942,177.5492705274317
1957,1,24,3,537.8204032412531,175.90814929496483
1958,1,25,4,538.6485576351384,174.5460994131687
1959,1,25,3,538.9335085318065,174.6579757223238
1960,1,25,2,538.6965163821725,172.69273974532194
1961,1,23,2,518.4580403944765,173.8011692813432
1962,1,25,2,538.00294827421,173.32936414626542
1963,1,25,3,519.2701539097773,174.1481808484539
1964,1,25,4,502.262423649014,174.6582327888897
1965,1,25,3,486.91271178442054,175.40092807360102
1966,1,25,3,469.6565053418699,174.15182166175956
1967,1,24,3,507.5694198065335,172.41747436054598
1968,0,24,4,492.9806888277611,173.31552935347585
1969,1,24,3,529.9563106865367,173.54769194570122
1970,0,24,4,548.9652334302999,173.2645169452249
1971,0,24,2,529.7142253132903,171.61546495426987
1972,0,24,3,547.7114976517469,173.35502356871515
1973,0,25,2,548.9880033392218,172.88651762765747
1974,0,25,2,548.2031583522021,172.36481755982544
1975,0,25,1,529.9383349821029,172.8040653462249
1976,0,25,0,547.884373368423,171.3939640511191
1977,0,25,0,565.6102266302482,171.21576376491058
1978,0,25,1,547.6238874495684,171.59158236346636
1979,0,25,1,547.3381353691273,172.42371507209123
1980,0,25,0,547.5527465933227,171.95463758528962
1981,0,25,0,567.747908158108,173.39242091910117
1982,0,24,1,549.6315824635334,174.12590918718269
1983,0,24,1,547.7223952878425,172.62612138204287
1984,0,25,1,549.3779720276336,173.89068892430532
1985,0,24,2,546.4568679229493,174.045698286975
1986,0,25,2,545.6408025138626,174.59011139840746
1987,0,25,2,527.3462384067744,175.14881403737087
1988,0,24,3,510.7681533525339,174.96787162644108
1989,0,25,3,513.3389975969828,175.15676390623688
1990,0,25,3,496.79730687743574,175.48770480521222
1991,1,25,1,478.904039502389,173.47430742547343
1992,1,25,1,481.7137039534266,174.42059926503367
1993,0,25,2,522.9017970986558,176.71585225834198
1994,0,25,1,523.9376748151742,176.8459150908122
1995,0,25,1,575.9217629748615,175.0808719256743
1996,0,25,1,557.8201675817179,175.44316724919423
1997,0,25,1,537.9300314733168,174.63288081519752
1998,0,24,0,538.3235488004559,173.98952198643377
1999,0,25,0,557.1905747042264,175.29092914480725
2000,0,25,1,555.7921531008701,174.49752966849715
