tick,pop_capital,pop_labor,nouveaux_riches,avg_innovation,contracts
1,20,180,0,0.573,91
2,20,180,0,0.573,96
3,20,180,0,0.573,99
4,20,180,0,0.573,79
5,20,180,0,0.573,99
6,20,180,0,0.573,83
7,20,180,0,0.573,79
8,20,180,0,0.573,82
9,20,180,0,0.573,65
10,20,180,0,0.573,78
11,20,180,0,0.573,63
12,20,180,0,0.573,79
13,20,180,0,0.573,68
14,20,180,0,0.573,70
15,20,180,0,0.573,71
16,20,180,0,0.573,57
17,20,180,0,0.573,67
18,20,180,0,0.573,57
19,20,180,0,0.573,52
20,20,180,0,0.573,58
21,20,180,0,0.573,60
22,20,180,0,0.573,48
23,20,180,0,0.573,57
24,20,180,0,0.573,50
25,20,180,0,0.573,44
26,20,180,0,0.573,42
27,20,180,0,0.573,46
28,20,180,0,0.573,38
29,20,180,0,0.573,24
30,20,180,0,0.573,29
31,20,180,0,0.573,18
32,20,180,0,0.573,16
33,20,180,0,0.573,15
34,20,180,0,0.573,9
35,20,180,0,0.573,2
36,20,180,0,0.573,2
37,20,180,0,0.573,1
38,20,180,0,0.573,0
39,20,180,0,0.573,1
40,20,180,0,0.573,0
41,20,180,0,0.573,0
42,20,180,0,0.573,0
43,20,180,0,0.573,0
44,20,180,0,0.573,0
45,20,180,0,0.573,0
46,20,180,0,0.573,0
47,20,180,0,0.573,0
48,20,180,0,0.573,0
49,20,180,0,0.573,0
50,20,180,0,0.573,0
51,20,180,0,0.573,0
52,20,180,0,0.573,0
53,20,180,0,0.573,0
54,20,180,0,0.573,0
55,20,180,0,0.573,0
56,20,180,0,0.573,0
57,20,180,0,0.573,0
58,20,180,0,0.573,0
59,20,180,0,0.573,0
60,20,180,0,0.573,0
61,20,180,0,0.573,0
62,20,180,0,0.573,0
63,20,180,0,0.573,0
64,20,180,0,0.573,0
65,20,180,0,0.573,0
66,20,180,0,0.573,0
67,20,180,0,0.573,0
68,20,180,0,0.573,0
69,20,180,0,0.573,0
70,20,180,0,0.573,0
71,20,180,0,0.573,0
72,20,180,0,0.573,0
73,20,180,0,0.573,0
74,20,180,0,0.573,0
75,20,180,0,0.573,0
76,20,180,0,0.573,0
77,20,180,0,0.573,0
78,20,180,0,0.573,0
79,20,180,0,0.573,0
80,20,180,0,0.573,0
81,20,180,0,0.573,0
82,20,180,0,0.573,0
83,20,180,0,0.573,0
84,20,180,0,0.573,0
85,20,180,0,0.573,0
86,20,180,0,0.573,0
87,20,180,0,0.573,0
88,20,180,0,0.573,0
89,20,180,0,0.573,0
90,20,180,0,0.573,0
91,20,180,0,0.573,0
92,20,180,0,0.573,0
93,20,180,0,0.573,0
94,20,180,0,0.573,0
95,20,180,0,0.573,0
96,20,180,0,0.573,0
97,20,180,0,0.573,0
98,20,180,0,0.573,0
99,20,180,0,0.573,0
100,20,180,0,0.573,0
101,20,180,0,0.573,0
102,20,180,0,0.573,0
103,20,180,0,0.573,0
104,20,180,0,0.573,0
105,20,180,0,0.573,0
106,20,180,0,0.573,0
107,20,180,0,0.573,0
108,20,180,0,0.573,0
109,20,180,0,0.573,0
110,20,180,0,0.573,0
111,20,180,0,0.573,0
112,20,180,0,0.573,0
113,20,180,0,0.573,0
114,20,180,0,0.573,0
115,20,180,0,0.573,0
116,20,180,0,0.573,0
117,20,180,0,0.573,0
118,20,180,0,0.573,0
119,20,180,0,0.573,0
120,20,180,0,0.573,0
121,20,180,0,0.573,0
122,20,180,0,0.573,0
123,20,180,0,0.573,0
124,20,180,0,0.573,0
125,20,180,0,0.573,0
126,20,180,0,0.573,0
127,20,180,0,0.573,0
128,20,180,0,0.573,0
129,20,180,0,0.573,0
130,20,180,0,0.573,0
131,20,180,0,0.573,0
132,20,180,0,0.573,0
133,20,180,0,0.573,0
134,20,180,0,0.573,0
135,20,180,0,0.573,0
136,20,180,0,0.573,0
137,20,180,0,0.573,0
138,20,180,0,0.573,0
139,20,180,0,0.573,0
140,20,180,0,0.573,0
141,20,180,0,0.573,0
142,20,180,0,0.573,0
143,20,180,0,0.573,0
144,20,180,0,0.573,0
145,20,180,0,0.573,0
146,20,180,0,0.573,0
147,20,180,0,0.573,0
148,20,180,0,0.573,0
149,20,180,0,0.573,0
150,20,180,0,0.573,0
151,20,180,0,0.573,0
152,20,180,0,0.573,0
153,20,180,0,0.573,0
154,20,180,0,0.573,0
155,20,180,0,0.573,0
156,20,180,0,0.573,0
157,20,180,0,0.573,0
158,20,180,0,0.573,0
159,20,180,0,0.573,0
160,20,180,0,0.573,0
161,20,180,0,0.573,0
162,20,180,0,0.573,0
163,20,180,0,0.573,0
164,20,180,0,0.573,0
165,20,180,0,0.573,0
166,20,180,0,0.573,0
167,20,180,0,0.573,0
168,20,180,0,0.573,0
169,20,180,0,0.573,0
170,20,180,0,0.573,0
171,20,180,0,0.573,0
172,20,180,0,0.573,0
173,20,180,0,0.573,0
174,20,180,0,0.573,0
175,20,180,0,0.573,0
176,20,180,0,0.573,0
177,20,180,0,0.573,0
178,20,180,0,0.573,0
179,20,180,0,0.573,0
180,20,180,0,0.573,0
181,20,180,0,0.573,0
182,20,180,0,0.573,0
183,20,180,0,0.573,0
184,20,180,0,0.573,0
185,20,180,0,0.573,0
186,20,180,0,0.573,0
187,20,180,0,0.573,0
188,20,180,0,0.573,0
189,20,180,0,0.573,0
190,20,180,0,0.573,0
191,20,180,0,0.573,0
192,20,180,0,0.573,0
193,20,180,0,0.573,0
194,20,180,0,0.573,0
195,20,180,0,0.573,0
196,20,180,0,0.573,0
197,20,180,0,0.573,0
198,20,180,0,0.573,0
199,20,180,0,0.573,0
200,20,180,0,0.573,0
201,20,180,0,0.573,0
202,20,180,0,0.573,0
203,20,180,0,0.573,0
204,20,180,0,0.573,0
205,20,180,0,0.573,0
206,20,180,0,0.573,0
207,20,180,0,0.573,0
208,20,180,0,0.573,0
209,20,180,0,0.573,0
210,20,180,0,0.573,0
211,20,180,0,0.573,0
212,20,180,0,0.573,0
213,20,180,0,0.573,0
214,20,180,0,0.573,0
215,20,180,0,0.573,0
216,20,180,0,0.573,0
217,20,180,0,0.573,0
218,20,180,0,0.573,0
219,20,180,0,0.573,0
220,20,180,0,0.573,0
221,20,180,0,0.573,0
222,20,180,0,0.573,0
223,20,180,0,0.573,0
224,20,180,0,0.573,0
225,20,180,0,0.573,0
226,20,180,0,0.573,0
227,20,180,0,0.573,0
228,20,180,0,0.573,0
229,20,180,0,0.573,0
230,20,180,0,0.573,0
231,20,180,0,0.573,0
232,20,180,0,0.573,0
233,20,180,0,0.573,0
234,20,180,0,0.573,0
235,20,180,0,0.573,0
236,20,180,0,0.573,0
237,20,180,0,0.573,0
238,20,180,0,0.573,0
239,20,180,0,0.573,0
240,20,180,0,0.573,0
241,20,180,0,0.573,0
242,20,180,0,0.573,0
243,20,180,0,0.573,0
244,20,180,0,0.573,0
245,20,180,0,0.573,0
246,20,180,0,0.573,0
247,20,180,0,0.573,0
248,20,180,0,0.573,0
249,20,180,0,0.573,0
250,20,180,0,0.573,0
251,20,180,0,0.573,0
252,20,180,0,0.573,0
253,20,180,0,0.573,0
254,20,180,0,0.573,0
255,20,180,0,0.573,0
256,20,180,0,0.573,0
257,20,180,0,0.573,0
258,20,180,0,0.573,0
259,20,180,0,0.573,0
260,20,180,0,0.573,0
261,20,180,0,0.573,0
262,20,180,0,0.573,0
263,20,180,0,0.573,0
264,20,180,0,0.573,0
265,20,180,0,0.573,0
266,20,180,0,0.573,0
267,20,180,0,0.573,0
268,20,180,0,0.573,0
269,20,180,0,0.573,0
270,20,180,0,0.573,0
271,20,180,0,0.573,0
272,20,180,0,0.573,0
273,20,180,0,0.573,0
274,20,180,0,0.573,0
275,20,180,0,0.573,0
276,20,180,0,0.573,0
277,20,180,0,0.573,0
278,20,180,0,0.573,0
279,20,180,0,0.573,0
280,20,180,0,0.573,0
281,20,180,0,0.573,0
282,20,180,0,0.573,0
283,20,180,0,0.573,0
284,20,180,0,0.573,0
285,20,180,0,0.573,0
286,20,180,0,0.573,0
287,20,180,0,0.573,0
288,20,180,0,0.573,0
289,20,180,0,0.573,0
290,20,180,0,0.573,0
291,20,180,0,0.573,0
292,20,180,0,0.573,0
293,20,180,0,0.573,0
294,20,180,0,0.573,0
295,20,180,0,0.573,0
296,20,180,0,0.573,0
297,20,180,0,0.573,0
298,20,180,0,0.573,0
299,20,180,0,0.573,0
300,20,180,0,0.573,0
301,20,180,0,0.573,0
302,20,180,0,0.573,0
303,20,180,0,0.573,0
304,20,180,0,0.573,0
305,20,180,0,0.573,0
306,20,180,0,0.573,0
307,20,180,0,0.573,0
308,20,180,0,0.573,0
309,20,180,0,0.573,0
310,20,180,0,0.573,0
311,20,180,0,0.573,0
312,20,180,0,0.573,0
313,20,180,0,0.573,0
314,20,180,0,0.573,0
315,20,180,0,0.573,0
316,20,180,0,0.573,0
317,20,180,0,0.573,0
318,20,180,0,0.573,0
319,20,180,0,0.573,0
320,20,180,0,0.573,0
321,20,180,0,0.573,0
322,20,180,0,0.573,0
323,20,180,0,0.573,0
324,20,180,0,0.573,0
325,20,180,0,0.573,0
326,20,180,0,0.573,0
327,20,180,0,0.573,0
328,20,180,0,0.573,0
329,20,180,0,0.573,0
330,20,180,0,0.573,0
331,20,180,0,0.573,0
332,20,180,0,0.573,0
333,20,180,0,0.573,0
334,20,180,0,0.573,0
335,20,180,0,0.573,0
336,20,180,0,0.573,0
337,20,180,0,0.573,0
338,20,180,0,0.573,0
339,20,180,0,0.573,0
340,20,180,0,0.573,0
341,20,180,0,0.573,0
342,20,180,0,0.573,0
343,20,180,0,0.573,0
344,20,180,0,0.573,0
345,20,180,0,0.573,0
346,20,180,0,0.573,0
347,20,180,0,0.573,0
348,20,180,0,0.573,0
349,20,180,0,0.573,0
350,20,180,0,0.573,0
351,20,180,0,0.573,0
352,20,180,0,0.573,0
353,20,180,0,0.573,0
354,20,180,0,0.573,0
355,20,180,0,0.573,0
356,20,180,0,0.573,0
357,20,180,0,0.573,0
358,20,180,0,0.573,0
359,20,180,0,0.573,0
360,20,180,0,0.573,0
361,20,180,0,0.573,0
362,20,180,0,0.573,0
363,20,180,0,0.573,0
364,20,180,0,0.573,0
365,20,180,0,0.573,0
366,20,180,0,0.573,0
367,20,180,0,0.573,0
368,20,180,0,0.573,0
369,20,180,0,0.573,0
370,20,180,0,0.573,0
371,20,180,0,0.573,0
372,20,180,0,0.573,0
373,20,180,0,0.573,0
374,20,180,0,0.573,0
375,20,180,0,0.573,0
376,20,180,0,0.573,0
377,20,180,0,0.573,0
378,20,180,0,0.573,0
379,20,180,0,0.573,0
380,20,180,0,0.573,0
381,20,180,0,0.573,0
382,20,180,0,0.573,0
383,20,180,0,0.573,0
384,20,180,0,0.573,0
385,20,180,0,0.573,0
386,20,180,0,0.573,0
387,20,180,0,0.573,0
388,20,180,0,0.573,0
389,20,180,0,0.573,0
390,20,180,0,0.573,0
391,20,180,0,0.573,0
392,20,180,0,0.573,0
393,20,180,0,0.573,0
394,20,180,0,0.573,0
395,20,180,0,0.573,0
396,20,180,0,0.573,0
397,20,180,0,0.573,0
398,20,180,0,0.573,0
399,20,180,0,0.573,0
400,20,180,0,0.573,0
401,20,180,0,0.573,0
402,20,180,0,0.573,0
403,20,180,0,0.573,0
404,20,180,0,0.573,0
405,20,180,0,0.573,0
406,20,180,0,0.573,0
407,20,180,0,0.573,0
408,20,180,0,0.573,0
409,20,180,0,0.573,0
410,20,180,0,0.573,0
411,20,180,0,0.573,0
412,20,180,0,0.573,0
413,20,180,0,0.573,0
414,20,180,0,0.573,0
415,20,180,0,0.573,0
416,20,180,0,0.573,0
417,20,180,0,0.573,0
418,20,180,0,0.573,0
419,20,180,0,0.573,0
420,20,180,0,0.573,0
421,20,180,0,0.573,0
422,20,180,0,0.573,0
423,20,180,0,0.573,0
424,20,180,0,0.573,0
425,20,180,0,0.573,0
426,20,180,0,0.573,0
427,20,180,0,0.573,0
428,20,180,0,0.573,0
429,20,180,0,0.573,0
430,20,180,0,0.573,0
431,20,180,0,0.573,0
432,20,180,0,0.573,0
433,20,180,0,0.573,0
434,20,180,0,0.573,0
435,20,180,0,0.573,0
436,20,180,0,0.573,0
437,20,180,0,0.573,0
438,20,180,0,0.573,0
439,20,180,0,0.573,0
440,20,180,0,0.573,0
441,20,180,0,0.573,0
442,20,180,0,0.573,0
443,20,180,0,0.573,0
444,20,180,0,0.573,0
445,20,180,0,0.573,0
446,20,180,0,0.573,0
447,20,180,0,0.573,0
448,20,180,0,0.573,0
449,20,180,0,0.573,0
450,20,180,0,0.573,0
451,20,180,0,0.573,0
452,20,180,0,0.573,0
453,20,180,0,0.573,0
454,20,180,0,0.573,0
455,20,180,0,0.573,0
456,20,180,0,0.573,0
457,20,180,0,0.573,0
458,20,180,0,0.573,0
459,20,180,0,0.573,0
460,20,180,0,0.573,0
461,20,180,0,0.573,0
462,20,180,0,0.573,0
463,20,180,0,0.573,0
464,20,180,0,0.573,0
465,20,180,0,0.573,0
466,20,180,0,0.573,0
467,20,180,0,0.573,0
468,20,180,0,0.573,0
469,20,180,0,0.573,0
470,20,180,0,0.573,0
471,20,180,0,0.573,0
472,20,180,0,0.573,0
473,20,180,0,0.573,0
474,20,180,0,0.573,0
475,20,180,0,0.573,0
476,20,180,0,0.573,0
477,20,180,0,0.573,0
478,20,180,0,0.573,0
479,20,180,0,0.573,0
480,20,180,0,0.573,0
481,20,180,0,0.573,0
482,20,180,0,0.573,0
483,20,180,0,0.573,0
484,20,180,0,0.573,0
485,20,180,0,0.573,0
486,20,180,0,0.573,0
487,20,180,0,0.573,0
488,20,180,0,0.573,0
489,20,180,0,0.573,0
490,20,180,0,0.573,0
491,20,180,0,0.573,0
492,20,180,0,0.573,0
493,20,180,0,0.573,0
494,20,180,0,0.573,0
495,20,180,0,0.573,0
496,20,180,0,0.573,0
497,20,180,0,0.573,0
498,20,180,0,0.573,0
499,20,180,0,0.573,0
500,20,180,0,0.573,0
501,20,180,0,0.573,0
502,20,180,0,0.573,0
503,20,180,0,0.573,0
504,20,180,0,0.573,0
505,20,180,0,0.573,0
506,20,180,0,0.573,0
507,20,180,0,0.573,0
508,20,180,0,0.573,0
509,20,180,0,0.573,0
510,20,180,0,0.573,0
511,20,180,0,0.573,0
512,20,180,0,0.573,0
513,20,180,0,0.573,0
514,20,180,0,0.573,0
515,20,180,0,0.573,0
516,20,180,0,0.573,0
517,20,180,0,0.573,0
518,20,180,0,0.573,0
519,20,180,0,0.573,0
520,20,180,0,0.573,0
521,20,180,0,0.573,0
522,20,180,0,0.573,0
523,20,180,0,0.573,0
524,20,180,0,0.573,0
525,20,180,0,0.573,0
526,20,180,0,0.573,0
527,20,180,0,0.573,0
528,20,180,0,0.573,0
529,20,180,0,0.573,0
530,20,180,0,0.573,0
531,20,180,0,0.573,0
532,20,180,0,0.573,0
533,20,180,0,0.573,0
534,20,180,0,0.573,0
535,20,180,0,0.573,0
536,20,180,0,0.573,0
537,20,180,0,0.573,0
538,20,180,0,0.573,0
539,20,180,0,0.573,0
540,20,180,0,0.573,0
541,20,180,0,0.573,0
542,20,180,0,0.573,0
543,20,180,0,0.573,0
544,20,180,0,0.573,0
545,20,180,0,0.573,0
546,20,180,0,0.573,0
547,20,180,0,0.573,0
548,20,180,0,0.573,0
549,20,180,0,0.573,0
550,20,180,0,0.573,0
551,20,180,0,0.573,0
552,20,180,0,0.573,0
553,20,180,0,0.573,0
554,20,180,0,0.573,0
555,20,180,0,0.573,0
556,20,180,0,0.573,0
557,20,180,0,0.573,0
558,20,180,0,0.573,0
559,20,180,0,0.573,0
560,20,180,0,0.573,0
561,20,180,0,0.573,0
562,20,180,0,0.573,0
563,20,180,0,0.573,0
564,20,180,0,0.573,0
565,20,180,0,0.573,0
566,20,180,0,0.573,0
567,20,180,0,0.573,0
568,20,180,0,0.573,0
569,20,180,0,0.573,0
570,20,180,0,0.573,0
571,20,180,0,0.573,0
572,20,180,0,0.573,0
573,20,180,0,0.573,0
574,20,180,0,0.573,0
575,20,180,0,0.573,0
576,20,180,0,0.573,0
577,20,180,0,0.573,0
578,20,180,0,0.573,0
579,20,180,0,0.573,0
580,20,180,0,0.573,0
581,20,180,0,0.573,0
582,20,180,0,0.573,0
583,20,180,0,0.573,0
584,20,180,0,0.573,0
585,20,180,0,0.573,0
586,20,180,0,0.573,0
587,20,180,0,0.573,0
588,20,180,0,0.573,0
589,20,180,0,0.573,0
590,20,180,0,0.573,0
591,20,180,0,0.573,0
592,20,180,0,0.573,0
593,20,180,0,0.573,0
594,20,180,0,0.573,0
595,20,180,0,0.573,0
596,20,180,0,0.573,0
597,20,180,0,0.573,0
598,20,180,0,0.573,0
599,20,180,0,0.573,0
600,20,180,0,0.573,0
601,20,180,0,0.573,0
602,20,180,0,0.573,0
603,20,180,0,0.573,0
604,20,180,0,0.573,0
605,20,180,0,0.573,0
606,20,180,0,0.573,0
607,20,180,0,0.573,0
608,20,180,0,0.573,0
609,20,180,0,0.573,0
610,20,180,0,0.573,0
611,20,180,0,0.573,0
612,20,180,0,0.573,0
613,20,180,0,0.573,0
614,20,180,0,0.573,0
615,20,180,0,0.573,0
616,20,180,0,0.573,0
617,20,180,0,0.573,0
618,20,180,0,0.573,0
619,20,180,0,0.573,0
620,20,180,0,0.573,0
621,20,180,0,0.573,0
622,20,180,0,0.573,0
623,20,180,0,0.573,0
624,20,180,0,0.573,0
625,20,180,0,0.573,0
626,20,180,0,0.573,0
627,20,180,0,0.573,0
628,20,180,0,0.573,0
629,20,180,0,0.573,0
630,20,180,0,0.573,0
631,20,180,0,0.573,0
632,20,180,0,0.573,0
633,20,180,0,0.573,0
634,20,180,0,0.573,0
635,20,180,0,0.573,0
636,20,180,0,0.573,0
637,20,180,0,0.573,0
638,20,180,0,0.573,0
639,20,180,0,0.573,0
640,20,180,0,0.573,0
641,20,180,0,0.573,0
642,20,180,0,0.573,0
643,20,180,0,0.573,0
644,20,180,0,0.573,0
645,20,180,0,0.573,0
646,20,180,0,0.573,0
647,20,180,0,0.573,0
648,20,180,0,0.573,0
649,20,180,0,0.573,0
650,20,180,0,0.573,0
651,20,180,0,0.573,0
652,20,180,0,0.573,0
653,20,180,0,0.573,0
654,20,180,0,0.573,0
655,20,180,0,0.573,0
656,20,180,0,0.573,0
657,20,180,0,0.573,0
658,20,180,0,0.573,0
659,20,180,0,0.573,0
660,20,180,0,0.573,0
661,20,180,0,0.573,0
662,20,180,0,0.573,0
663,20,180,0,0.573,0
664,20,180,0,0.573,0
665,20,180,0,0.573,0
666,20,180,0,0.573,0
667,20,180,0,0.573,0
668,20,180,0,0.573,0
669,20,180,0,0.573,0
670,20,180,0,0.573,0
671,20,180,0,0.573,0
672,20,180,0,0.573,0
673,20,180,0,0.573,0
674,20,180,0,0.573,0
675,20,180,0,0.573,0
676,20,180,0,0.573,0
677,20,180,0,0.573,0
678,20,180,0,0.573,0
679,20,180,0,0.573,0
680,20,180,0,0.573,0
681,20,180,0,0.573,0
682,20,180,0,0.573,0
683,20,180,0,0.573,0
684,20,180,0,0.573,0
685,20,180,0,0.573,0
686,20,180,0,0.573,0
687,20,180,0,0.573,0
688,20,180,0,0.573,0
689,20,180,0,0.573,0
690,20,180,0,0.573,0
691,20,180,0,0.573,0
692,20,180,0,0.573,0
693,20,180,0,0.573,0
694,20,180,0,0.573,0
695,20,180,0,0.573,0
696,20,180,0,0.573,0
697,20,180,0,0.573,0
698,20,180,0,0.573,0
699,20,180,0,0.573,0
700,20,180,0,0.573,0
701,20,180,0,0.573,0
702,20,180,0,0.573,0
703,20,180,0,0.573,0
704,20,180,0,0.573,0
705,20,180,0,0.573,0
706,20,180,0,0.573,0
707,20,180,0,0.573,0
708,20,180,0,0.573,0
709,20,180,0,0.573,0
710,20,180,0,0.573,0
711,20,180,0,0.573,0
712,20,180,0,0.573,0
713,20,180,0,0.573,0
714,20,180,0,0.573,0
715,20,180,0,0.573,0
716,20,180,0,0.573,0
717,20,180,0,0.573,0
718,20,180,0,0.573,0
719,20,180,0,0.573,0
720,20,180,0,0.573,0
721,20,180,0,0.573,0
722,20,180,0,0.573,0
723,20,180,0,0.573,0
724,20,180,0,0.573,0
725,20,180,0,0.573,0
726,20,180,0,0.573,0
727,20,180,0,0.573,0
728,20,180,0,0.573,0
729,20,180,0,0.573,0
730,20,180,0,0.573,0
731,20,180,0,0.573,0
732,20,180,0,0.573,0
733,20,180,0,0.573,0
734,20,180,0,0.573,0
735,20,180,0,0.573,0
736,20,180,0,0.573,0
737,20,180,0,0.573,0
738,20,180,0,0.573,0
739,20,180,0,0.573,0
740,20,180,0,0.573,0
741,20,180,0,0.573,0
742,20,180,0,0.573,0
743,20,180,0,0.573,0
744,20,180,0,0.573,0
745,20,180,0,0.573,0
746,20,180,0,0.573,0
747,20,180,0,0.573,0
748,20,180,0,0.573,0
749,20,180,0,0.573,0
750,20,180,0,0.573,0
751,20,180,0,0.573,0
752,20,180,0,0.573,0
753,20,180,0,0.573,0
754,20,180,0,0.573,0
755,20,180,0,0.573,0
756,20,180,0,0.573,0
757,20,180,0,0.573,0
758,20,180,0,0.573,0
759,20,180,0,0.573,0
760,20,180,0,0.573,0
761,20,180,0,0.573,0
762,20,180,0,0.573,0
763,20,180,0,0.573,0
764,20,180,0,0.573,0
765,20,180,0,0.573,0
766,20,180,0,0.573,0
767,20,180,0,0.573,0
768,20,180,0,0.573,0
769,20,180,0,0.573,0
770,20,180,0,0.573,0
771,20,180,0,0.573,0
772,20,180,0,0.573,0
773,20,180,0,0.573,0
774,20,180,0,0.573,0
775,20,180,0,0.573,0
776,20,180,0,0.573,0
777,20,180,0,0.573,0
778,20,180,0,0.573,0
779,20,180,0,0.573,0
780,20,180,0,0.573,0
781,20,180,0,0.573,0
782,20,180,0,0.573,0
783,20,180,0,0.573,0
784,20,180,0,0.573,0
785,20,180,0,0.573,0
786,20,180,0,0.573,0
787,20,180,0,0.573,0
788,20,180,0,0.573,0
789,20,180,0,0.573,0
790,20,180,0,0.573,0
791,20,180,0,0.573,0
792,20,180,0,0.573,0
793,20,180,0,0.573,0
794,20,180,0,0.573,0
795,20,180,0,0.573,0
796,20,180,0,0.573,0
797,20,180,0,0.573,0
798,20,180,0,0.573,0
799,20,180,0,0.573,0
800,20,180,0,0.573,0
801,20,180,0,0.573,0
802,20,180,0,0.573,0
803,20,180,0,0.573,0
804,20,180,0,0.573,0
805,20,180,0,0.573,0
806,20,180,0,0.573,0
807,20,180,0,0.573,0
808,20,180,0,0.573,0
809,20,180,0,0.573,0
810,20,180,0,0.573,0
811,20,180,0,0.573,0
812,20,180,0,0.573,0
813,20,180,0,0.573,0
814,20,180,0,0.573,0
815,20,180,0,0.573,0
816,20,180,0,0.573,0
817,20,180,0,0.573,0
818,20,180,0,0.573,0
819,20,180,0,0.573,0
820,20,180,0,0.573,0
821,20,180,0,0.573,0
822,20,180,0,0.573,0
823,20,180,0,0.573,0
824,20,180,0,0.573,0
825,20,180,0,0.573,0
826,20,180,0,0.573,0
827,20,180,0,0.573,0
828,20,180,0,0.573,0
829,20,180,0,0.573,0
830,20,180,0,0.573,0
831,20,180,0,0.573,0
832,20,180,0,0.573,0
833,20,180,0,0.573,0
834,20,180,0,0.573,0
835,20,180,0,0.573,0
836,20,180,0,0.573,0
837,20,180,0,0.573,0
838,20,180,0,0.573,0
839,20,180,0,0.573,0
840,20,180,0,0.573,0
841,20,180,0,0.573,0
842,20,180,0,0.573,0
843,20,180,0,0.573,0
844,20,180,0,0.573,0
845,20,180,0,0.573,0
846,20,180,0,0.573,0
847,20,180,0,0.573,0
848,20,180,0,0.573,0
849,20,180,0,0.573,0
850,20,180,0,0.573,0
851,20,180,0,0.573,0
852,20,180,0,0.573,0
853,20,180,0,0.573,0
854,20,180,0,0.573,0
855,20,180,0,0.573,0
856,20,180,0,0.573,0
857,20,180,0,0.573,0
858,20,180,0,0.573,0
859,20,180,0,0.573,0
860,20,180,0,0.573,0
861,20,180,0,0.573,0
862,20,180,0,0.573,0
863,20,180,0,0.573,0
864,20,180,0,0.573,0
865,20,180,0,0.573,0
866,20,180,0,0.573,0
867,20,180,0,0.573,0
868,20,180,0,0.573,0
869,20,180,0,0.573,0
870,20,180,0,0.573,0
871,20,180,0,0.573,0
872,20,180,0,0.573,0
873,20,180,0,0.573,0
874,20,180,0,0.573,0
875,20,180,0,0.573,0
876,20,180,0,0.573,0
877,20,180,0,0.573,0
878,20,180,0,0.573,0
879,20,180,0,0.573,0
880,20,180,0,0.573,0
881,20,180,0,0.573,0
882,20,180,0,0.573,0
883,20,180,0,0.573,0
884,20,180,0,0.573,0
885,20,180,0,0.573,0
886,20,180,0,0.573,0
887,20,180,0,0.573,0
888,20,180,0,0.573,0
889,20,180,0,0.573,0
890,20,180,0,0.573,0
891,20,180,0,0.573,0
892,20,180,0,0.573,0
893,20,180,0,0.573,0
894,20,180,0,0.573,0
895,20,180,0,0.573,0
896,20,180,0,0.573,0
897,20,180,0,0.573,0
898,20,180,0,0.573,0
899,20,180,0,0.573,0
900,20,180,0,0.573,0
901,20,180,0,0.573,0
902,20,180,0,0.573,0
903,20,180,0,0.573,0
904,20,180,0,0.573,0
905,20,180,0,0.573,0
906,20,180,0,0.573,0
907,20,180,0,0.573,0
908,20,180,0,0.573,0
909,20,180,0,0.573,0
910,20,180,0,0.573,0
911,20,180,0,0.573,0
912,20,180,0,0.573,0
913,20,180,0,0.573,0
914,20,180,0,0.573,0
915,20,180,0,0.573,0
916,20,180,0,0.573,0
917,20,180,0,0.573,0
918,20,180,0,0.573,0
919,20,180,0,0.573,0
920,20,180,0,0.573,0
921,20,180,0,0.573,0
922,20,180,0,0.573,0
923,20,180,0,0.573,0
924,20,180,0,0.573,0
925,20,180,0,0.573,0
926,20,180,0,0.573,0
927,20,180,0,0.573,0
928,20,180,0,0.573,0
929,20,180,0,0.573,0
930,20,180,0,0.573,0
931,20,180,0,0.573,0
932,20,180,0,0.573,0
933,20,180,0,0.573,0
934,20,180,0,0.573,0
935,20,180,0,0.573,0
936,20,180,0,0.573,0
937,20,180,0,0.573,0
938,20,180,0,0.573,0
939,20,180,0,0.573,0
940,20,180,0,0.573,0
941,20,180,0,0.573,0
942,20,180,0,0.573,0
943,20,180,0,0.573,0
944,20,180,0,0.573,0
945,20,180,0,0.573,0
946,20,180,0,0.573,0
947,20,180,0,0.573,0
948,20,180,0,0.573,0
949,20,180,0,0.573,0
950,20,180,0,0.573,0
951,20,180,0,0.573,0
952,20,180,0,0.573,0
953,20,180,0,0.573,0
954,20,180,0,0.573,0
955,20,180,0,0.573,0
956,20,180,0,0.573,0
957,20,180,0,0.573,0
958,20,180,0,0.573,0
959,20,180,0,0.573,0
960,20,180,0,0.573,0
961,20,180,0,0.573,0
962,20,180,0,0.573,0
963,20,180,0,0.573,0
964,20,180,0,0.573,0
965,20,180,0,0.573,0
966,20,180,0,0.573,0
967,20,180,0,0.573,0
968,20,180,0,0.573,0
969,20,180,0,0.573,0
970,20,180,0,0.573,0
971,20,180,0,0.573,0
972,20,180,0,0.573,0
973,20,180,0,0.573,0
974,20,180,0,0.573,0
975,20,180,0,0.573,0
976,20,180,0,0.573,0
977,20,180,0,0.573,0
978,20,180,0,0.573,0
979,20,180,0,0.573,0
980,20,180,0,0.573,0
981,20,180,0,0.573,0
982,20,180,0,0.573,0
983,20,180,0,0.573,0
984,20,180,0,0.573,0
985,20,180,0,0.573,0
986,20,180,0,0.573,0
987,20,180,0,0.573,0
988,20,180,0,0.573,0
989,20,180,0,0.573,0
990,20,180,0,0.573,0
991,20,180,0,0.573,0
992,20,180,0,0.573,0
993,20,180,0,0.573,0
994,20,180,0,0.573,0
995,20,180,0,0.573,0
996,20,180,0,0.573,0
997,20,180,0,0.573,0
998,20,180,0,0.573,0
999,20,180,0,0.573,0
1000,20,180,0,0.573,0
1001,20,180,0,0.573,0
1002,20,180,0,0.573,0
1003,20,180,0,0.573,0
1004,20,180,0,0.573,0
1005,20,180,0,0.573,0
1006,20,180,0,0.573,0
1007,20,180,0,0.573,0
1008,20,180,0,0.573,0
1009,20,180,0,0.573,0
1010,20,180,0,0.573,0
1011,20,180,0,0.573,0
1012,20,180,0,0.573,0
1013,20,180,0,0.573,0
1014,20,180,0,0.573,0
1015,20,180,0,0.573,0
1016,20,180,0,0.573,0
1017,20,180,0,0.573,0
1018,20,180,0,0.573,0
1019,20,180,0,0.573,0
1020,20,180,0,0.573,0
1021,20,180,0,0.573,0
1022,20,180,0,0.573,0
1023,20,180,0,0.573,0
1024,20,180,0,0.573,0
1025,20,180,0,0.573,0
1026,20,180,0,0.573,0
1027,20,180,0,0.573,0
1028,20,180,0,0.573,0
1029,20,180,0,0.573,0
1030,20,180,0,0.573,0
1031,20,180,0,0.573,0
1032,20,180,0,0.573,0
1033,20,180,0,0.573,0
1034,20,180,0,0.573,0
1035,20,180,0,0.573,0
1036,20,180,0,0.573,0
1037,20,180,0,0.573,0
1038,20,180,0,0.573,0
1039,20,180,0,0.573,0
1040,20,180,0,0.573,0
1041,20,180,0,0.573,0
1042,20,180,0,0.573,0
1043,20,180,0,0.573,0
1044,20,180,0,0.573,0
1045,20,180,0,0.573,0
1046,20,180,0,0.573,0
1047,20,180,0,0.573,0
1048,20,180,0,0.573,0
1049,20,180,0,0.573,0
1050,20,180,0,0.573,0
1051,20,180,0,0.573,0
1052,20,180,0,0.573,0
1053,20,180,0,0.573,0
1054,20,180,0,0.573,0
1055,20,180,0,0.573,0
1056,20,180,0,0.573,0
1057,20,180,0,0.573,0
1058,20,180,0,0.573,0
1059,20,180,0,0.573,0
1060,20,180,0,0.573,0
1061,20,180,0,0.573,0
1062,20,180,0,0.573,0
1063,20,180,0,0.573,0
1064,20,180,0,0.573,0
1065,20,180,0,0.573,0
1066,20,180,0,0.573,0
1067,20,180,0,0.573,0
1068,20,180,0,0.573,0
1069,20,180,0,0.573,0
1070,20,180,0,0.573,0
1071,20,180,0,0.573,0
1072,20,180,0,0.573,0
1073,20,180,0,0.573,0
1074,20,180,0,0.573,0
1075,20,180,0,0.573,0
1076,20,180,0,0.573,0
1077,20,180,0,0.573,0
1078,20,180,0,0.573,0
1079,20,180,0,0.573,0
1080,20,180,0,0.573,0
1081,20,180,0,0.573,0
1082,20,180,0,0.573,0
1083,20,180,0,0.573,0
1084,20,180,0,0.573,0
1085,20,180,0,0.573,0
1086,20,180,0,0.573,0
1087,20,180,0,0.573,0
1088,20,180,0,0.573,0
1089,20,180,0,0.573,0
1090,20,180,0,0.573,0
1091,20,180,0,0.573,0
1092,20,180,0,0.573,0
1093,20,180,0,0.573,0
1094,20,180,0,0.573,0
1095,20,180,0,0.573,0
1096,20,180,0,0.573,0
1097,20,180,0,0.573,0
1098,20,180,0,0.573,0
1099,20,180,0,0.573,0
1100,20,180,0,0.573,0
1101,20,180,0,0.573,0
1102,20,180,0,0.573,0
1103,20,180,0,0.573,0
1104,20,180,0,0.573,0
1105,20,180,0,0.573,0
1106,20,180,0,0.573,0
1107,20,180,0,0.573,0
1108,20,180,0,0.573,0
1109,20,180,0,0.573,0
1110,20,180,0,0.573,0
1111,20,180,0,0.573,0
1112,20,180,0,0.573,0
1113,20,180,0,0.573,0
1114,20,180,0,0.573,0
1115,20,180,0,0.573,0
1116,20,180,0,0.573,0
1117,20,180,0,0.573,0
1118,20,180,0,0.573,0
1119,20,180,0,0.573,0
1120,20,180,0,0.573,0
1121,20,180,0,0.573,0
1122,20,180,0,0.573,0
1123,20,180,0,0.573,0
1124,20,180,0,0.573,0
1125,20,180,0,0.573,0
1126,20,180,0,0.573,0
1127,20,180,0,0.573,0
1128,20,180,0,0.573,0
1129,20,180,0,0.573,0
1130,20,180,0,0.573,0
1131,20,180,0,0.573,0
1132,20,180,0,0.573,0
1133,20,180,0,0.573,0
1134,20,180,0,0.573,0
1135,20,180,0,0.573,0
1136,20,180,0,0.573,0
1137,20,180,0,0.573,0
1138,20,180,0,0.573,0
1139,20,180,0,0.573,0
1140,20,180,0,0.573,0
1141,20,180,0,0.573,0
1142,20,180,0,0.573,0
1143,20,180,0,0.573,0
1144,20,180,0,0.573,0
1145,20,180,0,0.573,0
1146,20,180,0,0.573,0
1147,20,180,0,0.573,0
1148,20,180,0,0.573,0
1149,20,180,0,0.573,0
1150,20,180,0,0.573,0
1151,20,180,0,0.573,0
1152,20,180,0,0.573,0
1153,20,180,0,0.573,0
1154,20,180,0,0.573,0
1155,20,180,0,0.573,0
1156,20,180,0,0.573,0
1157,20,180,0,0.573,0
1158,20,180,0,0.573,0
1159,20,180,0,0.573,0
1160,20,180,0,0.573,0
1161,20,180,0,0.573,0
1162,20,180,0,0.573,0
1163,20,180,0,0.573,0
1164,20,180,0,0.573,0
1165,20,180,0,0.573,0
1166,20,180,0,0.573,0
1167,20,180,0,0.573,0
1168,20,180,0,0.573,0
1169,20,180,0,0.573,0
1170,20,180,0,0.573,0
1171,20,180,0,0.573,0
1172,20,180,0,0.573,0
1173,20,180,0,0.573,0
1174,20,180,0,0.573,0
1175,20,180,0,0.573,0
1176,20,180,0,0.573,0
1177,20,180,0,0.573,0
1178,20,180,0,0.573,0
1179,20,180,0,0.573,0
1180,20,180,0,0.573,0
1181,20,180,0,0.573,0
1182,20,180,0,0.573,0
1183,20,180,0,0.573,0
1184,20,180,0,0.573,0
1185,20,180,0,0.573,0
1186,20,180,0,0.573,0
1187,20,180,0,0.573,0
1188,20,180,0,0.573,0
1189,20,180,0,0.573,0
1190,20,180,0,0.573,0
1191,20,180,0,0.573,0
1192,20,180,0,0.573,0
1193,20,180,0,0.573,0
1194,20,180,0,0.573,0
1195,20,180,0,0.573,0
1196,20,180,0,0.573,0
1197,20,180,0,0.573,0
1198,20,180,0,0.573,0
1199,20,180,0,0.573,0
1200,20,180,0,0.573,0
1201,20,180,0,0.573,0
1202,20,180,0,0.573,0
1203,20,180,0,0.573,0
1204,20,180,0,0.573,0
1205,20,180,0,0.573,0
1206,20,180,0,0.573,0
1207,20,180,0,0.573,0
1208,20,180,0,0.573,0
1209,20,180,0,0.573,0
1210,20,180,0,0.573,0
1211,20,180,0,0.573,0
1212,20,180,0,0.573,0
1213,20,180,0,0.573,0
1214,20,180,0,0.573,0
1215,20,180,0,0.573,0
1216,20,180,0,0.573,0
1217,20,180,0,0.573,0
1218,20,180,0,0.573,0
1219,20,180,0,0.573,0
1220,20,180,0,0.573,0
1221,20,180,0,0.573,0
1222,20,180,0,0.573,0
1223,20,180,0,0.573,0
1224,20,180,0,0.573,0
1225,20,180,0,0.573,0
1226,20,180,0,0.573,0
1227,20,180,0,0.573,0
1228,20,180,0,0.573,0
1229,20,180,0,0.573,0
1230,20,180,0,0.573,0
1231,20,180,0,0.573,0
1232,20,180,0,0.573,0
1233,20,180,0,0.573,0
1234,20,180,0,0.573,0
1235,20,180,0,0.573,0
1236,20,180,0,0.573,0
1237,20,180,0,0.573,0
1238,20,180,0,0.573,0
1239,20,180,0,0.573,0
1240,20,180,0,0.573,0
1241,20,180,0,0.573,0
1242,20,180,0,0.573,0
1243,20,180,0,0.573,0
1244,20,180,0,0.573,0
1245,20,180,0,0.573,0
1246,20,180,0,0.573,0
1247,20,180,0,0.573,0
1248,20,180,0,0.573,0
1249,20,180,0,0.573,0
1250,20,180,0,0.573,0
1251,20,180,0,0.573,0
1252,20,180,0,0.573,0
1253,20,180,0,0.573,0
1254,20,180,0,0.573,0
1255,20,180,0,0.573,0
1256,20,180,0,0.573,0
1257,20,180,0,0.573,0
1258,20,180,0,0.573,0
1259,20,180,0,0.573,0
1260,20,180,0,0.573,0
1261,20,180,0,0.573,0
1262,20,180,0,0.573,0
1263,20,180,0,0.573,0
1264,20,180,0,0.573,0
1265,20,180,0,0.573,0
1266,20,180,0,0.573,0
1267,20,180,0,0.573,0
1268,20,180,0,0.573,0
1269,20,180,0,0.573,0
1270,20,180,0,0.573,0
1271,20,180,0,0.573,0
1272,20,180,0,0.573,0
1273,20,180,0,0.573,0
1274,20,180,0,0.573,0
1275,20,180,0,0.573,0
1276,20,180,0,0.573,0
1277,20,180,0,0.573,0
1278,20,180,0,0.573,0
1279,20,180,0,0.573,0
1280,20,180,0,0.573,0
1281,20,180,0,0.573,0
1282,20,180,0,0.573,0
1283,20,180,0,0.573,0
1284,20,180,0,0.573,0
1285,20,180,0,0.573,0
1286,20,180,0,0.573,0
1287,20,180,0,0.573,0
1288,20,180,0,0.573,0
1289,20,180,0,0.573,0
1290,20,180,0,0.573,0
1291,20,180,0,0.573,0
1292,20,180,0,0.573,0
1293,20,180,0,0.573,0
1294,20,180,0,0.573,0
1295,20,180,0,0.573,0
1296,20,180,0,0.573,0
1297,20,180,0,0.573,0
1298,20,180,0,0.573,0
1299,20,180,0,0.573,0
1300,20,180,0,0.573,0
1301,20,180,0,0.573,0
1302,20,180,0,0.573,0
1303,20,180,0,0.573,0
1304,20,180,0,0.573,0
1305,20,180,0,0.573,0
1306,20,180,0,0.573,0
1307,20,180,0,0.573,0
1308,20,180,0,0.573,0
1309,20,180,0,0.573,0
1310,20,180,0,0.573,0
1311,20,180,0,0.573,0
1312,20,180,0,0.573,0
1313,20,180,0,0.573,0
1314,20,180,0,0.573,0
1315,20,180,0,0.573,0
1316,20,180,0,0.573,0
1317,20,180,0,0.573,0
1318,20,180,0,0.573,0
1319,20,180,0,0.573,0
1320,20,180,0,0.573,0
1321,20,180,0,0.573,0
1322,20,180,0,0.573,0
1323,20,180,0,0.573,0
1324,20,180,0,0.573,0
1325,20,180,0,0.573,0
1326,20,180,0,0.573,0
1327,20,180,0,0.573,0
1328,20,180,0,0.573,0
1329,20,180,0,0.573,0
1330,20,180,0,0.573,0
1331,20,180,0,0.573,0
1332,20,180,0,0.573,0
1333,20,180,0,0.573,0
1334,20,180,0,0.573,0
1335,20,180,0,0.573,0
1336,20,180,0,0.573,0
1337,20,180,0,0.573,0
1338,20,180,0,0.573,0
1339,20,180,0,0.573,0
1340,20,180,0,0.573,0
1341,20,180,0,0.573,0
1342,20,180,0,0.573,0
1343,20,180,0,0.573,0
1344,20,180,0,0.573,0
1345,20,180,0,0.573,0
1346,20,180,0,0.573,0
1347,20,180,0,0.573,0
1348,20,180,0,0.573,0
1349,20,180,0,0.573,0
1350,20,180,0,0.573,0
1351,20,180,0,0.573,0
1352,20,180,0,0.573,0
1353,20,180,0,0.573,0
1354,20,180,0,0.573,0
1355,20,180,0,0.573,0
1356,20,180,0,0.573,0
1357,20,180,0,0.573,0
1358,20,180,0,0.573,0
1359,20,180,0,0.573,0
1360,20,180,0,0.573,0
1361,20,180,0,0.573,0
1362,20,180,0,0.573,0
1363,20,180,0,0.573,0
1364,20,180,0,0.573,0
1365,20,180,0,0.573,0
1366,20,180,0,0.573,0
1367,20,180,0,0.573,0
1368,20,180,0,0.573,0
1369,20,180,0,0.573,0
1370,20,180,0,0.573,0
1371,20,180,0,0.573,0
1372,20,180,0,0.573,0
1373,20,180,0,0.573,0
1374,20,180,0,0.573,0
1375,20,180,0,0.573,0
1376,20,180,0,0.573,0
1377,20,180,0,0.573,0
1378,20,180,0,0.573,0
1379,20,180,0,0.573,0
1380,20,180,0,0.573,0
1381,20,180,0,0.573,0
1382,20,180,0,0.573,0
1383,20,180,0,0.573,0
1384,20,180,0,0.573,0
1385,20,180,0,0.573,0
1386,20,180,0,0.573,0
1387,20,180,0,0.573,0
1388,20,180,0,0.573,0
1389,20,180,0,0.573,0
1390,20,180,0,0.573,0
1391,20,180,0,0.573,0
1392,20,180,0,0.573,0
1393,20,180,0,0.573,0
1394,20,180,0,0.573,0
1395,20,180,0,0.573,0
1396,20,180,0,0.573,0
1397,20,180,0,0.573,0
1398,20,180,0,0.573,0
1399,20,180,0,0.573,0
1400,20,180,0,0.573,0
1401,20,180,0,0.573,0
1402,20,180,0,0.573,0
1403,20,180,0,0.573,0
1404,20,180,0,0.573,0
1405,20,180,0,0.573,0
1406,20,180,0,0.573,0
1407,20,180,0,0.573,0
1408,20,180,0,0.573,0
1409,20,180,0,0.573,0
1410,20,180,0,0.573,0
1411,20,180,0,0.573,0
1412,20,180,0,0.573,0
1413,20,180,0,0.573,0
1414,20,180,0,0.573,0
1415,20,180,0,0.573,0
1416,20,180,0,0.573,0
1417,20,180,0,0.573,0
1418,20,180,0,0.573,0
1419,20,180,0,0.573,0
1420,20,180,0,0.573,0
1421,20,180,0,0.573,0
1422,20,180,0,0.573,0
1423,20,180,0,0.573,0
1424,20,180,0,0.573,0
1425,20,180,0,0.573,0
1426,20,180,0,0.573,0
1427,20,180,0,0.573,0
1428,20,180,0,0.573,0
1429,20,180,0,0.573,0
1430,20,180,0,0.573,0
1431,20,180,0,0.573,0
1432,20,180,0,0.573,0
1433,20,180,0,0.573,0
1434,20,180,0,0.573,0
1435,20,180,0,0.573,0
1436,20,180,0,0.573,0
1437,20,180,0,0.573,0
1438,20,180,0,0.573,0
1439,20,180,0,0.573,0
1440,20,180,0,0.573,0
1441,20,180,0,0.573,0
1442,20,180,0,0.573,0
1443,20,180,0,0.573,0
1444,20,180,0,0.573,0
1445,20,180,0,0.573,0
1446,20,180,0,0.573,0
1447,20,180,0,0.573,0
1448,20,180,0,0.573,0
1449,20,180,0,0.573,0
1450,20,180,0,0.573,0
1451,20,180,0,0.573,0
1452,20,180,0,0.573,0
1453,20,180,0,0.573,0
1454,20,180,0,0.573,0
1455,20,180,0,0.573,0
1456,20,180,0,0.573,0
1457,20,180,0,0.573,0
1458,20,180,0,0.573,0
1459,20,180,0,0.573,0
1460,20,180,0,0.573,0
1461,20,180,0,0.573,0
1462,20,180,0,0.573,0
1463,20,180,0,0.573,0
1464,20,180,0,0.573,0
1465,20,180,0,0.573,0
1466,20,180,0,0.573,0
1467,20,180,0,0.573,0
1468,20,180,0,0.573,0
1469,20,180,0,0.573,0
1470,20,180,0,0.573,0
1471,20,180,0,0.573,0
1472,20,180,0,0.573,0
1473,20,180,0,0.573,0
1474,20,180,0,0.573,0
1475,20,180,0,0.573,0
1476,20,180,0,0.573,0
1477,20,180,0,0.573,0
1478,20,180,0,0.573,0
1479,20,180,0,0.573,0
1480,20,180,0,0.573,0
1481,20,180,0,0.573,0
1482,20,180,0,0.573,0
1483,20,180,0,0.573,0
1484,20,180,0,0.573,0
1485,20,180,0,0.573,0
1486,20,180,0,0.573,0
1487,20,180,0,0.573,0
1488,20,180,0,0.573,0
1489,20,180,0,0.573,0
1490,20,180,0,0.573,0
1491,20,180,0,0.573,0
1492,20,180,0,0.573,0
1493,20,180,0,0.573,0
1494,20,180,0,0.573,0
1495,20,180,0,0.573,0
1496,20,180,0,0.573,0
1497,20,180,0,0.573,0
1498,20,180,0,0.573,0
1499,20,180,0,0.573,0
1500,20,180,0,0.573,0
1501,20,180,0,0.573,0
1502,20,180,0,0.573,0
1503,20,180,0,0.573,0
1504,20,180,0,0.573,0
1505,20,180,0,0.573,0
1506,20,180,0,0.573,0
1507,20,180,0,0.573,0
1508,20,180,0,0.573,0
1509,20,180,0,0.573,0
1510,20,180,0,0.573,0
1511,20,180,0,0.573,0
1512,20,180,0,0.573,0
1513,20,180,0,0.573,0
1514,20,180,0,0.573,0
1515,20,180,0,0.573,0
1516,20,180,0,0.573,0
1517,20,180,0,0.573,0
1518,20,180,0,0.573,0
1519,20,180,0,0.573,0
1520,20,180,0,0.573,0
1521,20,180,0,0.573,0
1522,20,180,0,0.573,0
1523,20,180,0,0.573,0
1524,20,180,0,0.573,0
1525,20,180,0,0.573,0
1526,20,180,0,0.573,0
1527,20,180,0,0.573,0
1528,20,180,0,0.573,0
1529,20,180,0,0.573,0
1530,20,180,0,0.573,0
1531,20,180,0,0.573,0
1532,20,180,0,0.573,0
1533,20,180,0,0.573,0
1534,20,180,0,0.573,0
1535,20,180,0,0.573,0
1536,20,180,0,0.573,0
1537,20,180,0,0.573,0
1538,20,180,0,0.573,0
1539,20,180,0,0.573,0
1540,20,180,0,0.573,0
1541,20,180,0,0.573,0
1542,20,180,0,0.573,0
1543,20,180,0,0.573,0
1544,20,180,0,0.573,0
1545,20,180,0,0.573,0
1546,20,180,0,0.573,0
1547,20,180,0,0.573,0
1548,20,180,0,0.573,0
1549,20,180,0,0.573,0
1550,20,180,0,0.573,0
1551,20,180,0,0.573,0
1552,20,180,0,0.573,0
1553,20,180,0,0.573,0
1554,20,180,0,0.573,0
1555,20,180,0,0.573,0
1556,20,180,0,0.573,0
1557,20,180,0,0.573,0
1558,20,180,0,0.573,0
1559,20,180,0,0.573,0
1560,20,180,0,0.573,0
1561,20,180,0,0.573,0
1562,20,180,0,0.573,0
1563,20,180,0,0.573,0
1564,20,180,0,0.573,0
1565,20,180,0,0.573,0
1566,20,180,0,0.573,0
1567,20,180,0,0.573,0
1568,20,180,0,0.573,0
1569,20,180,0,0.573,0
1570,20,180,0,0.573,0
1571,20,180,0,0.573,0
1572,20,180,0,0.573,0
1573,20,180,0,0.573,0
1574,20,180,0,0.573,0
1575,20,180,0,0.573,0
1576,20,180,0,0.573,0
1577,20,180,0,0.573,0
1578,20,180,0,0.573,0
1579,20,180,0,0.573,0
1580,20,180,0,0.573,0
1581,20,180,0,0.573,0
1582,20,180,0,0.573,0
1583,20,180,0,0.573,0
1584,20,180,0,0.573,0
1585,20,180,0,0.573,0
1586,20,180,0,0.573,0
1587,20,180,0,0.573,0
1588,20,180,0,0.573,0
1589,20,180,0,0.573,0
1590,20,180,0,0.573,0
1591,20,180,0,0.573,0
1592,20,180,0,0.573,0
1593,20,180,0,0.573,0
1594,20,180,0,0.573,0
1595,20,180,0,0.573,0
1596,20,180,0,0.573,0
1597,20,180,0,0.573,0
1598,20,180,0,0.573,0
1599,20,180,0,0.573,0
1600,20,180,0,0.573,0
1601,20,180,0,0.573,0
1602,20,180,0,0.573,0
1603,20,180,0,0.573,0
1604,20,180,0,0.573,0
1605,20,180,0,0.573,0
1606,20,180,0,0.573,0
1607,20,180,0,0.573,0
1608,20,180,0,0.573,0
1609,20,180,0,0.573,0
1610,20,180,0,0.573,0
1611,20,180,0,0.573,0
1612,20,180,0,0.573,0
1613,20,180,0,0.573,0
1614,20,180,0,0.573,0
1615,20,180,0,0.573,0
1616,20,180,0,0.573,0
1617,20,180,0,0.573,0
1618,20,180,0,0.573,0
1619,20,180,0,0.573,0
1620,20,180,0,0.573,0
1621,20,180,0,0.573,0
1622,20,180,0,0.573,0
1623,20,180,0,0.573,0
1624,20,180,0,0.573,0
1625,20,180,0,0.573,0
1626,20,180,0,0.573,0
1627,20,180,0,0.573,0
1628,20,180,0,0.573,0
1629,20,180,0,0.573,0
1630,20,180,0,0.573,0
1631,20,180,0,0.573,0
1632,20,180,0,0.573,0
1633,20,180,0,0.573,0
1634,20,180,0,0.573,0
1635,20,180,0,0.573,0
1636,20,180,0,0.573,0
1637,20,180,0,0.573,0
1638,20,180,0,0.573,0
1639,20,180,0,0.573,0
1640,20,180,0,0.573,0
1641,20,180,0,0.573,0
1642,20,180,0,0.573,0
1643,20,180,0,0.573,0
1644,20,180,0,0.573,0
1645,20,180,0,0.573,0
1646,20,180,0,0.573,0
1647,20,180,0,0.573,0
1648,20,180,0,0.573,0
1649,20,180,0,0.573,0
1650,20,180,0,0.573,0
1651,20,180,0,0.573,0
1652,20,180,0,0.573,0
1653,20,180,0,0.573,0
1654,20,180,0,0.573,0
1655,20,180,0,0.573,0
1656,20,180,0,0.573,0
1657,20,180,0,0.573,0
1658,20,180,0,0.573,0
1659,20,180,0,0.573,0
1660,20,180,0,0.573,0
1661,20,180,0,0.573,0
1662,20,180,0,0.573,0
1663,20,180,0,0.573,0
1664,20,180,0,0.573,0
1665,20,180,0,0.573,0
1666,20,180,0,0.573,0
1667,20,180,0,0.573,0
1668,20,180,0,0.573,0
1669,20,180,0,0.573,0
1670,20,180,0,0.573,0
1671,20,180,0,0.573,0
1672,20,180,0,0.573,0
1673,20,180,0,0.573,0
1674,20,180,0,0.573,0
1675,20,180,0,0.573,0
1676,20,180,0,0.573,0
1677,20,180,0,0.573,0
1678,20,180,0,0.573,0
1679,20,180,0,0.573,0
1680,20,180,0,0.573,0
1681,20,180,0,0.573,0
1682,20,180,0,0.573,0
1683,20,180,0,0.573,0
1684,20,180,0,0.573,0
1685,20,180,0,0.573,0
1686,20,180,0,0.573,0
1687,20,180,0,0.573,0
1688,20,180,0,0.573,0
1689,20,180,0,0.573,0
1690,20,180,0,0.573,0
1691,20,180,0,0.573,0
1692,20,180,0,0.573,0
1693,20,180,0,0.573,0
1694,20,180,0,0.573,0
1695,20,180,0,0.573,0
1696,20,180,0,0.573,0
1697,20,180,0,0.573,0
1698,20,180,0,0.573,0
1699,20,180,0,0.573,0
1700,20,180,0,0.573,0
1701,20,180,0,0.573,0
1702,20,180,0,0.573,0
1703,20,180,0,0.573,0
1704,20,180,0,0.573,0
1705,20,180,0,0.573,0
1706,20,180,0,0.573,0
1707,20,180,0,0.573,0
1708,20,180,0,0.573,0
1709,20,180,0,0.573,0
1710,20,180,0,0.573,0
1711,20,180,0,0.573,0
1712,20,180,0,0.573,0
1713,20,180,0,0.573,0
1714,20,180,0,0.573,0
1715,20,180,0,0.573,0
1716,20,180,0,0.573,0
1717,20,180,0,0.573,0
1718,20,180,0,0.573,0
1719,20,180,0,0.573,0
1720,20,180,0,0.573,0
1721,20,180,0,0.573,0
1722,20,180,0,0.573,0
1723,20,180,0,0.573,0
1724,20,180,0,0.573,0
1725,20,180,0,0.573,0
1726,20,180,0,0.573,0
1727,20,180,0,0.573,0
1728,20,180,0,0.573,0
1729,20,180,0,0.573,0
1730,20,180,0,0.573,0
1731,20,180,0,0.573,0
1732,20,180,0,0.573,0
1733,20,180,0,0.573,0
1734,20,180,0,0.573,0
1735,20,180,0,0.573,0
1736,20,180,0,0.573,0
1737,20,180,0,0.573,0
1738,20,180,0,0.573,0
1739,20,180,0,0.573,0
1740,20,180,0,0.573,0
1741,20,180,0,0.573,0
1742,20,180,0,0.573,0
1743,20,180,0,0.573,0
1744,20,180,0,0.573,0
1745,20,180,0,0.573,0
1746,20,180,0,0.573,0
1747,20,180,0,0.573,0
1748,20,180,0,0.573,0
1749,20,180,0,0.573,0
1750,20,180,0,0.573,0
1751,20,180,0,0.573,0
1752,20,180,0,0.573,0
1753,20,180,0,0.573,0
1754,20,180,0,0.573,0
1755,20,180,0,0.573,0
1756,20,180,0,0.573,0
1757,20,180,0,0.573,0
1758,20,180,0,0.573,0
1759,20,180,0,0.573,0
1760,20,180,0,0.573,0
1761,20,180,0,0.573,0
1762,20,180,0,0.573,0
1763,20,180,0,0.573,0
1764,20,180,0,0.573,0
1765,20,180,0,0.573,0
1766,20,180,0,0.573,0
1767,20,180,0,0.573,0
1768,20,180,0,0.573,0
1769,20,180,0,0.573,0
1770,20,180,0,0.573,0
1771,20,180,0,0.573,0
1772,20,180,0,0.573,0
1773,20,180,0,0.573,0
1774,20,180,0,0.573,0
1775,20,180,0,0.573,0
1776,20,180,0,0.573,0
1777,20,180,0,0.573,0
1778,20,180,0,0.573,0
1779,20,180,0,0.573,0
1780,20,180,0,0.573,0
1781,20,180,0,0.573,0
1782,20,180,0,0.573,0
1783,20,180,0,0.573,0
1784,20,180,0,0.573,0
1785,20,180,0,0.573,0
1786,20,180,0,0.573,0
1787,20,180,0,0.573,0
1788,20,180,0,0.573,0
1789,20,180,0,0.573,0
1790,20,180,0,0.573,0
1791,20,180,0,0.573,0
1792,20,180,0,0.573,0
1793,20,180,0,0.573,0
1794,20,180,0,0.573,0
1795,20,180,0,0.573,0
1796,20,180,0,0.573,0
1797,20,180,0,0.573,0
1798,20,180,0,0.573,0
1799,20,180,0,0.573,0
1800,20,180,0,0.573,0
1801,20,180,0,0.573,0
1802,20,180,0,0.573,0
1803,20,180,0,0.573,0
1804,20,180,0,0.573,0
1805,20,180,0,0.573,0
1806,20,180,0,0.573,0
1807,20,180,0,0.573,0
1808,20,180,0,0.573,0
1809,20,180,0,0.573,0
1810,20,180,0,0.573,0
1811,20,180,0,0.573,0
1812,20,180,0,0.573,0
1813,20,180,0,0.573,0
1814,20,180,0,0.573,0
1815,20,180,0,0.573,0
1816,20,180,0,0.573,0
1817,20,180,0,0.573,0
1818,20,180,0,0.573,0
1819,20,180,0,0.573,0
1820,20,180,0,0.573,0
1821,20,180,0,0.573,0
1822,20,180,0,0.573,0
1823,20,180,0,0.573,0
1824,20,180,0,0.573,0
1825,20,180,0,0.573,0
1826,20,180,0,0.573,0
1827,20,180,0,0.573,0
1828,20,180,0,0.573,0
1829,20,180,0,0.573,0
1830,20,180,0,0.573,0
1831,20,180,0,0.573,0
1832,20,180,0,0.573,0
1833,20,180,0,0.573,0
1834,20,180,0,0.573,0
1835,20,180,0,0.573,0
1836,20,180,0,0.573,0
1837,20,180,0,0.573,0
1838,20,180,0,0.573,0
1839,20,180,0,0.573,0
1840,20,180,0,0.573,0
1841,20,180,0,0.573,0
1842,20,180,0,0.573,0
1843,20,180,0,0.573,0
1844,20,180,0,0.573,0
1845,20,180,0,0.573,0
1846,20,180,0,0.573,0
1847,20,180,0,0.573,0
1848,20,180,0,0.573,0
1849,20,180,0,0.573,0
1850,20,180,0,0.573,0
1851,20,180,0,0.573,0
1852,20,180,0,0.573,0
1853,20,180,0,0.573,0
1854,20,180,0,0.573,0
1855,20,180,0,0.573,0
1856,20,180,0,0.573,0
1857,20,180,0,0.573,0
1858,20,180,0,0.573,0
1859,20,180,0,0.573,0
1860,20,180,0,0.573,0
1861,20,180,0,0.573,0
1862,20,180,0,0.573,0
1863,20,180,0,0.573,0
1864,20,180,0,0.573,0
1865,20,180,0,0.573,0
1866,20,180,0,0.573,0
1867,20,180,0,0.573,0
1868,20,180,0,0.573,0
1869,20,180,0,0.573,0
1870,20,180,0,0.573,0
1871,20,180,0,0.573,0
1872,20,180,0,0.573,0
1873,20,180,0,0.573,0
1874,20,180,0,0.573,0
1875,20,180,0,0.573,0
1876,20,180,0,0.573,0
1877,20,180,0,0.573,0
1878,20,180,0,0.573,0
1879,20,180,0,0.573,0
1880,20,180,0,0.573,0
1881,20,180,0,0.573,0
1882,20,180,0,0.573,0
1883,20,180,0,0.573,0
1884,20,180,0,0.573,0
1885,20,180,0,0.573,0
1886,20,180,0,0.573,0
1887,20,180,0,0.573,0
1888,20,180,0,0.573,0
1889,20,180,0,0.573,0
1890,20,180,0,0.573,0
1891,20,180,0,0.573,0
1892,20,180,0,0.573,0
1893,20,180,0,0.573,0
1894,20,180,0,0.573,0
1895,20,180,0,0.573,0
1896,20,180,0,0.573,0
1897,20,180,0,0.573,0
1898,20,180,0,0.573,0
1899,20,180,0,0.573,0
1900,20,180,0,0.573,0
1901,20,180,0,0.573,0
1902,20,180,0,0.573,0
1903,20,180,0,0.573,0
1904,20,180,0,0.573,0
1905,20,180,0,0.573,0
1906,20,180,0,0.573,0
1907,20,180,0,0.573,0
1908,20,180,0,0.573,0
1909,20,180,0,0.573,0
1910,20,180,0,0.573,0
1911,20,180,0,0.573,0
1912,20,180,0,0.573,0
1913,20,180,0,0.573,0
1914,20,180,0,0.573,0
1915,20,180,0,0.573,0
1916,20,180,0,0.573,0
1917,20,180,0,0.573,0
1918,20,180,0,0.573,0
1919,20,180,0,0.573,0
1920,20,180,0,0.573,0
1921,20,180,0,0.573,0
1922,20,180,0,0.573,0
1923,20,180,0,0.573,0
1924,20,180,0,0.573,0
1925,20,180,0,0.573,0
1926,20,180,0,0.573,0
1927,20,180,0,0.573,0
1928,20,180,0,0.573,0
1929,20,180,0,0.573,0
1930,20,180,0,0.573,0
1931,20,180,0,0.573,0
1932,20,180,0,0.573,0
1933,20,180,0,0.573,0
1934,20,180,0,0.573,0
1935,20,180,0,0.573,0
1936,20,180,0,0.573,0
1937,20,180,0,0.573,0
1938,20,180,0,0.573,0
1939,20,180,0,0.573,0
1940,20,180,0,0.573,0
1941,20,180,0,0.573,0
1942,20,180,0,0.573,0
1943,20,180,0,0.573,0
1944,20,180,0,0.573,0
1945,20,180,0,0.573,0
1946,20,180,0,0.573,0
1947,20,180,0,0.573,0
1948,20,180,0,0.573,0
1949,20,180,0,0.573,0
1950,20,180,0,0.573,0
1951,20,180,0,0.573,0
1952,20,180,0,0.573,0
1953,20,180,0,0.573,0
1954,20,180,0,0.573,0
1955,20,180,0,0.573,0
1956,20,180,0,0.573,0
1957,20,180,0,0.573,0
1958,20,180,0,0.573,0
1959,20,180,0,0.573,0
1960,20,180,0,0.573,0
1961,20,180,0,0.573,0
1962,20,180,0,0.573,0
1963,20,180,0,0.573,0
1964,20,180,0,0.573,0
1965,20,180,0,0.573,0
1966,20,180,0,0.573,0
1967,20,180,0,0.573,0
1968,20,180,0,0.573,0
1969,20,180,0,0.573,0
1970,20,180,0,0.573,0
1971,20,180,0,0.573,0
1972,20,180,0,0.573,0
1973,20,180,0,0.573,0
1974,20,180,0,0.573,0
1975,20,180,0,0.573,0
1976,20,180,0,0.573,0
1977,20,180,0,0.573,0
1978,20,180,0,0.573,0
1979,20,180,0,0.573,0
1980,20,180,0,0.573,0
1981,20,180,0,0.573,0
1982,20,180,0,0.573,0
1983,20,180,0,0.573,0
1984,20,180,0,0.573,0
1985,20,180,0,0.573,0
1986,20,180,0,0.573,0
1987,20,180,0,0.573,0
1988,20,180,0,0.573,0
1989,20,180,0,0.573,0
1990,20,180,0,0.573,0
1991,20,180,0,0.573,0
1992,20,180,0,0.573,0
1993,20,180,0,0.573,0
1994,20,180,0,0.573,0
1995,20,180,0,0.573,0
1996,20,180,0,0.573,0
1997,20,180,0,0.573,0
1998,20,180,0,0.573,0
1999,20,180,0,0.573,0
2000,20,180,0,0.573,0
