tick,pop_rich,pop_poor,avg_nrg_rich,avg_nrg_poor,trades
1,20,180,1004.3,49.1,0
2,20,180,1008.6,48.2,0
3,20,180,1012.8,47.3,0
4,20,180,1017.0,46.4,0
5,20,180,1021.3,45.5,0
6,20,180,1025.4,44.6,0
7,20,180,1029.6,43.8,0
8,20,180,1033.8,42.9,0
9,20,180,1037.9,42.0,0
10,20,180,1042.0,41.1,0
11,20,180,1046.1,40.3,0
12,20,180,1050.1,39.4,0
13,20,180,1054.2,38.6,0
14,20,180,1058.2,37.7,0
15,20,180,1062.2,36.9,0
16,20,180,1066.2,36.0,0
17,20,180,1070.1,35.2,0
18,20,180,1074.1,34.4,0
19,20,180,1078.0,33.5,0
20,20,180,1081.9,32.7,0
21,20,180,1085.8,31.9,0
22,20,180,1089.7,31.1,0
23,20,180,1093.5,30.3,0
24,20,180,1097.3,29.5,0
25,20,180,1101.1,28.7,0
26,20,180,1104.9,27.9,0
27,20,180,1108.7,27.1,0
28,20,180,1112.4,26.3,0
29,20,180,1116.2,25.5,0
30,20,180,1119.9,24.7,0
31,20,180,1123.6,23.9,0
32,20,180,1127.3,23.1,0
33,20,180,1130.9,22.4,0
34,20,180,1134.6,21.6,0
35,20,180,1138.2,20.8,0
36,20,180,1141.8,20.1,0
37,20,180,1145.4,19.3,0
38,20,180,1148.9,18.6,0
39,20,180,1152.5,17.8,0
40,20,180,1156.0,17.1,0
41,20,180,1159.5,16.3,0
42,20,180,1163.0,15.6,0
43,20,180,1166.5,14.9,0
44,20,180,1170.0,14.1,0
45,20,180,1173.4,13.4,0
46,20,180,1176.8,12.7,0
47,20,180,1180.2,12.0,0
48,20,180,1183.6,11.2,0
49,20,180,1187.0,10.5,0
50,20,180,1190.4,9.8,0
51,20,180,1193.6,9.1,0
52,20,180,1196.7,8.4,0
53,20,180,1199.6,7.7,0
54,20,180,1202.4,7.0,0
55,20,180,1205.1,6.3,0
56,20,180,1207.7,5.6,0
57,20,180,1210.1,4.9,0
58,20,180,1212.3,4.2,0
59,20,180,1214.5,3.6,0
60,20,180,1216.5,2.9,0
61,20,180,1218.3,2.2,0
62,20,180,1220.0,1.5,0
63,20,180,1221.6,0.9,0
64,20,180,1223.1,0.2,0
65,20,0,1224.4,0.0,0
66,40,0,847.8,0.0,0
67,79,0,662.9,0.0,0
68,157,0,569.5,0.0,0
69,195,0,554.9,0.0,0
70,195,0,561.2,0.0,0
71,195,0,567.4,0.0,0
72,195,0,573.6,0.0,0
73,195,0,579.8,0.0,0
74,195,0,585.9,0.0,0
75,195,0,591.9,0.0,0
76,195,0,598.0,0.0,0
77,195,0,603.9,0.0,0
78,195,0,609.9,0.0,0
79,195,0,615.8,0.0,0
80,195,0,621.6,0.0,0
81,195,0,627.4,0.0,0
82,195,0,633.2,0.0,0
83,195,0,638.9,0.0,0
84,195,0,644.6,0.0,0
85,195,0,650.3,0.0,0
86,195,0,655.9,0.0,0
87,195,0,661.5,0.0,0
88,195,0,667.0,0.0,0
89,195,0,672.5,0.0,0
90,195,0,678.0,0.0,0
91,195,0,683.4,0.0,0
92,195,0,688.8,0.0,0
93,195,0,694.1,0.0,0
94,195,0,699.4,0.0,0
95,195,0,704.7,0.0,0
96,195,0,709.9,0.0,0
97,195,0,715.1,0.0,0
98,195,0,720.2,0.0,0
99,195,0,725.3,0.0,0
100,195,0,730.4,0.0,0
101,195,0,735.5,0.0,0
102,195,0,740.5,0.0,0
103,195,0,745.5,0.0,0
104,195,0,750.4,0.0,0
105,195,0,755.3,0.0,0
106,195,0,760.2,0.0,0
107,195,0,765.0,0.0,0
108,195,0,769.8,0.0,0
109,195,0,774.6,0.0,0
110,195,0,779.3,0.0,0
111,195,0,784.0,0.0,0
112,195,0,788.7,0.0,0
113,195,0,793.3,0.0,0
114,195,0,797.9,0.0,0
115,195,0,802.5,0.0,0
116,195,0,807.0,0.0,0
117,195,0,811.5,0.0,0
118,195,0,816.0,0.0,0
119,195,0,820.3,0.0,0
120,195,0,824.6,0.0,0
121,195,0,828.7,0.0,0
122,195,0,832.8,0.0,0
123,195,0,836.7,0.0,0
124,195,0,840.6,0.0,0
125,195,0,844.3,0.0,0
126,195,0,847.9,0.0,0
127,195,0,851.4,0.0,0
128,195,0,854.9,0.0,0
129,195,0,858.2,0.0,0
130,195,0,861.4,0.0,0
131,195,0,864.5,0.0,0
132,195,0,867.5,0.0,0
133,195,0,870.4,0.0,0
134,195,0,873.2,0.0,0
135,195,0,875.9,0.0,0
136,195,0,878.5,0.0,0
137,195,0,881.0,0.0,0
138,195,0,883.4,0.0,0
139,195,0,885.7,0.0,0
140,195,0,887.8,0.0,0
141,195,0,889.9,0.0,0
142,195,0,891.9,0.0,0
143,195,0,893.8,0.0,0
144,195,0,895.5,0.0,0
145,195,0,897.2,0.0,0
146,195,0,898.8,0.0,0
147,195,0,900.2,0.0,0
148,195,0,901.6,0.0,0
149,195,0,902.9,0.0,0
150,195,0,904.1,0.0,0
151,195,0,905.1,0.0,0
152,195,0,906.1,0.0,0
153,195,0,907.0,0.0,0
154,195,0,907.8,0.0,0
155,195,0,908.5,0.0,0
156,195,0,909.1,0.0,0
157,195,0,909.6,0.0,0
158,195,0,910.0,0.0,0
159,195,0,910.3,0.0,0
160,195,0,910.5,0.0,0
161,195,0,910.7,0.0,0
162,195,0,910.7,0.0,0
163,195,0,910.7,0.0,0
164,195,0,910.5,0.0,0
165,195,0,910.3,0.0,0
166,195,0,910.0,0.0,0
167,195,0,909.6,0.0,0
168,195,0,909.1,0.0,0
169,195,0,908.7,0.0,1
170,195,0,908.2,0.0,2
171,195,0,907.7,0.0,2
172,195,0,907.1,0.0,2
173,195,0,906.4,0.0,2
174,195,0,905.7,0.0,2
175,195,0,904.8,0.0,2
176,195,0,903.8,0.0,1
177,195,0,902.8,0.0,2
178,195,0,901.8,0.0,3
179,195,0,900.7,0.0,3
180,195,0,899.6,0.0,3
181,195,0,898.4,0.0,3
182,195,0,897.1,0.0,3
183,195,0,895.7,0.0,3
184,195,0,894.1,0.0,1
185,195,0,892.3,0.0,0
186,195,0,890.4,0.0,0
187,195,0,888.5,0.0,0
188,195,0,886.5,0.0,0
189,195,0,884.5,0.0,0
190,195,0,882.4,0.0,0
191,195,0,880.2,0.0,0
192,195,0,877.9,0.0,0
193,195,0,875.6,0.0,0
194,195,0,873.3,0.0,0
195,195,0,870.9,0.0,0
196,195,0,868.4,0.0,0
197,195,0,865.9,0.0,0
198,195,0,863.4,0.0,0
199,195,0,860.7,0.0,0
200,195,0,858.1,0.0,0
201,195,0,855.4,0.0,0
202,195,0,852.6,0.0,0
203,195,0,849.8,0.0,0
204,195,0,847.0,0.0,0
205,195,0,844.1,0.0,0
206,195,0,841.1,0.0,0
207,195,0,838.1,0.0,0
208,195,0,835.1,0.0,0
209,195,0,832.1,0.0,0
210,195,0,829.0,0.0,0
211,195,0,825.8,0.0,0
212,195,0,822.7,0.0,0
213,195,0,819.5,0.0,0
214,195,0,816.2,0.0,0
215,195,0,813.0,0.0,0
216,195,0,809.7,0.0,0
217,195,0,806.3,0.0,0
218,195,0,803.0,0.0,0
219,195,0,799.6,0.0,0
220,195,0,796.2,0.0,0
221,195,0,792.8,0.0,0
222,195,0,789.3,0.0,0
223,195,0,785.8,0.0,0
224,195,0,782.3,0.0,0
225,195,0,778.8,0.0,0
226,195,0,775.2,0.0,0
227,196,0,770.1,0.0,0
228,196,0,766.6,0.0,0
229,197,0,761.5,0.0,0
230,197,0,758.0,0.0,0
231,197,0,754.5,0.0,0
232,197,0,750.9,0.0,0
233,198,0,745.9,0.0,0
234,200,0,739.7,0.0,0
235,200,0,736.3,0.0,0
236,200,0,732.8,0.0,0
237,200,0,729.4,0.0,0
238,200,0,725.9,0.0,0
239,200,0,722.5,0.0,0
240,200,0,719.0,0.0,0
241,200,0,715.5,0.0,0
242,200,0,712.0,0.0,0
243,200,0,708.5,0.0,0
244,200,0,705.0,0.0,0
245,200,0,701.5,0.0,0
246,200,0,698.0,0.0,0
247,200,0,694.5,0.0,0
248,200,0,691.0,0.0,0
249,200,0,687.5,0.0,0
250,200,0,684.0,0.0,0
251,200,0,680.5,0.0,0
252,200,0,677.0,0.0,0
253,200,0,673.5,0.0,0
254,200,0,670.0,0.0,0
255,200,0,666.5,0.0,0
256,200,0,663.0,0.0,0
257,200,0,659.5,0.0,0
258,200,0,656.0,0.0,0
259,200,0,652.5,0.0,0
260,200,0,649.0,0.0,0
261,200,0,645.6,0.0,0
262,200,0,642.1,0.0,0
263,200,0,638.7,0.0,0
264,200,0,635.2,0.0,0
265,200,0,631.8,0.0,0
266,200,0,628.3,0.0,0
267,200,0,624.9,0.0,0
268,200,0,621.5,0.0,0
269,200,0,618.1,0.0,0
270,200,0,614.7,0.0,0
271,200,0,611.4,0.0,0
272,200,0,608.0,0.0,0
273,200,0,604.7,0.0,0
274,200,0,601.3,0.0,0
275,200,0,598.0,0.0,0
276,200,0,594.7,0.0,0
277,200,0,591.4,0.0,0
278,200,0,588.1,0.0,0
279,200,0,584.8,0.0,0
280,200,0,581.6,0.0,0
281,200,0,578.4,0.0,0
282,200,0,575.1,0.0,0
283,200,0,571.9,0.0,0
284,200,0,568.7,0.0,0
285,200,0,565.6,0.0,0
286,200,0,562.4,0.0,0
287,200,0,559.3,0.0,0
288,200,0,556.1,0.0,0
289,200,0,553.0,0.0,0
290,200,0,549.9,0.0,0
291,200,0,546.8,0.0,0
292,200,0,543.8,0.0,0
293,200,0,540.7,0.0,0
294,200,0,537.7,0.0,0
295,200,0,534.7,0.0,0
296,200,0,531.7,0.0,0
297,200,0,528.7,0.0,0
298,200,0,525.7,0.0,0
299,200,0,522.8,0.0,0
300,200,0,519.8,0.0,0
301,200,0,516.9,0.0,0
302,200,0,514.0,0.0,0
303,200,0,511.1,0.0,0
304,200,0,508.3,0.0,0
305,200,0,505.4,0.0,0
306,200,0,502.6,0.0,0
307,200,0,499.8,0.0,0
308,200,0,497.0,0.0,0
309,200,0,494.3,0.0,0
310,200,0,491.5,0.0,0
311,200,0,488.8,0.0,0
312,200,0,486.1,0.0,0
313,200,0,483.4,0.0,0
314,200,0,480.7,0.0,0
315,200,0,478.0,0.0,0
316,200,0,475.4,0.0,0
317,200,0,472.8,0.0,0
318,200,0,470.2,0.0,0
319,200,0,467.6,0.0,0
320,200,0,465.0,0.0,0
321,200,0,462.5,0.0,0
322,200,0,460.0,0.0,0
323,200,0,457.5,0.0,0
324,200,0,455.0,0.0,0
325,200,0,452.5,0.0,0
326,200,0,450.0,0.0,0
327,200,0,447.6,0.0,0
328,200,0,445.2,0.0,0
329,200,0,442.8,0.0,0
330,200,0,440.4,0.0,0
331,200,0,438.1,0.0,0
332,200,0,435.7,0.0,0
333,200,0,433.4,0.0,0
334,200,0,431.1,0.0,0
335,200,0,428.8,0.0,0
336,200,0,426.5,0.0,0
337,200,0,424.3,0.0,0
338,200,0,422.1,0.0,0
339,200,0,419.8,0.0,0
340,200,0,417.6,0.0,0
341,200,0,415.5,0.0,0
342,200,0,413.3,0.0,0
343,200,0,411.2,0.0,0
344,200,0,409.0,0.0,0
345,200,0,406.9,0.0,0
346,200,0,404.8,0.0,0
347,200,0,402.7,0.0,0
348,200,0,400.7,0.0,0
349,200,0,398.6,0.0,0
350,200,0,396.6,0.0,0
351,200,0,394.6,0.0,0
352,200,0,392.6,0.0,0
353,200,0,390.6,0.0,0
354,200,0,388.7,0.0,0
355,200,0,386.7,0.0,0
356,200,0,384.8,0.0,0
357,200,0,382.9,0.0,0
358,200,0,381.0,0.0,0
359,200,0,379.1,0.0,0
360,200,0,377.3,0.0,0
361,200,0,375.4,0.0,0
362,200,0,373.6,0.0,0
363,200,0,371.8,0.0,0
364,200,0,369.9,0.0,0
365,200,0,368.2,0.0,0
366,200,0,366.4,0.0,0
367,200,0,364.6,0.0,0
368,200,0,362.9,0.0,0
369,200,0,361.2,0.0,0
370,200,0,359.4,0.0,0
371,200,0,357.7,0.0,0
372,200,0,356.1,0.0,0
373,200,0,354.4,0.0,0
374,200,0,352.7,0.0,0
375,200,0,351.1,0.0,0
376,200,0,349.5,0.0,0
377,200,0,347.8,0.0,0
378,200,0,346.2,0.0,0
379,200,0,344.6,0.0,0
380,200,0,343.1,0.0,0
381,200,0,341.5,0.0,0
382,200,0,340.0,0.0,0
383,200,0,338.4,0.0,0
384,200,0,336.9,0.0,0
385,200,0,335.4,0.0,0
386,200,0,333.9,0.0,0
387,200,0,332.4,0.0,0
388,200,0,330.9,0.0,0
389,200,0,329.5,0.0,0
390,200,0,328.0,0.0,0
391,200,0,326.6,0.0,0
392,200,0,325.2,0.0,0
393,200,0,323.7,0.0,0
394,200,0,322.3,0.0,0
395,200,0,320.9,0.0,0
396,200,0,319.6,0.0,0
397,200,0,318.2,0.0,0
398,200,0,316.8,0.0,0
399,200,0,315.5,0.0,0
400,200,0,314.2,0.0,0
401,200,0,312.8,0.0,0
402,200,0,311.5,0.0,0
403,200,0,310.2,0.0,0
404,200,0,308.9,0.0,0
405,200,0,307.7,0.0,0
406,200,0,306.4,0.0,0
407,200,0,305.1,0.0,0
408,200,0,303.9,0.0,0
409,200,0,302.6,0.0,0
410,200,0,301.4,0.0,0
411,200,0,300.2,0.0,0
412,200,0,299.0,0.0,0
413,200,0,297.8,0.0,0
414,200,0,296.6,0.0,0
415,200,0,295.4,0.0,0
416,200,0,294.2,0.0,0
417,200,0,293.1,0.0,0
418,200,0,291.9,0.0,0
419,200,0,290.8,0.0,0
420,200,0,289.6,0.0,0
421,200,0,288.5,0.0,0
422,200,0,287.4,0.0,0
423,200,0,286.3,0.0,0
424,200,0,285.2,0.0,0
425,200,0,284.1,0.0,0
426,200,0,283.0,0.0,0
427,200,0,281.9,0.0,0
428,200,0,280.9,0.0,0
429,200,0,279.8,0.0,0
430,200,0,278.8,0.0,0
431,200,0,277.7,0.0,0
432,200,0,276.7,0.0,0
433,200,0,275.6,0.0,0
434,200,0,274.6,0.0,0
435,200,0,273.6,0.0,0
436,200,0,272.6,0.0,0
437,200,0,271.6,0.0,0
438,200,0,270.6,0.0,0
439,200,0,269.7,0.0,0
440,200,0,268.7,0.0,0
441,200,0,267.7,0.0,0
442,200,0,266.8,0.0,0
443,200,0,265.8,0.0,0
444,200,0,264.9,0.0,0
445,200,0,263.9,0.0,0
446,200,0,263.0,0.0,0
447,200,0,262.1,0.0,0
448,200,0,261.1,0.0,0
449,200,0,260.2,0.0,0
450,200,0,259.3,0.0,0
451,200,0,258.4,0.0,0
452,200,0,257.5,0.0,0
453,200,0,256.7,0.0,0
454,200,0,255.8,0.0,0
455,200,0,254.9,0.0,0
456,200,0,254.0,0.0,0
457,200,0,253.2,0.0,0
458,200,0,252.3,0.0,0
459,200,0,251.5,0.0,0
460,200,0,250.6,0.0,0
461,200,0,249.8,0.0,0
462,200,0,249.0,0.0,0
463,200,0,248.2,0.0,0
464,200,0,247.3,0.0,0
465,200,0,246.5,0.0,0
466,200,0,245.7,0.0,0
467,200,0,244.9,0.0,0
468,200,0,244.1,0.0,0
469,200,0,243.3,0.0,20
470,200,0,242.6,0.0,20
471,200,0,241.8,0.0,20
472,200,0,241.1,0.0,20
473,200,0,240.4,0.0,20
474,200,0,239.7,0.0,20
475,200,0,239.0,0.0,20
476,200,0,238.3,0.0,20
477,200,0,237.7,0.0,20
478,200,0,237.0,0.0,20
479,200,0,236.4,0.0,20
480,200,0,235.7,0.0,14
481,200,0,235.1,0.0,7
482,200,0,234.4,0.0,13
483,200,0,233.8,0.0,9
484,200,0,233.2,0.0,3
485,200,0,232.5,0.0,11
486,200,0,231.9,0.0,8
487,200,0,231.3,0.0,7
488,200,0,230.6,0.0,11
489,200,0,230.0,0.0,3
490,200,0,229.4,0.0,11
491,200,0,228.7,0.0,13
492,200,0,228.1,0.0,2
493,200,0,227.5,0.0,11
494,200,0,226.9,0.0,7
495,200,0,226.2,0.0,3
496,200,0,225.6,0.0,17
497,200,0,225.0,0.0,7
498,200,0,224.4,0.0,8
499,200,0,223.8,0.0,13
500,200,0,223.2,0.0,4
501,200,0,222.6,0.0,9
502,200,0,222.0,0.0,9
503,200,0,221.4,0.0,3
504,200,0,220.8,0.0,11
505,200,0,220.2,0.0,8
506,200,0,219.6,0.0,2
507,200,0,219.0,0.0,16
508,200,0,218.4,0.0,5
509,200,0,217.8,0.0,6
510,200,0,217.2,0.0,12
511,200,0,216.6,0.0,3
512,200,0,216.0,0.0,9
513,200,0,215.5,0.0,9
514,200,0,214.9,0.0,3
515,200,0,214.3,0.0,11
516,200,0,213.8,0.0,10
517,200,0,213.2,0.0,1
518,200,0,212.6,0.0,16
519,200,0,212.1,0.0,7
520,200,0,211.5,0.0,3
521,200,0,210.9,0.0,15
522,200,0,210.4,0.0,5
523,200,0,209.8,0.0,6
524,200,0,209.3,0.0,12
525,200,0,208.7,0.0,4
526,200,0,208.2,0.0,10
527,200,0,207.6,0.0,9
528,200,0,207.1,0.0,3
529,200,0,206.6,0.0,11
530,200,0,206.0,0.0,8
531,200,0,205.5,0.0,4
532,200,0,205.0,0.0,15
533,200,0,204.4,0.0,8
534,200,0,203.9,0.0,7
535,200,0,203.4,0.0,16
536,200,0,202.9,0.0,7
537,200,0,202.3,0.0,13
538,200,0,201.8,0.0,15
539,200,0,201.3,0.0,10
540,200,0,200.8,0.0,20
541,200,0,200.3,0.0,18
542,200,0,199.8,0.0,12
543,200,0,199.3,0.0,25
544,200,0,198.8,0.0,28
545,200,0,198.3,0.0,24
546,200,0,197.8,0.0,36
547,200,0,197.3,0.0,32
548,200,0,196.8,0.0,39
549,200,0,196.3,0.0,46
550,200,0,195.8,0.0,48
551,200,0,195.3,0.0,41
552,200,0,194.8,0.0,52
553,200,0,194.4,0.0,45
554,200,0,193.9,0.0,49
555,200,0,193.4,0.0,56
556,200,0,193.0,0.0,49
557,200,0,192.5,0.0,46
558,200,0,192.0,0.0,53
559,200,0,191.6,0.0,42
560,200,0,191.1,0.0,47
561,200,0,190.7,0.0,45
562,200,0,190.2,0.0,42
563,200,0,189.7,0.0,42
564,200,0,189.3,0.0,49
565,200,0,188.8,0.0,40
566,200,0,188.4,0.0,39
567,200,0,188.0,0.0,45
568,200,0,187.5,0.0,24
569,200,0,187.1,0.0,34
570,200,0,186.6,0.0,44
571,200,0,186.2,0.0,33
572,200,0,185.8,0.0,35
573,200,0,185.3,0.0,43
574,200,0,184.9,0.0,28
575,200,0,184.5,0.0,42
576,200,0,184.1,0.0,41
577,200,0,183.6,0.0,35
578,200,0,183.2,0.0,44
579,200,0,182.8,0.0,39
580,200,0,182.4,0.0,37
581,200,0,182.0,0.0,54
582,200,0,181.6,0.0,47
583,200,0,181.2,0.0,44
584,200,0,180.8,0.0,52
585,200,0,180.4,0.0,51
586,200,0,180.0,0.0,44
587,200,0,179.6,0.0,52
588,200,0,179.2,0.0,44
589,200,0,178.8,0.0,41
590,200,0,178.4,0.0,61
591,200,0,178.0,0.0,42
592,200,0,177.6,0.0,41
593,200,0,177.2,0.0,58
594,200,0,176.8,0.0,43
595,200,0,176.5,0.0,51
596,200,0,176.1,0.0,55
597,200,0,175.7,0.0,48
598,200,0,175.3,0.0,54
599,200,0,174.9,0.0,48
600,200,0,174.6,0.0,49
601,200,0,174.2,0.0,54
602,200,0,173.8,0.0,53
603,200,0,173.4,0.0,56
604,200,0,173.1,0.0,53
605,200,0,172.7,0.0,59
606,200,0,172.4,0.0,56
607,200,0,172.0,0.0,54
608,200,0,171.6,0.0,58
609,200,0,171.3,0.0,59
610,200,0,170.9,0.0,48
611,200,0,170.6,0.0,55
612,200,0,170.2,0.0,53
613,200,0,169.8,0.0,50
614,200,0,169.5,0.0,50
615,200,0,169.1,0.0,54
616,200,0,168.8,0.0,47
617,200,0,168.4,0.0,54
618,200,0,168.1,0.0,58
619,200,0,167.7,0.0,61
620,200,0,167.4,0.0,60
621,200,0,167.0,0.0,58
622,200,0,166.7,0.0,59
623,200,0,166.3,0.0,59
624,200,0,166.0,0.0,65
625,200,0,165.6,0.0,68
626,200,0,165.3,0.0,59
627,200,0,164.9,0.0,63
628,200,0,164.6,0.0,70
629,200,0,164.3,0.0,63
630,200,0,163.9,0.0,59
631,200,0,163.6,0.0,64
632,200,0,163.2,0.0,60
633,200,0,162.9,0.0,56
634,200,0,162.6,0.0,60
635,200,0,162.2,0.0,61
636,200,0,161.9,0.0,62
637,200,0,161.6,0.0,64
638,200,0,161.3,0.0,64
639,200,0,160.9,0.0,61
640,200,0,160.6,0.0,71
641,200,0,160.3,0.0,71
642,200,0,160.0,0.0,63
643,200,0,159.6,0.0,74
644,200,0,159.3,0.0,72
645,200,0,159.0,0.0,70
646,200,0,158.7,0.0,77
647,200,0,158.4,0.0,73
648,200,0,158.0,0.0,62
649,200,0,157.7,0.0,70
650,200,0,157.4,0.0,77
651,200,0,157.1,0.0,63
652,200,0,156.8,0.0,71
653,200,0,156.5,0.0,77
654,200,0,156.2,0.0,65
655,200,0,155.9,0.0,65
656,200,0,155.6,0.0,69
657,200,0,155.3,0.0,62
658,200,0,155.0,0.0,67
659,200,0,154.7,0.0,65
660,200,0,154.4,0.0,55
661,200,0,154.1,0.0,71
662,200,0,153.8,0.0,74
663,200,0,153.5,0.0,62
664,200,0,153.2,0.0,65
665,200,0,152.9,0.0,69
666,200,0,152.6,0.0,56
667,200,0,152.3,0.0,71
668,200,0,152.0,0.0,63
669,200,0,151.7,0.0,66
670,200,0,151.4,0.0,64
671,200,0,151.1,0.0,67
672,200,0,150.8,0.0,57
673,200,0,150.5,0.0,64
674,200,0,150.3,0.0,72
675,200,0,150.0,0.0,69
676,200,0,149.7,0.0,75
677,200,0,149.4,0.0,67
678,200,0,149.1,0.0,75
679,200,0,148.8,0.0,81
680,200,0,148.6,0.0,83
681,200,0,148.3,0.0,86
682,200,0,148.0,0.0,76
683,200,0,147.7,0.0,82
684,200,0,147.5,0.0,82
685,200,0,147.2,0.0,76
686,200,0,146.9,0.0,78
687,200,0,146.6,0.0,85
688,200,0,146.4,0.0,80
689,200,0,146.1,0.0,83
690,200,0,145.8,0.0,79
691,200,0,145.6,0.0,83
692,200,0,145.3,0.0,85
693,200,0,145.0,0.0,86
694,200,0,144.8,0.0,83
695,200,0,144.5,0.0,86
696,200,0,144.2,0.0,87
697,200,0,144.0,0.0,88
698,200,0,143.7,0.0,86
699,200,0,143.5,0.0,88
700,200,0,143.2,0.0,92
701,200,0,142.9,0.0,88
702,200,0,142.7,0.0,92
703,200,0,142.4,0.0,82
704,200,0,142.2,0.0,85
705,200,0,141.9,0.0,80
706,200,0,141.7,0.0,89
707,200,0,141.4,0.0,90
708,200,0,141.2,0.0,89
709,200,0,140.9,0.0,95
710,200,0,140.7,0.0,92
711,200,0,140.4,0.0,92
712,200,0,140.2,0.0,86
713,200,0,140.0,0.0,88
714,200,0,139.7,0.0,90
715,200,0,139.5,0.0,98
716,200,0,139.2,0.0,92
717,200,0,139.0,0.0,95
718,200,0,138.8,0.0,104
719,200,0,138.5,0.0,91
720,200,0,138.3,0.0,97
721,200,0,138.0,0.0,97
722,200,0,137.8,0.0,85
723,200,0,137.6,0.0,94
724,200,0,137.3,0.0,90
725,200,0,137.1,0.0,95
726,200,0,136.9,0.0,95
727,200,0,136.6,0.0,90
728,200,0,136.4,0.0,98
729,200,0,136.2,0.0,97
730,200,0,135.9,0.0,95
731,200,0,135.7,0.0,104
732,200,0,135.5,0.0,102
733,200,0,135.3,0.0,101
734,200,0,135.0,0.0,102
735,200,0,134.8,0.0,106
736,200,0,134.6,0.0,96
737,200,0,134.3,0.0,95
738,200,0,134.1,0.0,104
739,200,0,133.9,0.0,107
740,200,0,133.7,0.0,94
741,200,0,133.4,0.0,99
742,200,0,133.2,0.0,102
743,200,0,133.0,0.0,99
744,200,0,132.8,0.0,104
745,200,0,132.5,0.0,106
746,200,0,132.3,0.0,104
747,200,0,132.1,0.0,106
748,200,0,131.9,0.0,113
749,200,0,131.7,0.0,108
750,200,0,131.4,0.0,106
751,200,0,131.2,0.0,108
752,200,0,131.0,0.0,110
753,200,0,130.8,0.0,107
754,200,0,130.6,0.0,104
755,200,0,130.4,0.0,109
756,200,0,130.1,0.0,104
757,200,0,129.9,0.0,105
758,200,0,129.7,0.0,107
759,200,0,129.5,0.0,102
760,200,0,129.3,0.0,102
761,200,0,129.1,0.0,107
762,200,0,128.9,0.0,102
763,200,0,128.7,0.0,101
764,200,0,128.5,0.0,109
765,200,0,128.3,0.0,105
766,200,0,128.1,0.0,110
767,200,0,127.9,0.0,103
768,200,0,127.7,0.0,104
769,200,0,127.5,0.0,104
770,200,0,127.3,0.0,98
771,200,0,127.1,0.0,99
772,200,0,126.9,0.0,98
773,200,0,126.7,0.0,105
774,200,0,126.5,0.0,110
775,200,0,126.3,0.0,99
776,200,0,126.1,0.0,113
777,200,0,125.9,0.0,109
778,200,0,125.7,0.0,101
779,200,0,125.5,0.0,97
780,200,0,125.3,0.0,112
781,200,0,125.1,0.0,103
782,200,0,124.9,0.0,104
783,200,0,124.7,0.0,111
784,200,0,124.5,0.0,111
785,200,0,124.3,0.0,112
786,200,0,124.1,0.0,110
787,200,0,123.9,0.0,123
788,200,0,123.7,0.0,113
789,200,0,123.5,0.0,119
790,200,0,123.3,0.0,121
791,200,0,123.1,0.0,125
792,200,0,123.0,0.0,127
793,200,0,122.8,0.0,128
794,200,0,122.6,0.0,124
795,200,0,122.4,0.0,111
796,200,0,122.2,0.0,117
797,200,0,122.0,0.0,109
798,200,0,121.8,0.0,119
799,200,0,121.6,0.0,129
800,200,0,121.4,0.0,122
801,200,0,121.2,0.0,129
802,200,0,121.0,0.0,119
803,200,0,120.8,0.0,121
804,200,0,120.7,0.0,122
805,200,0,120.5,0.0,117
806,200,0,120.3,0.0,122
807,200,0,120.1,0.0,125
808,200,0,119.9,0.0,115
809,200,0,119.7,0.0,120
810,200,0,119.5,0.0,125
811,200,0,119.4,0.0,113
812,200,0,119.2,0.0,116
813,200,0,119.0,0.0,118
814,200,0,118.8,0.0,119
815,200,0,118.6,0.0,116
816,200,0,118.4,0.0,118
817,200,0,118.3,0.0,119
818,200,0,118.1,0.0,118
819,200,0,117.9,0.0,109
820,200,0,117.7,0.0,122
821,200,0,117.5,0.0,125
822,200,0,117.4,0.0,124
823,200,0,117.2,0.0,123
824,200,0,117.0,0.0,124
825,200,0,116.9,0.0,125
826,200,0,116.7,0.0,123
827,200,0,116.5,0.0,118
828,200,0,116.3,0.0,122
829,200,0,116.2,0.0,122
830,200,0,116.0,0.0,113
831,200,0,115.8,0.0,121
832,200,0,115.7,0.0,118
833,200,0,115.5,0.0,119
834,200,0,115.3,0.0,126
835,200,0,115.2,0.0,130
836,200,0,115.0,0.0,128
837,200,0,114.8,0.0,128
838,200,0,114.6,0.0,130
839,200,0,114.5,0.0,134
840,200,0,114.3,0.0,131
841,200,0,114.1,0.0,131
842,200,0,113.9,0.0,127
843,200,0,113.8,0.0,123
844,200,0,113.6,0.0,132
845,200,0,113.4,0.0,129
846,200,0,113.3,0.0,127
847,200,0,113.1,0.0,124
848,200,0,112.9,0.0,124
849,200,0,112.8,0.0,123
850,200,0,112.6,0.0,127
851,200,0,112.5,0.0,133
852,200,0,112.3,0.0,126
853,200,0,112.1,0.0,129
854,200,0,112.0,0.0,131
855,200,0,111.8,0.0,129
856,200,0,111.7,0.0,129
857,200,0,111.5,0.0,129
858,200,0,111.3,0.0,131
859,200,0,111.2,0.0,128
860,200,0,111.0,0.0,135
861,200,0,110.8,0.0,135
862,200,0,110.7,0.0,132
863,200,0,110.5,0.0,131
864,200,0,110.4,0.0,134
865,200,0,110.2,0.0,140
866,200,0,110.1,0.0,133
867,200,0,109.9,0.0,133
868,200,0,109.8,0.0,136
869,200,0,109.6,0.0,136
870,200,0,109.5,0.0,135
871,200,0,109.3,0.0,138
872,200,0,109.1,0.0,137
873,200,0,109.0,0.0,139
874,200,0,108.8,0.0,135
875,200,0,108.7,0.0,132
876,200,0,108.5,0.0,135
877,200,0,108.4,0.0,127
878,200,0,108.2,0.0,135
879,200,0,108.1,0.0,133
880,200,0,107.9,0.0,139
881,200,0,107.8,0.0,137
882,200,0,107.6,0.0,136
883,200,0,107.5,0.0,137
884,200,0,107.3,0.0,137
885,200,0,107.2,0.0,140
886,200,0,107.0,0.0,140
887,200,0,106.9,0.0,142
888,200,0,106.7,0.0,136
889,200,0,106.6,0.0,138
890,200,0,106.5,0.0,142
891,200,0,106.3,0.0,139
892,200,0,106.2,0.0,142
893,200,0,106.0,0.0,131
894,200,0,105.9,0.0,141
895,200,0,105.7,0.0,133
896,200,0,105.6,0.0,138
897,200,0,105.4,0.0,140
898,200,0,105.3,0.0,139
899,200,0,105.1,0.0,136
900,200,0,105.0,0.0,139
901,200,0,104.8,0.0,138
902,200,0,104.7,0.0,140
903,200,0,104.6,0.0,137
904,200,0,104.4,0.0,133
905,200,0,104.3,0.0,142
906,200,0,104.1,0.0,146
907,200,0,104.0,0.0,141
908,200,0,103.8,0.0,143
909,200,0,103.7,0.0,141
910,200,0,103.5,0.0,143
911,200,0,103.4,0.0,140
912,200,0,103.2,0.0,145
913,200,0,103.1,0.0,143
914,200,0,103.0,0.0,145
915,200,0,102.8,0.0,148
916,200,0,102.7,0.0,147
917,200,0,102.5,0.0,146
918,200,0,102.4,0.0,149
919,200,0,102.3,0.0,148
920,200,0,102.1,0.0,145
921,200,0,102.0,0.0,152
922,200,0,101.8,0.0,149
923,200,0,101.7,0.0,149
924,200,0,101.6,0.0,150
925,200,0,101.4,0.0,151
926,200,0,101.3,0.0,145
927,200,0,101.2,0.0,146
928,200,0,101.0,0.0,151
929,200,0,100.9,0.0,150
930,200,0,100.8,0.0,153
931,200,0,100.6,0.0,150
932,200,0,100.5,0.0,151
933,200,0,100.4,0.0,149
934,200,0,100.3,0.0,148
935,200,0,100.1,0.0,150
936,200,0,100.0,0.0,150
937,200,0,99.9,0.0,147
938,200,0,99.7,0.0,146
939,200,0,99.6,0.0,145
940,200,0,99.5,0.0,146
941,200,0,99.4,0.0,150
942,200,0,99.2,0.0,150
943,200,0,99.1,0.0,149
944,200,0,99.0,0.0,146
945,200,0,98.8,0.0,150
946,200,0,98.7,0.0,154
947,200,0,98.6,0.0,148
948,200,0,98.5,0.0,152
949,200,0,98.3,0.0,156
950,200,0,98.2,0.0,152
951,200,0,98.1,0.0,146
952,200,0,97.9,0.0,145
953,200,0,97.8,0.0,150
954,200,0,97.7,0.0,149
955,200,0,97.6,0.0,154
956,200,0,97.4,0.0,146
957,200,0,97.3,0.0,151
958,200,0,97.2,0.0,149
959,200,0,97.1,0.0,150
960,200,0,96.9,0.0,149
961,200,0,96.8,0.0,147
962,200,0,96.7,0.0,152
963,200,0,96.5,0.0,154
964,200,0,96.4,0.0,147
965,200,0,96.3,0.0,153
966,200,0,96.2,0.0,151
967,200,0,96.1,0.0,155
968,200,0,96.0,0.0,154
969,200,0,95.8,0.0,152
970,200,0,95.7,0.0,157
971,200,0,95.6,0.0,159
972,200,0,95.5,0.0,153
973,200,0,95.4,0.0,151
974,200,0,95.2,0.0,155
975,200,0,95.1,0.0,154
976,200,0,95.0,0.0,158
977,200,0,94.9,0.0,156
978,200,0,94.8,0.0,152
979,200,0,94.6,0.0,153
980,200,0,94.5,0.0,151
981,200,0,94.4,0.0,155
982,200,0,94.3,0.0,143
983,200,0,94.1,0.0,155
984,200,0,94.0,0.0,155
985,200,0,93.9,0.0,152
986,200,0,93.8,0.0,155
987,200,0,93.7,0.0,151
988,200,0,93.5,0.0,158
989,200,0,93.4,0.0,153
990,200,0,93.3,0.0,156
991,200,0,93.2,0.0,160
992,200,0,93.1,0.0,150
993,200,0,93.0,0.0,160
994,200,0,92.9,0.0,157
995,200,0,92.8,0.0,154
996,200,0,92.7,0.0,156
997,200,0,92.5,0.0,160
998,200,0,92.4,0.0,155
999,200,0,92.3,0.0,154
1000,200,0,92.2,0.0,159
1001,200,0,92.1,0.0,162
1002,200,0,92.0,0.0,163
1003,200,0,91.9,0.0,159
1004,200,0,91.8,0.0,159
1005,200,0,91.7,0.0,160
1006,200,0,91.5,0.0,157
1007,200,0,91.4,0.0,160
1008,200,0,91.3,0.0,163
1009,200,0,91.2,0.0,160
1010,200,0,91.1,0.0,162
1011,200,0,91.0,0.0,162
1012,200,0,90.9,0.0,162
1013,200,0,90.8,0.0,167
1014,200,0,90.7,0.0,161
1015,200,0,90.5,0.0,163
1016,200,0,90.4,0.0,163
1017,200,0,90.3,0.0,170
1018,200,0,90.2,0.0,162
1019,200,0,90.1,0.0,163
1020,200,0,90.0,0.0,166
1021,200,0,89.9,0.0,162
1022,200,0,89.8,0.0,165
1023,200,0,89.7,0.0,160
1024,200,0,89.6,0.0,162
1025,200,0,89.5,0.0,159
1026,200,0,89.4,0.0,166
1027,200,0,89.2,0.0,162
1028,200,0,89.1,0.0,162
1029,200,0,89.0,0.0,162
1030,200,0,88.9,0.0,162
1031,200,0,88.8,0.0,161
1032,200,0,88.7,0.0,162
1033,200,0,88.6,0.0,163
1034,200,0,88.5,0.0,163
1035,200,0,88.4,0.0,161
1036,200,0,88.3,0.0,163
1037,200,0,88.2,0.0,166
1038,200,0,88.1,0.0,166
1039,200,0,88.0,0.0,165
1040,200,0,87.8,0.0,165
1041,200,0,87.7,0.0,168
1042,200,0,87.6,0.0,165
1043,200,0,87.5,0.0,167
1044,200,0,87.4,0.0,166
1045,200,0,87.3,0.0,169
1046,200,0,87.2,0.0,169
1047,200,0,87.1,0.0,168
1048,200,0,87.0,0.0,168
1049,200,0,86.9,0.0,168
1050,200,0,86.8,0.0,167
1051,200,0,86.7,0.0,173
1052,200,0,86.6,0.0,169
1053,200,0,86.5,0.0,171
1054,200,0,86.4,0.0,172
1055,200,0,86.3,0.0,172
1056,200,0,86.2,0.0,168
1057,200,0,86.1,0.0,173
1058,200,0,86.0,0.0,172
1059,200,0,85.9,0.0,172
1060,200,0,85.8,0.0,171
1061,200,0,85.7,0.0,169
1062,200,0,85.6,0.0,173
1063,200,0,85.5,0.0,173
1064,200,0,85.4,0.0,171
1065,200,0,85.3,0.0,173
1066,200,0,85.2,0.0,172
1067,200,0,85.1,0.0,172
1068,200,0,85.0,0.0,174
1069,200,0,84.9,0.0,173
1070,200,0,84.8,0.0,173
1071,200,0,84.7,0.0,173
1072,200,0,84.6,0.0,171
1073,200,0,84.5,0.0,174
1074,200,0,84.4,0.0,170
1075,200,0,84.4,0.0,175
1076,200,0,84.3,0.0,171
1077,200,0,84.2,0.0,171
1078,200,0,84.1,0.0,177
1079,200,0,84.0,0.0,175
1080,200,0,83.9,0.0,172
1081,200,0,83.8,0.0,174
1082,200,0,83.7,0.0,172
1083,200,0,83.6,0.0,176
1084,200,0,83.5,0.0,177
1085,200,0,83.4,0.0,174
1086,200,0,83.3,0.0,174
1087,200,0,83.2,0.0,171
1088,200,0,83.1,0.0,176
1089,200,0,83.0,0.0,172
1090,200,0,83.0,0.0,178
1091,200,0,82.9,0.0,175
1092,200,0,82.8,0.0,175
1093,200,0,82.7,0.0,176
1094,200,0,82.6,0.0,173
1095,200,0,82.5,0.0,174
1096,200,0,82.4,0.0,175
1097,200,0,82.3,0.0,174
1098,200,0,82.2,0.0,171
1099,200,0,82.1,0.0,177
1100,200,0,82.1,0.0,175
1101,200,0,82.0,0.0,174
1102,200,0,81.9,0.0,173
1103,200,0,81.8,0.0,174
1104,200,0,81.7,0.0,175
1105,200,0,81.6,0.0,171
1106,200,0,81.5,0.0,177
1107,200,0,81.4,0.0,178
1108,200,0,81.3,0.0,176
1109,200,0,81.2,0.0,178
1110,200,0,81.1,0.0,178
1111,200,0,81.0,0.0,176
1112,200,0,81.0,0.0,174
1113,200,0,80.9,0.0,179
1114,200,0,80.8,0.0,178
1115,200,0,80.7,0.0,177
1116,200,0,80.6,0.0,180
1117,200,0,80.5,0.0,179
1118,200,0,80.4,0.0,180
1119,200,0,80.3,0.0,179
1120,200,0,80.2,0.0,180
1121,200,0,80.1,0.0,179
1122,200,0,80.0,0.0,178
1123,200,0,79.9,0.0,179
1124,200,0,79.9,0.0,181
1125,200,0,79.8,0.0,178
1126,200,0,79.7,0.0,180
1127,200,0,79.6,0.0,180
1128,200,0,79.5,0.0,179
1129,200,0,79.4,0.0,182
1130,200,0,79.3,0.0,179
1131,200,0,79.2,0.0,179
1132,200,0,79.1,0.0,178
1133,200,0,79.1,0.0,181
1134,200,0,79.0,0.0,180
1135,200,0,78.9,0.0,183
1136,200,0,78.8,0.0,183
1137,200,0,78.7,0.0,182
1138,200,0,78.6,0.0,184
1139,200,0,78.5,0.0,183
1140,200,0,78.5,0.0,181
1141,200,0,78.4,0.0,180
1142,200,0,78.3,0.0,182
1143,200,0,78.2,0.0,180
1144,200,0,78.1,0.0,183
1145,200,0,78.0,0.0,183
1146,200,0,78.0,0.0,184
1147,200,0,77.9,0.0,182
1148,200,0,77.8,0.0,183
1149,200,0,77.7,0.0,182
1150,200,0,77.6,0.0,180
1151,200,0,77.6,0.0,180
1152,200,0,77.5,0.0,182
1153,200,0,77.4,0.0,180
1154,200,0,77.3,0.0,183
1155,200,0,77.2,0.0,180
1156,200,0,77.1,0.0,179
1157,200,0,77.1,0.0,182
1158,200,0,77.0,0.0,184
1159,200,0,76.9,0.0,181
1160,200,0,76.8,0.0,183
1161,200,0,76.7,0.0,181
1162,200,0,76.7,0.0,181
1163,200,0,76.6,0.0,181
1164,200,0,76.5,0.0,183
1165,200,0,76.4,0.0,183
1166,200,0,76.3,0.0,181
1167,200,0,76.3,0.0,184
1168,200,0,76.2,0.0,183
1169,200,0,76.1,0.0,187
1170,200,0,76.0,0.0,185
1171,200,0,75.9,0.0,187
1172,200,0,75.9,0.0,186
1173,200,0,75.8,0.0,185
1174,200,0,75.7,0.0,185
1175,200,0,75.6,0.0,186
1176,200,0,75.5,0.0,185
1177,200,0,75.5,0.0,187
1178,200,0,75.4,0.0,187
1179,200,0,75.3,0.0,188
1180,200,0,75.2,0.0,187
1181,200,0,75.1,0.0,187
1182,200,0,75.1,0.0,187
1183,200,0,75.0,0.0,188
1184,200,0,74.9,0.0,188
1185,200,0,74.8,0.0,189
1186,200,0,74.8,0.0,190
1187,200,0,74.7,0.0,189
1188,200,0,74.6,0.0,190
1189,200,0,74.5,0.0,189
1190,200,0,74.4,0.0,190
1191,200,0,74.4,0.0,189
1192,200,0,74.3,0.0,189
1193,200,0,74.2,0.0,188
1194,200,0,74.1,0.0,188
1195,200,0,74.1,0.0,190
1196,200,0,74.0,0.0,190
1197,200,0,73.9,0.0,188
1198,200,0,73.8,0.0,189
1199,200,0,73.8,0.0,190
1200,200,0,73.7,0.0,189
1201,200,0,73.6,0.0,187
1202,200,0,73.5,0.0,189
1203,200,0,73.5,0.0,186
1204,200,0,73.4,0.0,188
1205,200,0,73.3,0.0,188
1206,200,0,73.2,0.0,189
1207,200,0,73.2,0.0,189
1208,200,0,73.1,0.0,190
1209,200,0,73.0,0.0,190
1210,200,0,73.0,0.0,189
1211,200,0,72.9,0.0,189
1212,200,0,72.8,0.0,190
1213,200,0,72.7,0.0,192
1214,200,0,72.7,0.0,191
1215,200,0,72.6,0.0,191
1216,200,0,72.5,0.0,191
1217,200,0,72.4,0.0,191
1218,200,0,72.4,0.0,192
1219,200,0,72.3,0.0,192
1220,200,0,72.2,0.0,191
1221,200,0,72.2,0.0,191
1222,200,0,72.1,0.0,191
1223,200,0,72.0,0.0,191
1224,200,0,71.9,0.0,192
1225,200,0,71.9,0.0,189
1226,200,0,71.8,0.0,192
1227,200,0,71.7,0.0,191
1228,200,0,71.6,0.0,190
1229,200,0,71.6,0.0,192
1230,200,0,71.5,0.0,191
1231,200,0,71.4,0.0,191
1232,200,0,71.4,0.0,191
1233,200,0,71.3,0.0,190
1234,200,0,71.2,0.0,190
1235,200,0,71.1,0.0,190
1236,200,0,71.1,0.0,192
1237,200,0,71.0,0.0,191
1238,200,0,70.9,0.0,192
1239,200,0,70.9,0.0,192
1240,200,0,70.8,0.0,190
1241,200,0,70.7,0.0,192
1242,200,0,70.7,0.0,190
1243,200,0,70.6,0.0,192
1244,200,0,70.5,0.0,191
1245,200,0,70.4,0.0,188
1246,200,0,70.4,0.0,191
1247,200,0,70.3,0.0,190
1248,200,0,70.2,0.0,192
1249,200,0,70.2,0.0,191
1250,200,0,70.1,0.0,192
1251,200,0,70.0,0.0,193
1252,200,0,69.9,0.0,191
1253,200,0,69.9,0.0,193
1254,200,0,69.8,0.0,193
1255,200,0,69.7,0.0,192
1256,200,0,69.6,0.0,193
1257,200,0,69.6,0.0,193
1258,200,0,69.5,0.0,191
1259,200,0,69.4,0.0,192
1260,200,0,69.4,0.0,194
1261,200,0,69.3,0.0,195
1262,200,0,69.2,0.0,195
1263,200,0,69.2,0.0,195
1264,200,0,69.1,0.0,194
1265,200,0,69.0,0.0,195
1266,200,0,69.0,0.0,195
1267,200,0,68.9,0.0,195
1268,200,0,68.8,0.0,195
1269,200,0,68.8,0.0,195
1270,200,0,68.7,0.0,194
1271,200,0,68.6,0.0,195
1272,200,0,68.6,0.0,195
1273,200,0,68.5,0.0,194
1274,200,0,68.4,0.0,195
1275,200,0,68.4,0.0,195
1276,200,0,68.3,0.0,195
1277,200,0,68.2,0.0,195
1278,200,0,68.2,0.0,195
1279,200,0,68.1,0.0,194
1280,200,0,68.0,0.0,195
1281,200,0,68.0,0.0,195
1282,200,0,67.9,0.0,193
1283,200,0,67.8,0.0,194
1284,200,0,67.8,0.0,195
1285,200,0,67.7,0.0,194
1286,200,0,67.7,0.0,195
1287,200,0,67.6,0.0,194
1288,200,0,67.5,0.0,194
1289,200,0,67.5,0.0,194
1290,200,0,67.4,0.0,194
1291,200,0,67.3,0.0,195
1292,200,0,67.3,0.0,195
1293,200,0,67.2,0.0,195
1294,200,0,67.1,0.0,195
1295,200,0,67.1,0.0,194
1296,200,0,67.0,0.0,195
1297,200,0,66.9,0.0,194
1298,200,0,66.9,0.0,195
1299,200,0,66.8,0.0,194
1300,200,0,66.8,0.0,195
1301,200,0,66.7,0.0,195
1302,200,0,66.6,0.0,195
1303,200,0,66.6,0.0,195
1304,200,0,66.5,0.0,193
1305,200,0,66.4,0.0,194
1306,200,0,66.4,0.0,195
1307,200,0,66.3,0.0,195
1308,200,0,66.3,0.0,195
1309,200,0,66.2,0.0,192
1310,200,0,66.1,0.0,195
1311,200,0,66.1,0.0,195
1312,200,0,66.0,0.0,195
1313,200,0,65.9,0.0,194
1314,200,0,65.9,0.0,193
1315,200,0,65.8,0.0,195
1316,200,0,65.7,0.0,195
1317,200,0,65.7,0.0,195
1318,200,0,65.6,0.0,195
1319,200,0,65.6,0.0,195
1320,200,0,65.5,0.0,195
1321,200,0,65.4,0.0,195
1322,200,0,65.4,0.0,195
1323,200,0,65.3,0.0,192
1324,200,0,65.2,0.0,194
1325,200,0,65.2,0.0,193
1326,200,0,65.1,0.0,195
1327,200,0,65.1,0.0,195
1328,200,0,65.0,0.0,195
1329,200,0,64.9,0.0,195
1330,200,0,64.9,0.0,195
1331,200,0,64.8,0.0,194
1332,200,0,64.8,0.0,194
1333,200,0,64.7,0.0,195
1334,200,0,64.6,0.0,193
1335,200,0,64.6,0.0,194
1336,200,0,64.5,0.0,193
1337,200,0,64.5,0.0,194
1338,200,0,64.4,0.0,195
1339,200,0,64.3,0.0,194
1340,200,0,64.3,0.0,195
1341,200,0,64.2,0.0,194
1342,200,0,64.2,0.0,195
1343,200,0,64.1,0.0,193
1344,200,0,64.0,0.0,193
1345,200,0,64.0,0.0,192
1346,200,0,63.9,0.0,195
1347,200,0,63.9,0.0,195
1348,200,0,63.8,0.0,195
1349,200,0,63.7,0.0,195
1350,200,0,63.7,0.0,195
1351,200,0,63.6,0.0,195
1352,200,0,63.6,0.0,194
1353,200,0,63.5,0.0,194
1354,200,0,63.5,0.0,195
1355,200,0,63.4,0.0,194
1356,200,0,63.3,0.0,194
1357,200,0,63.3,0.0,193
1358,200,0,63.2,0.0,195
1359,200,0,63.2,0.0,195
1360,200,0,63.1,0.0,194
1361,200,0,63.1,0.0,194
1362,200,0,63.0,0.0,194
1363,200,0,62.9,0.0,195
1364,200,0,62.9,0.0,193
1365,200,0,62.8,0.0,195
1366,200,0,62.8,0.0,195
1367,200,0,62.7,0.0,193
1368,200,0,62.7,0.0,195
1369,200,0,62.6,0.0,195
1370,200,0,62.5,0.0,193
1371,200,0,62.5,0.0,194
1372,200,0,62.4,0.0,195
1373,200,0,62.4,0.0,195
1374,200,0,62.3,0.0,192
1375,200,0,62.2,0.0,194
1376,200,0,62.2,0.0,193
1377,200,0,62.1,0.0,195
1378,200,0,62.1,0.0,196
1379,200,0,62.0,0.0,195
1380,200,0,61.9,0.0,194
1381,200,0,61.9,0.0,196
1382,200,0,61.8,0.0,195
1383,200,0,61.8,0.0,195
1384,200,0,61.7,0.0,195
1385,200,0,61.6,0.0,196
1386,200,0,61.6,0.0,196
1387,200,0,61.5,0.0,195
1388,200,0,61.5,0.0,195
1389,200,0,61.4,0.0,195
1390,200,0,61.3,0.0,196
1391,200,0,61.3,0.0,193
1392,200,0,61.2,0.0,194
1393,200,0,61.2,0.0,196
1394,200,0,61.1,0.0,195
1395,200,0,61.1,0.0,196
1396,200,0,61.0,0.0,196
1397,200,0,60.9,0.0,194
1398,200,0,60.9,0.0,196
1399,200,0,60.8,0.0,194
1400,200,0,60.8,0.0,196
1401,200,0,60.7,0.0,196
1402,200,0,60.7,0.0,194
1403,200,0,60.6,0.0,196
1404,200,0,60.6,0.0,196
1405,200,0,60.5,0.0,195
1406,200,0,60.4,0.0,195
1407,200,0,60.4,0.0,195
1408,200,0,60.3,0.0,195
1409,200,0,60.3,0.0,196
1410,200,0,60.2,0.0,193
1411,200,0,60.2,0.0,195
1412,200,0,60.1,0.0,194
1413,200,0,60.1,0.0,195
1414,200,0,60.0,0.0,195
1415,200,0,60.0,0.0,195
1416,200,0,59.9,0.0,195
1417,200,0,59.9,0.0,195
1418,200,0,59.8,0.0,194
1419,200,0,59.8,0.0,196
1420,200,0,59.7,0.0,195
1421,200,0,59.7,0.0,195
1422,200,0,59.6,0.0,194
1423,200,0,59.5,0.0,194
1424,200,0,59.5,0.0,196
1425,200,0,59.4,0.0,196
1426,200,0,59.4,0.0,193
1427,200,0,59.3,0.0,193
1428,200,0,59.3,0.0,194
1429,200,0,59.2,0.0,194
1430,200,0,59.2,0.0,194
1431,200,0,59.1,0.0,195
1432,200,0,59.1,0.0,195
1433,200,0,59.0,0.0,195
1434,200,0,59.0,0.0,192
1435,200,0,58.9,0.0,193
1436,200,0,58.9,0.0,196
1437,200,0,58.8,0.0,197
1438,200,0,58.8,0.0,197
1439,200,0,58.7,0.0,197
1440,200,0,58.6,0.0,196
1441,200,0,58.6,0.0,196
1442,200,0,58.5,0.0,197
1443,200,0,58.5,0.0,194
1444,200,0,58.4,0.0,196
1445,200,0,58.4,0.0,197
1446,200,0,58.3,0.0,196
1447,200,0,58.3,0.0,195
1448,200,0,58.2,0.0,197
1449,200,0,58.1,0.0,196
1450,200,0,58.1,0.0,196
1451,200,0,58.0,0.0,197
1452,200,0,58.0,0.0,195
1453,200,0,57.9,0.0,196
1454,200,0,57.9,0.0,196
1455,200,0,57.8,0.0,195
1456,200,0,57.8,0.0,195
1457,200,0,57.7,0.0,197
1458,200,0,57.7,0.0,194
1459,200,0,57.6,0.0,195
1460,200,0,57.6,0.0,197
1461,200,0,57.5,0.0,196
1462,200,0,57.4,0.0,197
1463,200,0,57.4,0.0,196
1464,200,0,57.3,0.0,195
1465,200,0,57.3,0.0,194
1466,200,0,57.2,0.0,195
1467,200,0,57.2,0.0,196
1468,200,0,57.1,0.0,198
1469,200,0,57.1,0.0,198
1470,200,0,57.0,0.0,198
1471,200,0,57.0,0.0,198
1472,200,0,56.9,0.0,197
1473,200,0,56.9,0.0,196
1474,200,0,56.8,0.0,195
1475,200,0,56.8,0.0,196
1476,200,0,56.7,0.0,195
1477,200,0,56.7,0.0,194
1478,200,0,56.6,0.0,195
1479,200,0,56.6,0.0,196
1480,200,0,56.5,0.0,197
1481,200,0,56.5,0.0,197
1482,200,0,56.4,0.0,198
1483,200,0,56.4,0.0,197
1484,200,0,56.3,0.0,196
1485,200,0,56.3,0.0,195
1486,200,0,56.2,0.0,197
1487,200,0,56.2,0.0,196
1488,200,0,56.1,0.0,195
1489,200,0,56.1,0.0,194
1490,200,0,56.0,0.0,195
1491,200,0,56.0,0.0,197
1492,200,0,55.9,0.0,198
1493,200,0,55.9,0.0,196
1494,200,0,55.8,0.0,196
1495,200,0,55.8,0.0,195
1496,200,0,55.7,0.0,195
1497,200,0,55.7,0.0,199
1498,200,0,55.6,0.0,198
1499,200,0,55.6,0.0,199
1500,200,0,55.5,0.0,198
1501,200,0,55.5,0.0,199
1502,200,0,55.4,0.0,198
1503,200,0,55.4,0.0,199
1504,200,0,55.3,0.0,198
1505,200,0,55.3,0.0,198
1506,200,0,55.2,0.0,198
1507,200,0,55.2,0.0,197
1508,200,0,55.1,0.0,199
1509,200,0,55.1,0.0,197
1510,200,0,55.0,0.0,197
1511,200,0,55.0,0.0,200
1512,200,0,54.9,0.0,200
1513,200,0,54.9,0.0,200
1514,200,0,54.8,0.0,200
1515,200,0,54.8,0.0,200
1516,200,0,54.7,0.0,200
1517,200,0,54.7,0.0,200
1518,200,0,54.6,0.0,200
1519,200,0,54.6,0.0,200
1520,200,0,54.5,0.0,200
1521,200,0,54.5,0.0,200
1522,200,0,54.4,0.0,200
1523,200,0,54.4,0.0,200
1524,200,0,54.3,0.0,200
1525,200,0,54.3,0.0,200
1526,200,0,54.2,0.0,200
1527,200,0,54.2,0.0,200
1528,200,0,54.1,0.0,200
1529,200,0,54.1,0.0,200
1530,200,0,54.0,0.0,200
1531,200,0,54.0,0.0,200
1532,200,0,53.9,0.0,200
1533,200,0,53.9,0.0,200
1534,200,0,53.9,0.0,200
1535,200,0,53.8,0.0,200
1536,200,0,53.8,0.0,200
1537,200,0,53.7,0.0,200
1538,200,0,53.7,0.0,200
1539,200,0,53.6,0.0,200
1540,200,0,53.6,0.0,200
1541,200,0,53.5,0.0,200
1542,200,0,53.5,0.0,200
1543,200,0,53.5,0.0,200
1544,200,0,53.4,0.0,200
1545,200,0,53.4,0.0,200
1546,200,0,53.3,0.0,200
1547,200,0,53.3,0.0,200
1548,200,0,53.2,0.0,200
1549,200,0,53.2,0.0,200
1550,200,0,53.2,0.0,200
1551,200,0,53.1,0.0,200
1552,200,0,53.1,0.0,200
1553,200,0,53.0,0.0,200
1554,200,0,53.0,0.0,200
1555,200,0,52.9,0.0,200
1556,200,0,52.9,0.0,200
1557,200,0,52.9,0.0,200
1558,200,0,52.8,0.0,200
1559,200,0,52.8,0.0,200
1560,200,0,52.7,0.0,200
1561,200,0,52.7,0.0,200
1562,200,0,52.6,0.0,200
1563,200,0,52.6,0.0,200
1564,200,0,52.6,0.0,200
1565,200,0,52.5,0.0,200
1566,200,0,52.5,0.0,200
1567,200,0,52.4,0.0,200
1568,200,0,52.4,0.0,200
1569,200,0,52.3,0.0,200
1570,200,0,52.3,0.0,200
1571,200,0,52.3,0.0,200
1572,200,0,52.2,0.0,200
1573,200,0,52.2,0.0,200
1574,200,0,52.1,0.0,200
1575,200,0,52.1,0.0,200
1576,200,0,52.1,0.0,200
1577,200,0,52.0,0.0,200
1578,200,0,52.0,0.0,200
1579,200,0,51.9,0.0,200
1580,200,0,51.9,0.0,200
1581,200,0,51.8,0.0,200
1582,200,0,51.8,0.0,200
1583,200,0,51.8,0.0,200
1584,200,0,51.7,0.0,200
1585,200,0,51.7,0.0,200
1586,200,0,51.6,0.0,200
1587,200,0,51.6,0.0,200
1588,200,0,51.6,0.0,200
1589,200,0,51.5,0.0,200
1590,200,0,51.5,0.0,200
1591,200,0,51.4,0.0,200
1592,200,0,51.4,0.0,200
1593,200,0,51.4,0.0,200
1594,200,0,51.3,0.0,200
1595,200,0,51.3,0.0,200
1596,200,0,51.2,0.0,200
1597,200,0,51.2,0.0,200
1598,200,0,51.2,0.0,200
1599,200,0,51.1,0.0,200
1600,200,0,51.1,0.0,200
1601,200,0,51.0,0.0,200
1602,200,0,51.0,0.0,200
1603,200,0,51.0,0.0,200
1604,200,0,50.9,0.0,200
1605,200,0,50.9,0.0,200
1606,200,0,50.8,0.0,200
1607,200,0,50.8,0.0,200
1608,200,0,50.8,0.0,200
1609,200,0,50.7,0.0,200
1610,200,0,50.7,0.0,200
1611,200,0,50.6,0.0,200
1612,200,0,50.6,0.0,200
1613,200,0,50.6,0.0,200
1614,200,0,50.5,0.0,200
1615,200,0,50.5,0.0,200
1616,200,0,50.4,0.0,200
1617,200,0,50.4,0.0,200
1618,200,0,50.4,0.0,200
1619,200,0,50.3,0.0,200
1620,200,0,50.3,0.0,200
1621,200,0,50.2,0.0,200
1622,200,0,50.2,0.0,200
1623,200,0,50.2,0.0,200
1624,200,0,50.1,0.0,200
1625,200,0,50.1,0.0,200
1626,200,0,50.0,0.0,200
1627,200,0,50.0,0.0,200
1628,200,0,50.0,0.0,200
1629,200,0,49.9,0.0,200
1630,200,0,49.9,0.0,200
1631,200,0,49.9,0.0,200
1632,200,0,49.8,0.0,200
1633,200,0,49.8,0.0,200
1634,200,0,49.7,0.0,200
1635,200,0,49.7,0.0,200
1636,200,0,49.7,0.0,200
1637,200,0,49.6,0.0,200
1638,200,0,49.6,0.0,200
1639,200,0,49.5,0.0,200
1640,200,0,49.5,0.0,200
1641,200,0,49.5,0.0,200
1642,200,0,49.4,0.0,200
1643,200,0,49.4,0.0,200
1644,200,0,49.4,0.0,200
1645,200,0,49.3,0.0,200
1646,200,0,49.3,0.0,200
1647,200,0,49.2,0.0,200
1648,200,0,49.2,0.0,200
1649,200,0,49.2,0.0,200
1650,200,0,49.1,0.0,200
1651,200,0,49.1,0.0,200
1652,200,0,49.1,0.0,200
1653,200,0,49.0,0.0,200
1654,200,0,49.0,0.0,200
1655,200,0,48.9,0.0,200
1656,200,0,48.9,0.0,200
1657,200,0,48.9,0.0,200
1658,200,0,48.8,0.0,200
1659,200,0,48.8,0.0,200
1660,200,0,48.8,0.0,200
1661,200,0,48.7,0.0,200
1662,200,0,48.7,0.0,200
1663,200,0,48.6,0.0,200
1664,200,0,48.6,0.0,200
1665,200,0,48.6,0.0,200
1666,200,0,48.5,0.0,200
1667,200,0,48.5,0.0,200
1668,200,0,48.5,0.0,200
1669,200,0,48.4,0.0,200
1670,200,0,48.4,0.0,200
1671,200,0,48.3,0.0,200
1672,200,0,48.3,0.0,200
1673,200,0,48.3,0.0,200
1674,200,0,48.2,0.0,200
1675,200,0,48.2,0.0,200
1676,200,0,48.2,0.0,200
1677,200,0,48.1,0.0,200
1678,200,0,48.1,0.0,200
1679,200,0,48.1,0.0,200
1680,200,0,48.0,0.0,200
1681,200,0,48.0,0.0,200
1682,200,0,47.9,0.0,200
1683,200,0,47.9,0.0,200
1684,200,0,47.9,0.0,200
1685,200,0,47.8,0.0,200
1686,200,0,47.8,0.0,200
1687,200,0,47.8,0.0,200
1688,200,0,47.7,0.0,200
1689,200,0,47.7,0.0,200
1690,200,0,47.7,0.0,200
1691,200,0,47.6,0.0,200
1692,200,0,47.6,0.0,200
1693,200,0,47.6,0.0,200
1694,200,0,47.5,0.0,200
1695,200,0,47.5,0.0,200
1696,200,0,47.4,0.0,200
1697,200,0,47.4,0.0,200
1698,200,0,47.4,0.0,200
1699,200,0,47.3,0.0,200
1700,200,0,47.3,0.0,200
1701,200,0,47.3,0.0,200
1702,200,0,47.2,0.0,200
1703,200,0,47.2,0.0,200
1704,200,0,47.2,0.0,200
1705,200,0,47.1,0.0,200
1706,200,0,47.1,0.0,200
1707,200,0,47.1,0.0,200
1708,200,0,47.0,0.0,200
1709,200,0,47.0,0.0,200
1710,200,0,47.0,0.0,200
1711,200,0,46.9,0.0,200
1712,200,0,46.9,0.0,200
1713,200,0,46.9,0.0,200
1714,200,0,46.8,0.0,200
1715,200,0,46.8,0.0,200
1716,200,0,46.7,0.0,200
1717,200,0,46.7,0.0,200
1718,200,0,46.7,0.0,200
1719,200,0,46.6,0.0,200
1720,200,0,46.6,0.0,200
1721,200,0,46.6,0.0,200
1722,200,0,46.5,0.0,200
1723,200,0,46.5,0.0,200
1724,200,0,46.5,0.0,200
1725,200,0,46.4,0.0,200
1726,200,0,46.4,0.0,200
1727,200,0,46.4,0.0,200
1728,200,0,46.3,0.0,200
1729,200,0,46.3,0.0,200
1730,200,0,46.3,0.0,200
1731,200,0,46.2,0.0,200
1732,200,0,46.2,0.0,200
1733,200,0,46.2,0.0,200
1734,200,0,46.1,0.0,200
1735,200,0,46.1,0.0,200
1736,200,0,46.1,0.0,200
1737,200,0,46.0,0.0,200
1738,200,0,46.0,0.0,200
1739,200,0,46.0,0.0,200
1740,200,0,45.9,0.0,200
1741,200,0,45.9,0.0,200
1742,200,0,45.9,0.0,200
1743,200,0,45.8,0.0,200
1744,200,0,45.8,0.0,200
1745,200,0,45.8,0.0,200
1746,200,0,45.7,0.0,200
1747,200,0,45.7,0.0,200
1748,200,0,45.7,0.0,200
1749,200,0,45.6,0.0,200
1750,200,0,45.6,0.0,200
1751,200,0,45.6,0.0,200
1752,200,0,45.5,0.0,200
1753,200,0,45.5,0.0,200
1754,200,0,45.5,0.0,200
1755,200,0,45.4,0.0,200
1756,200,0,45.4,0.0,200
1757,200,0,45.4,0.0,200
1758,200,0,45.3,0.0,200
1759,200,0,45.3,0.0,200
1760,200,0,45.3,0.0,200
1761,200,0,45.2,0.0,200
1762,200,0,45.2,0.0,200
1763,200,0,45.2,0.0,200
1764,200,0,45.1,0.0,200
1765,200,0,45.1,0.0,200
1766,200,0,45.1,0.0,200
1767,200,0,45.0,0.0,200
1768,200,0,45.0,0.0,200
1769,200,0,45.0,0.0,200
1770,200,0,44.9,0.0,200
1771,200,0,44.9,0.0,200
1772,200,0,44.9,0.0,200
1773,200,0,44.8,0.0,200
1774,200,0,44.8,0.0,200
1775,200,0,44.8,0.0,200
1776,200,0,44.7,0.0,200
1777,200,0,44.7,0.0,200
1778,200,0,44.7,0.0,200
1779,200,0,44.6,0.0,200
1780,200,0,44.6,0.0,200
1781,200,0,44.6,0.0,200
1782,200,0,44.5,0.0,200
1783,200,0,44.5,0.0,200
1784,200,0,44.5,0.0,200
1785,200,0,44.5,0.0,200
1786,200,0,44.4,0.0,200
1787,200,0,44.4,0.0,200
1788,200,0,44.4,0.0,200
1789,200,0,44.3,0.0,200
1790,200,0,44.3,0.0,200
1791,200,0,44.3,0.0,200
1792,200,0,44.2,0.0,200
1793,200,0,44.2,0.0,200
1794,200,0,44.2,0.0,200
1795,200,0,44.1,0.0,200
1796,200,0,44.1,0.0,200
1797,200,0,44.1,0.0,200
1798,200,0,44.0,0.0,200
1799,200,0,44.0,0.0,200
1800,200,0,44.0,0.0,200
1801,200,0,43.9,0.0,200
1802,200,0,43.9,0.0,200
1803,200,0,43.9,0.0,200
1804,200,0,43.9,0.0,200
1805,200,0,43.8,0.0,200
1806,200,0,43.8,0.0,200
1807,200,0,43.8,0.0,200
1808,200,0,43.7,0.0,200
1809,200,0,43.7,0.0,200
1810,200,0,43.7,0.0,200
1811,200,0,43.6,0.0,200
1812,200,0,43.6,0.0,200
1813,200,0,43.6,0.0,200
1814,200,0,43.5,0.0,200
1815,200,0,43.5,0.0,200
1816,200,0,43.5,0.0,200
1817,200,0,43.5,0.0,200
1818,200,0,43.4,0.0,200
1819,200,0,43.4,0.0,200
1820,200,0,43.4,0.0,200
1821,200,0,43.3,0.0,200
1822,200,0,43.3,0.0,200
1823,200,0,43.3,0.0,200
1824,200,0,43.2,0.0,200
1825,200,0,43.2,0.0,200
1826,200,0,43.2,0.0,200
1827,200,0,43.1,0.0,200
1828,200,0,43.1,0.0,200
1829,200,0,43.1,0.0,200
1830,200,0,43.1,0.0,200
1831,200,0,43.0,0.0,200
1832,200,0,43.0,0.0,200
1833,200,0,43.0,0.0,200
1834,200,0,42.9,0.0,200
1835,200,0,42.9,0.0,200
1836,200,0,42.9,0.0,200
1837,200,0,42.8,0.0,200
1838,200,0,42.8,0.0,200
1839,200,0,42.8,0.0,200
1840,200,0,42.8,0.0,200
1841,200,0,42.7,0.0,200
1842,200,0,42.7,0.0,200
1843,200,0,42.7,0.0,200
1844,200,0,42.6,0.0,200
1845,200,0,42.6,0.0,200
1846,200,0,42.6,0.0,200
1847,200,0,42.5,0.0,200
1848,200,0,42.5,0.0,200
1849,200,0,42.5,0.0,200
1850,200,0,42.5,0.0,200
1851,200,0,42.4,0.0,200
1852,200,0,42.4,0.0,200
1853,200,0,42.4,0.0,200
1854,200,0,42.3,0.0,200
1855,200,0,42.3,0.0,200
1856,200,0,42.3,0.0,200
1857,200,0,42.3,0.0,200
1858,200,0,42.2,0.0,200
1859,200,0,42.2,0.0,200
1860,200,0,42.2,0.0,200
1861,200,0,42.1,0.0,200
1862,200,0,42.1,0.0,200
1863,200,0,42.1,0.0,200
1864,200,0,42.0,0.0,200
1865,200,0,42.0,0.0,200
1866,200,0,42.0,0.0,200
1867,200,0,42.0,0.0,200
1868,200,0,41.9,0.0,200
1869,200,0,41.9,0.0,200
1870,200,0,41.9,0.0,200
1871,200,0,41.8,0.0,200
1872,200,0,41.8,0.0,200
1873,200,0,41.8,0.0,200
1874,200,0,41.8,0.0,200
1875,200,0,41.7,0.0,188
1876,200,0,41.7,0.0,189
1877,200,0,41.7,0.0,187
1878,200,0,41.6,0.0,189
1879,200,0,41.6,0.0,186
1880,200,0,41.6,0.0,187
1881,200,0,41.5,0.0,186
1882,200,0,41.5,0.0,189
1883,200,0,41.5,0.0,188
1884,200,0,41.4,0.0,189
1885,200,0,41.4,0.0,189
1886,200,0,41.4,0.0,193
1887,200,0,41.4,0.0,185
1888,200,0,41.3,0.0,187
1889,200,0,41.3,0.0,193
1890,200,0,41.3,0.0,190
1891,200,0,41.3,0.0,192
1892,200,0,41.2,0.0,191
1893,200,0,41.2,0.0,190
1894,200,0,41.2,0.0,188
1895,200,0,41.1,0.0,182
1896,200,0,41.1,0.0,185
1897,200,0,41.1,0.0,182
1898,200,0,41.1,0.0,184
1899,200,0,41.0,0.0,185
1900,200,0,41.0,0.0,180
1901,200,0,41.0,0.0,184
1902,200,0,40.9,0.0,177
1903,200,0,40.9,0.0,180
1904,200,0,40.9,0.0,182
1905,200,0,40.9,0.0,177
1906,200,0,40.8,0.0,177
1907,200,0,40.8,0.0,181
1908,200,0,40.8,0.0,178
1909,200,0,40.7,0.0,171
1910,200,0,40.7,0.0,181
1911,200,0,40.7,0.0,179
1912,200,0,40.7,0.0,173
1913,200,0,40.6,0.0,171
1914,200,0,40.6,0.0,176
1915,200,0,40.6,0.0,173
1916,200,0,40.6,0.0,174
1917,200,0,40.5,0.0,178
1918,200,0,40.5,0.0,168
1919,200,0,40.5,0.0,165
1920,200,0,40.4,0.0,161
1921,200,0,40.4,0.0,168
1922,200,0,40.4,0.0,163
1923,200,0,40.4,0.0,166
1924,200,0,40.3,0.0,162
1925,200,0,40.3,0.0,162
1926,200,0,40.3,0.0,155
1927,200,0,40.3,0.0,157
1928,200,0,40.2,0.0,165
1929,200,0,40.2,0.0,168
1930,200,0,40.2,0.0,162
1931,200,0,40.1,0.0,157
1932,200,0,40.1,0.0,151
1933,200,0,40.1,0.0,153
1934,200,0,40.1,0.0,160
1935,200,0,40.0,0.0,157
1936,200,0,40.0,0.0,161
1937,200,0,40.0,0.0,154
1938,200,0,40.0,0.0,153
1939,200,0,39.9,0.0,150
1940,200,0,39.9,0.0,159
1941,200,0,39.9,0.0,144
1942,200,0,39.9,0.0,147
1943,200,0,39.8,0.0,150
1944,200,0,39.8,0.0,157
1945,200,0,39.8,0.0,144
1946,200,0,39.7,0.0,143
1947,200,0,39.7,0.0,149
1948,200,0,39.7,0.0,147
1949,200,0,39.7,0.0,141
1950,200,0,39.6,0.0,152
1951,200,0,39.6,0.0,141
1952,200,0,39.6,0.0,151
1953,200,0,39.6,0.0,140
1954,200,0,39.5,0.0,138
1955,200,0,39.5,0.0,143
1956,200,0,39.5,0.0,134
1957,200,0,39.5,0.0,130
1958,200,0,39.4,0.0,131
1959,200,0,39.4,0.0,124
1960,200,0,39.4,0.0,124
1961,200,0,39.4,0.0,127
1962,200,0,39.3,0.0,124
1963,200,0,39.3,0.0,132
1964,200,0,39.3,0.0,130
1965,200,0,39.3,0.0,123
1966,200,0,39.2,0.0,131
1967,200,0,39.2,0.0,124
1968,200,0,39.2,0.0,126
1969,200,0,39.1,0.0,126
1970,200,0,39.1,0.0,125
1971,200,0,39.1,0.0,128
1972,200,0,39.1,0.0,126
1973,200,0,39.0,0.0,124
1974,200,0,39.0,0.0,123
1975,200,0,39.0,0.0,123
1976,200,0,39.0,0.0,121
1977,200,0,38.9,0.0,113
1978,200,0,38.9,0.0,116
1979,200,0,38.9,0.0,118
1980,200,0,38.9,0.0,104
1981,200,0,38.8,0.0,109
1982,200,0,38.8,0.0,111
1983,200,0,38.8,0.0,108
1984,200,0,38.8,0.0,113
1985,200,0,38.7,0.0,110
1986,200,0,38.7,0.0,107
1987,200,0,38.7,0.0,112
1988,200,0,38.7,0.0,108
1989,200,0,38.6,0.0,111
1990,200,0,38.6,0.0,103
1991,200,0,38.6,0.0,99
1992,200,0,38.6,0.0,101
1993,200,0,38.5,0.0,109
1994,200,0,38.5,0.0,101
1995,200,0,38.5,0.0,109
1996,200,0,38.5,0.0,97
1997,200,0,38.4,0.0,105
1998,200,0,38.4,0.0,94
1999,200,0,38.4,0.0,102
2000,200,0,38.4,0.0,98
