tick,pop,avg_dist_to_food,agents_at_food
1,100,69.4,1
2,200,60.8,1
3,200,60.8,1
4,200,60.8,1
5,200,60.8,1
6,200,60.8,1
7,200,60.9,1
8,200,60.8,1
9,200,60.8,1
10,200,60.8,1
11,200,60.8,1
12,200,60.8,2
13,200,60.8,2
14,200,60.9,2
15,200,60.9,2
16,200,60.9,2
17,200,60.9,2
18,200,60.9,2
19,200,60.9,2
20,200,60.9,2
21,200,60.9,2
22,200,60.9,2
23,200,60.9,2
24,200,60.9,2
25,200,61.0,2
26,200,60.9,2
27,200,61.0,2
28,200,61.0,2
29,200,61.0,2
30,200,61.0,2
31,200,61.0,2
32,200,60.9,2
33,200,60.9,2
34,200,60.9,2
35,200,61.0,2
36,200,60.9,2
37,200,60.9,2
38,200,60.9,2
39,200,60.9,2
40,200,60.9,2
41,200,60.9,2
42,200,60.9,2
43,200,60.8,2
44,200,60.9,2
45,200,60.9,2
46,200,60.8,2
47,200,60.9,2
48,200,60.9,2
49,200,61.0,2
50,200,60.9,2
51,200,60.9,2
52,200,60.9,2
53,200,60.9,2
54,200,61.0,2
55,200,61.0,2
56,200,61.0,2
57,200,61.0,2
58,200,61.0,2
59,200,61.0,2
60,200,61.1,2
61,200,61.0,2
62,200,61.0,2
63,200,61.1,2
64,200,61.1,2
65,200,61.1,2
66,200,61.0,2
67,200,61.0,2
68,200,61.1,2
69,200,61.0,2
70,200,61.0,2
71,200,61.1,2
72,200,61.1,2
73,200,61.1,2
74,200,61.1,2
75,200,61.1,2
76,200,61.1,2
77,199,61.0,2
78,200,60.9,3
79,200,60.9,4
80,200,60.9,3
81,200,61.0,2
82,200,61.0,2
83,200,61.0,2
84,200,61.0,2
85,200,61.0,2
86,200,61.0,2
87,200,61.0,2
88,200,61.0,3
89,200,61.0,3
90,200,61.0,3
91,200,61.0,2
92,200,61.0,1
93,200,61.0,1
94,200,60.9,1
95,200,61.0,1
96,200,61.0,1
97,200,61.0,1
98,200,60.9,1
99,200,60.9,1
100,200,60.9,1
101,200,61.0,1
102,200,60.9,2
103,200,60.9,2
104,199,61.2,2
105,200,61.3,1
106,200,61.3,1
107,200,61.3,1
108,199,61.5,1
109,196,62.1,1
110,198,62.2,1
111,197,62.3,1
112,198,62.0,1
113,200,62.3,1
114,199,62.2,1
115,197,62.5,2
116,200,62.3,2
117,194,62.7,2
118,198,62.5,2
119,197,62.1,2
120,197,62.0,2
121,198,62.2,2
122,196,62.4,2
123,197,62.6,2
124,197,62.6,2
125,197,62.5,2
126,200,62.0,2
127,197,62.1,2
128,199,62.2,2
129,197,61.8,2
130,196,61.4,2
131,196,61.3,2
132,194,60.4,2
133,199,59.7,2
134,193,58.7,2
135,197,58.1,2
136,192,57.1,1
137,196,57.0,2
138,194,56.5,2
139,195,56.2,2
140,198,55.8,2
141,195,55.3,2
142,199,55.1,3
143,198,55.1,2
144,195,54.8,2
145,199,55.4,2
146,200,55.4,2
147,197,55.3,2
148,198,55.3,2
149,199,55.2,2
150,198,55.2,2
151,199,55.2,2
152,197,54.9,2
153,198,55.0,2
154,200,54.7,2
155,199,54.5,2
156,197,54.3,2
157,199,54.0,2
158,199,54.1,2
159,199,54.3,2
160,199,54.4,2
161,198,54.3,2
162,199,54.3,2
163,199,54.0,1
164,198,53.7,1
165,199,54.1,1
166,199,54.3,1
167,198,54.4,1
168,199,54.5,1
169,200,54.5,1
170,200,54.5,1
171,198,54.2,1
172,199,54.0,2
173,200,54.1,2
174,198,54.1,1
175,200,54.0,1
176,199,54.1,2
177,200,54.0,2
178,198,54.0,2
179,200,53.8,2
180,199,53.9,2
181,199,53.9,1
182,200,53.8,1
183,200,53.8,1
184,200,53.8,1
185,199,54.0,1
186,199,53.9,1
187,199,54.1,1
188,200,54.1,1
189,200,54.1,2
190,199,54.2,2
191,200,54.3,1
192,199,54.3,1
193,200,54.1,1
194,200,54.1,1
195,200,54.1,1
196,200,54.1,1
197,200,54.1,1
198,200,54.1,1
199,200,54.1,1
200,200,54.1,1
201,200,54.1,1
202,200,54.1,1
203,200,54.1,1
204,200,54.1,1
205,200,54.1,1
206,200,54.1,1
207,200,54.1,1
208,200,54.1,1
209,199,54.2,1
210,200,54.4,1
211,200,54.4,1
212,200,54.4,1
213,200,54.4,1
214,200,54.4,1
215,200,54.4,1
216,199,54.6,1
217,199,54.9,1
218,198,55.0,1
219,200,55.0,1
220,199,55.0,1
221,198,54.9,1
222,200,54.8,1
223,200,54.8,1
224,200,54.8,1
225,200,54.8,1
226,200,54.8,1
227,200,54.8,1
228,200,54.8,1
229,200,54.8,1
230,200,54.8,1
231,200,54.9,1
232,200,54.9,1
233,200,54.9,1
234,200,54.9,1
235,200,54.9,1
236,199,55.1,1
237,199,55.3,1
238,200,55.4,1
239,200,55.4,1
240,200,55.4,1
241,200,55.4,1
242,200,55.4,1
243,200,55.4,1
244,200,55.4,1
245,200,55.4,1
246,200,55.4,1
247,200,55.5,1
248,200,55.5,1
249,200,55.5,1
250,200,55.5,1
251,200,55.5,1
252,199,55.7,1
253,200,55.6,1
254,200,55.6,1
255,200,55.6,1
256,200,55.6,1
257,200,55.6,1
258,199,55.6,1
259,199,55.6,1
260,200,55.7,1
261,200,55.7,1
262,200,55.7,1
263,200,55.7,1
264,200,55.7,1
265,200,55.7,1
266,200,55.7,1
267,200,55.7,1
268,199,55.9,1
269,199,55.8,1
270,200,56.0,1
271,200,56.0,1
272,199,56.1,1
273,200,55.9,0
274,200,55.9,0
275,199,55.7,0
276,200,55.8,0
277,200,55.8,0
278,200,55.8,0
279,200,55.8,0
280,200,55.8,0
281,200,55.8,0
282,200,55.8,0
283,199,55.8,0
284,200,55.9,0
285,200,55.9,0
286,200,55.9,0
287,200,56.0,0
288,200,56.0,0
289,199,55.8,0
290,200,55.9,0
291,200,55.9,0
292,200,55.9,0
293,199,55.7,0
294,199,55.8,0
295,200,55.9,0
296,199,55.9,0
297,200,55.9,0
298,200,55.9,0
299,200,55.9,0
300,200,55.9,0
301,200,55.9,0
302,199,55.8,0
303,199,56.1,0
304,200,56.2,0
305,200,56.2,0
306,200,56.2,0
307,200,56.2,0
308,200,56.2,0
309,200,56.2,0
310,200,56.2,0
311,200,56.2,0
312,200,56.2,0
313,198,56.2,0
314,200,56.0,0
315,200,56.0,0
316,200,56.0,0
317,200,56.0,0
318,200,56.0,0
319,200,55.9,0
320,200,55.9,0
321,200,55.9,0
322,200,55.9,0
323,200,55.9,0
324,199,56.0,0
325,200,55.8,0
326,200,55.8,0
327,200,55.8,0
328,200,55.8,0
329,200,55.8,0
330,200,55.8,0
331,199,55.9,0
332,199,55.9,0
333,200,56.0,0
334,200,56.0,0
335,200,56.0,0
336,200,56.0,0
337,200,56.0,0
338,200,56.0,0
339,200,56.0,0
340,200,56.0,0
341,200,56.0,0
342,200,56.0,0
343,200,56.1,0
344,199,56.3,0
345,200,56.4,0
346,200,56.4,0
347,200,56.4,0
348,200,56.4,0
349,199,56.3,0
350,200,56.1,0
351,199,56.0,0
352,200,55.8,0
353,200,55.8,0
354,200,55.8,0
355,200,55.8,0
356,200,55.8,0
357,200,55.8,0
358,200,55.8,0
359,200,55.8,0
360,200,55.8,0
361,200,55.8,0
362,199,56.0,0
363,200,56.0,0
364,200,56.0,0
365,200,56.0,0
366,200,56.0,0
367,200,56.0,0
368,200,56.0,0
369,200,56.0,0
370,200,56.0,0
371,200,56.0,0
372,200,56.0,0
373,200,56.0,0
374,200,56.0,0
375,200,56.0,0
376,200,56.0,0
377,200,56.0,0
378,200,56.0,0
379,199,55.9,0
380,200,56.1,0
381,200,56.1,0
382,200,56.1,0
383,199,56.3,0
384,200,56.1,0
385,200,56.1,0
386,200,56.1,0
387,200,56.1,0
388,200,56.1,0
389,200,56.1,0
390,200,56.1,0
391,200,56.1,0
392,200,56.1,0
393,200,56.1,0
394,200,56.1,0
395,199,56.0,0
396,200,56.0,0
397,200,56.0,0
398,199,56.2,0
399,200,56.1,0
400,200,56.0,0
401,200,56.0,0
402,199,56.1,0
403,200,56.3,0
404,200,56.3,0
405,200,56.3,0
406,200,56.3,0
407,200,56.3,0
408,200,56.3,0
409,200,56.3,0
410,199,56.3,0
411,200,56.5,0
412,200,56.5,0
413,200,56.5,0
414,200,56.5,0
415,200,56.5,0
416,200,56.5,0
417,199,56.7,0
418,200,56.7,0
419,200,56.7,0
420,200,56.7,0
421,200,56.7,0
422,200,56.7,0
423,200,56.7,0
424,200,56.7,0
425,200,56.7,0
426,200,56.7,0
427,200,56.7,0
428,200,56.7,0
429,200,56.7,0
430,200,56.7,0
431,200,56.7,0
432,200,56.7,0
433,200,56.7,0
434,200,56.7,0
435,200,56.7,0
436,200,56.7,0
437,200,56.7,0
438,200,56.7,0
439,200,56.7,0
440,200,56.7,0
441,200,56.7,0
442,200,56.7,0
443,200,56.7,0
444,200,56.7,0
445,200,56.7,0
446,200,56.7,0
447,200,56.7,0
448,200,56.7,0
449,200,56.7,0
450,199,56.7,0
451,200,56.5,0
452,200,56.5,0
453,200,56.5,0
454,200,56.5,0
455,199,56.5,0
456,200,56.6,0
457,200,56.6,0
458,200,56.6,0
459,200,56.6,0
460,198,56.5,0
461,200,56.2,0
462,200,56.2,0
463,199,56.1,0
464,200,56.1,0
465,200,56.1,0
466,200,56.1,0
467,200,56.1,0
468,200,56.1,0
469,200,56.1,0
470,200,56.1,0
471,200,56.1,0
472,199,56.0,0
473,200,56.0,0
474,200,56.0,0
475,200,56.0,0
476,200,56.0,0
477,200,56.0,0
478,200,56.0,0
479,200,56.0,0
480,200,56.0,0
481,200,56.0,0
482,200,56.0,0
483,200,56.0,0
484,200,56.0,0
485,200,56.0,0
486,199,55.9,0
487,200,55.6,0
488,200,55.6,0
489,200,55.6,0
490,200,55.6,0
491,200,55.6,0
492,200,55.6,0
493,200,55.6,0
494,200,55.6,0
495,200,55.6,0
496,200,55.6,0
497,200,55.6,0
498,200,55.6,0
499,200,55.6,0
500,200,55.6,0
501,200,55.6,0
502,200,55.6,0
503,200,55.6,0
504,200,55.6,0
505,200,55.6,0
506,200,55.6,0
507,200,55.6,0
508,200,55.6,0
509,199,55.6,0
510,200,55.4,0
511,200,55.4,0
512,200,55.4,0
513,200,55.4,0
514,200,55.4,0
515,200,55.4,0
516,200,55.4,0
517,200,55.4,0
518,200,55.4,0
519,199,55.2,0
520,200,55.1,0
521,200,55.0,0
522,200,55.0,0
523,200,55.0,0
524,200,55.0,0
525,199,55.1,0
526,199,55.0,0
527,200,54.9,0
528,200,54.9,0
529,200,54.9,0
530,200,54.9,0
531,200,54.9,0
532,200,54.9,0
533,200,54.9,0
534,200,54.9,0
535,200,54.9,0
536,200,54.9,0
537,199,54.9,0
538,200,54.8,0
539,200,54.9,0
540,200,54.8,0
541,200,54.8,0
542,200,54.8,0
543,200,54.8,0
544,200,54.8,0
545,200,54.8,0
546,200,54.8,0
547,200,54.8,0
548,200,54.9,0
549,199,54.8,0
550,199,54.8,0
551,200,54.7,0
552,200,54.7,0
553,200,54.7,0
554,200,54.7,0
555,200,54.7,0
556,200,54.7,0
557,200,54.7,0
558,199,54.6,0
559,200,54.5,0
560,200,54.5,0
561,200,54.5,0
562,199,54.7,0
563,200,54.8,0
564,200,54.8,0
565,200,54.8,0
566,200,54.8,0
567,200,54.8,0
568,200,54.8,0
569,200,54.8,0
570,200,54.8,0
571,200,54.8,0
572,200,54.8,0
573,200,54.8,0
574,199,54.9,0
575,199,55.1,0
576,200,55.0,0
577,200,55.0,0
578,200,55.0,0
579,200,55.0,0
580,200,55.0,0
581,200,55.0,0
582,199,55.0,0
583,199,54.9,0
584,200,55.0,0
585,200,55.0,0
586,200,55.0,0
587,200,55.0,0
588,200,55.0,0
589,200,55.0,0
590,200,55.0,0
591,200,55.0,0
592,200,55.0,0
593,200,55.0,0
594,200,55.0,0
595,199,54.9,0
596,200,54.9,0
597,199,55.0,0
598,200,55.2,0
599,200,55.2,0
600,200,55.2,0
601,200,55.2,0
602,200,55.2,0
603,200,55.2,0
604,200,55.2,0
605,200,55.2,0
606,200,55.2,0
607,200,55.2,0
608,198,55.0,0
609,200,55.0,0
610,200,55.0,0
611,199,54.9,0
612,199,55.2,0
613,200,55.2,0
614,200,55.2,0
615,200,55.2,0
616,199,55.1,0
617,200,55.1,0
618,200,55.1,0
619,200,55.1,0
620,200,55.0,0
621,200,55.1,0
622,200,55.1,0
623,200,55.1,0
624,200,55.1,0
625,200,55.1,0
626,200,55.1,0
627,200,55.1,0
628,200,55.1,0
629,200,55.1,0
630,200,55.1,0
631,200,55.1,0
632,200,55.1,0
633,200,55.1,0
634,200,55.1,0
635,200,55.1,0
636,199,55.3,0
637,199,55.4,0
638,200,55.6,0
639,200,55.6,0
640,200,55.6,0
641,200,55.6,0
642,200,55.6,0
643,200,55.6,0
644,200,55.6,0
645,200,55.6,0
646,200,55.6,0
647,200,55.6,0
648,199,55.6,0
649,200,55.7,0
650,200,55.7,0
651,200,55.7,0
652,200,55.7,0
653,200,55.7,0
654,200,55.7,0
655,200,55.7,0
656,200,55.7,0
657,198,55.8,0
658,200,55.9,0
659,200,55.9,0
660,199,56.0,0
661,199,55.7,0
662,200,55.5,0
663,200,55.5,0
664,200,55.5,0
665,200,55.5,0
666,200,55.5,0
667,200,55.5,0
668,200,55.5,0
669,199,55.7,0
670,200,55.8,0
671,200,55.8,0
672,200,55.8,0
673,200,55.8,0
674,200,55.8,0
675,200,55.8,0
676,200,55.8,0
677,199,55.7,0
678,200,55.6,0
679,200,55.6,0
680,200,55.6,0
681,199,55.4,0
682,200,55.4,0
683,200,55.4,0
684,200,55.4,0
685,200,55.4,0
686,200,55.4,0
687,200,55.4,0
688,200,55.4,0
689,200,55.4,0
690,199,55.3,0
691,200,55.5,0
692,200,55.5,0
693,200,55.5,0
694,200,55.5,0
695,200,55.5,0
696,199,55.5,0
697,200,55.4,0
698,200,55.4,0
699,200,55.4,0
700,200,55.4,0
701,200,55.4,0
702,200,55.4,0
703,200,55.4,0
704,200,55.4,0
705,200,55.4,0
706,200,55.5,0
707,199,55.4,0
708,200,55.5,0
709,200,55.5,0
710,200,55.5,0
711,200,55.5,0
712,200,55.5,0
713,200,55.5,0
714,199,55.7,0
715,200,55.8,0
716,200,55.8,0
717,200,55.8,0
718,199,55.7,0
719,200,55.9,0
720,199,55.8,0
721,200,55.6,0
722,200,55.6,0
723,199,55.8,0
724,200,55.7,0
725,200,55.7,0
726,200,55.7,0
727,200,55.7,0
728,200,55.7,0
729,200,55.7,0
730,200,55.7,0
731,200,55.7,0
732,200,55.7,0
733,200,55.7,0
734,199,55.9,0
735,199,55.8,0
736,199,56.1,0
737,200,56.3,0
738,200,56.3,0
739,200,56.3,0
740,200,56.3,0
741,200,56.3,0
742,200,56.3,0
743,200,56.3,0
744,200,56.3,0
745,200,56.3,0
746,200,56.3,0
747,200,56.3,0
748,200,56.3,0
749,200,56.3,0
750,200,56.3,0
751,200,56.3,0
752,200,56.3,0
753,200,56.3,0
754,200,56.3,0
755,200,56.3,0
756,200,56.3,0
757,200,56.3,0
758,200,56.3,0
759,200,56.3,0
760,199,56.2,0
761,200,56.1,0
762,200,56.1,0
763,200,56.1,0
764,200,56.1,0
765,200,56.1,0
766,200,56.1,0
767,200,56.1,0
768,200,56.1,0
769,200,56.1,0
770,200,56.1,0
771,200,56.1,0
772,200,56.1,0
773,199,56.2,0
774,200,56.4,0
775,200,56.4,0
776,200,56.4,0
777,200,56.4,0
778,200,56.4,0
779,200,56.4,0
780,200,56.4,0
781,200,56.4,0
782,200,56.4,0
783,200,56.4,0
784,200,56.4,0
785,200,56.4,0
786,200,56.4,0
787,200,56.4,0
788,200,56.4,0
789,199,56.4,0
790,200,56.5,0
791,200,56.5,0
792,200,56.5,0
793,200,56.5,0
794,199,56.4,0
795,200,56.2,0
796,200,56.2,0
797,200,56.3,0
798,200,56.3,0
799,200,56.3,0
800,200,56.3,0
801,200,56.3,0
802,200,56.3,0
803,200,56.3,0
804,199,56.3,0
805,200,56.3,0
806,200,56.3,0
807,200,56.3,0
808,199,56.3,0
809,200,56.2,0
810,200,56.2,0
811,200,56.2,0
812,200,56.2,0
813,200,56.2,0
814,200,56.2,0
815,200,56.2,0
816,200,56.2,0
817,200,56.2,0
818,200,56.2,0
819,200,56.2,0
820,200,56.2,0
821,200,56.2,0
822,200,56.2,0
823,200,56.2,0
824,200,56.2,0
825,200,56.2,0
826,200,56.2,0
827,200,56.2,0
828,200,56.2,0
829,200,56.2,0
830,200,56.2,0
831,200,56.2,0
832,200,56.2,0
833,200,56.2,0
834,200,56.2,0
835,199,56.2,0
836,200,56.1,0
837,200,56.1,0
838,200,56.1,0
839,200,56.1,0
840,200,56.1,0
841,200,56.1,0
842,200,56.1,0
843,200,56.1,0
844,200,56.1,0
845,200,56.1,0
846,200,56.1,0
847,200,56.1,0
848,200,56.1,0
849,200,56.1,0
850,200,56.1,0
851,200,56.1,0
852,200,56.1,0
853,200,56.1,0
854,200,56.1,0
855,200,56.1,0
856,200,56.2,0
857,199,56.1,0
858,200,56.3,0
859,200,56.3,0
860,200,56.3,0
861,200,56.3,0
862,200,56.3,0
863,200,56.3,0
864,200,56.3,0
865,199,56.5,0
866,200,56.5,0
867,200,56.5,0
868,200,56.5,0
869,200,56.5,0
870,200,56.5,0
871,200,56.5,0
872,199,56.5,0
873,199,56.5,0
874,199,56.7,0
875,200,56.7,0
876,200,56.7,0
877,200,56.7,0
878,200,56.7,0
879,200,56.7,0
880,200,56.7,0
881,200,56.7,0
882,200,56.7,0
883,200,56.7,0
884,200,56.7,0
885,200,56.7,0
886,200,56.7,0
887,200,56.7,0
888,200,56.7,0
889,200,56.7,0
890,200,56.7,0
891,200,56.7,0
892,200,56.7,0
893,200,56.7,0
894,200,56.7,0
895,200,56.7,0
896,198,56.6,0
897,200,56.2,0
898,200,56.2,0
899,200,56.2,0
900,200,56.2,0
901,199,56.1,0
902,200,56.1,0
903,200,56.1,0
904,199,56.1,0
905,200,56.2,0
906,200,56.2,0
907,199,56.1,0
908,200,56.3,0
909,200,56.3,0
910,200,56.3,0
911,200,56.3,0
912,200,56.3,0
913,200,56.3,0
914,200,56.3,0
915,200,56.3,0
916,199,56.3,0
917,200,56.5,0
918,200,56.5,0
919,200,56.5,0
920,200,56.5,0
921,200,56.5,0
922,200,56.5,0
923,200,56.5,0
924,200,56.5,0
925,200,56.5,0
926,200,56.5,0
927,200,56.5,0
928,200,56.5,0
929,200,56.5,0
930,200,56.5,0
931,200,56.5,0
932,200,56.5,0
933,200,56.5,0
934,200,56.5,0
935,200,56.5,0
936,200,56.5,0
937,200,56.5,0
938,200,56.5,0
939,200,56.5,0
940,200,56.5,0
941,200,56.5,0
942,200,56.5,0
943,200,56.5,0
944,200,56.5,0
945,200,56.5,0
946,200,56.5,0
947,200,56.5,0
948,200,56.5,0
949,200,56.5,0
950,200,56.5,0
951,200,56.5,0
952,200,56.5,0
953,199,56.6,0
954,200,56.6,0
955,200,56.6,0
956,199,56.7,0
957,200,56.8,0
958,200,56.8,0
959,200,56.8,0
960,200,56.8,0
961,199,57.0,0
962,200,57.0,0
963,199,57.1,0
964,200,57.1,0
965,200,57.1,0
966,200,57.1,0
967,200,57.1,0
968,200,57.1,0
969,200,57.1,0
970,200,57.1,0
971,200,57.1,0
972,200,57.1,0
973,200,57.1,0
974,199,57.3,0
975,200,57.3,0
976,200,57.3,0
977,200,57.3,0
978,200,57.3,0
979,200,57.3,0
980,200,57.3,0
981,199,57.5,0
982,199,57.4,0
983,200,57.2,0
984,200,57.2,0
985,200,57.2,0
986,200,57.2,0
987,200,57.2,0
988,200,57.2,0
989,200,57.2,0
990,200,57.2,0
991,200,57.2,0
992,200,57.2,0
993,200,57.2,0
994,200,57.2,0
995,200,57.2,0
996,200,57.2,0
997,200,57.2,0
998,200,57.2,0
999,199,57.2,0
1000,200,57.0,0
1001,200,57.0,0
1002,200,57.0,0
1003,199,57.1,0
1004,200,57.0,0
1005,199,56.9,0
1006,199,56.8,0
1007,200,57.1,0
1008,200,57.0,0
1009,200,57.0,0
1010,200,57.0,0
1011,200,57.0,0
1012,200,57.0,0
1013,200,57.0,0
1014,200,57.0,0
1015,198,56.9,0
1016,200,56.8,0
1017,200,56.8,0
1018,200,56.8,0
1019,199,56.8,0
1020,200,56.9,0
1021,200,56.9,0
1022,200,56.9,0
1023,200,56.9,0
1024,200,56.9,0
1025,200,56.9,0
1026,200,56.9,0
1027,200,56.9,0
1028,200,57.0,0
1029,200,57.0,0
1030,200,57.0,0
1031,200,56.9,0
1032,200,56.9,0
1033,200,56.9,0
1034,200,56.9,0
1035,200,56.9,0
1036,200,56.9,0
1037,200,56.9,0
1038,200,56.9,0
1039,200,56.9,0
1040,199,56.7,0
1041,200,56.7,0
1042,200,56.7,0
1043,200,56.7,0
1044,200,56.7,0
1045,200,56.7,0
1046,200,56.7,0
1047,200,56.7,0
1048,200,56.7,0
1049,200,56.7,0
1050,200,56.7,0
1051,200,56.7,0
1052,200,56.7,0
1053,200,56.7,0
1054,199,56.9,0
1055,200,57.0,0
1056,200,57.0,0
1057,200,57.0,0
1058,200,57.0,0
1059,199,56.9,0
1060,200,56.9,0
1061,200,56.9,0
1062,200,56.9,0
1063,200,56.9,0
1064,200,56.9,0
1065,200,56.9,0
1066,200,56.9,0
1067,200,56.9,0
1068,200,56.9,0
1069,200,56.9,0
1070,200,56.9,0
1071,199,57.1,0
1072,200,57.0,0
1073,200,57.0,0
1074,200,56.9,0
1075,200,57.0,0
1076,199,56.9,0
1077,200,56.7,0
1078,200,56.7,0
1079,200,56.7,0
1080,200,56.7,0
1081,200,56.7,0
1082,200,56.7,0
1083,200,56.7,0
1084,200,56.7,0
1085,200,56.7,0
1086,200,56.7,0
1087,199,56.7,0
1088,200,56.5,0
1089,200,56.5,0
1090,200,56.5,0
1091,200,56.5,0
1092,200,56.5,0
1093,199,56.4,0
1094,200,56.7,0
1095,200,56.7,0
1096,200,56.7,0
1097,200,56.7,0
1098,200,56.7,0
1099,200,56.7,0
1100,200,56.7,0
1101,200,56.7,0
1102,200,56.7,0
1103,200,56.7,0
1104,200,56.7,0
1105,200,56.7,0
1106,200,56.7,0
1107,200,56.7,0
1108,200,56.7,0
1109,200,56.7,0
1110,200,56.7,0
1111,200,56.7,0
1112,200,56.7,0
1113,200,56.7,0
1114,200,56.7,0
1115,200,56.7,0
1116,200,56.7,0
1117,200,56.7,0
1118,200,56.7,0
1119,200,56.7,0
1120,200,56.7,0
1121,200,56.7,0
1122,199,56.7,0
1123,200,56.8,0
1124,200,56.8,0
1125,200,56.8,0
1126,200,56.8,0
1127,200,56.8,0
1128,200,56.8,0
1129,200,56.8,0
1130,199,56.7,0
1131,200,56.7,0
1132,198,56.7,0
1133,200,56.6,0
1134,200,56.6,0
1135,200,56.6,0
1136,200,56.6,0
1137,200,56.6,0
1138,199,56.5,0
1139,200,56.7,0
1140,198,56.6,0
1141,200,56.5,0
1142,199,56.5,0
1143,200,56.6,0
1144,200,56.6,0
1145,200,56.6,0
1146,200,56.6,0
1147,200,56.6,0
1148,200,56.6,0
1149,200,56.6,0
1150,199,56.7,0
1151,200,56.4,1
1152,200,56.4,1
1153,200,56.4,1
1154,199,56.6,1
1155,200,56.4,1
1156,200,56.4,1
1157,199,56.5,1
1158,200,56.2,1
1159,200,56.2,1
1160,200,56.2,1
1161,200,56.2,1
1162,199,56.4,1
1163,199,56.6,1
1164,200,56.9,1
1165,200,56.9,1
1166,200,56.9,1
1167,200,56.9,1
1168,200,56.9,1
1169,200,56.9,1
1170,200,56.9,1
1171,199,57.1,1
1172,200,57.1,1
1173,200,57.1,1
1174,200,57.1,1
1175,200,57.1,1
1176,200,57.1,1
1177,200,57.1,1
1178,200,57.1,1
1179,200,57.1,1
1180,200,57.1,1
1181,200,57.1,1
1182,200,57.1,1
1183,200,57.1,1
1184,200,57.1,1
1185,200,57.1,1
1186,200,57.1,1
1187,200,57.1,1
1188,200,57.1,1
1189,200,57.1,1
1190,200,57.1,1
1191,200,57.1,1
1192,200,57.1,1
1193,199,57.0,1
1194,200,57.1,1
1195,200,57.1,1
1196,200,57.1,1
1197,200,57.1,1
1198,199,57.1,1
1199,200,57.2,1
1200,200,57.2,1
1201,198,57.3,1
1202,200,57.5,1
1203,200,57.5,1
1204,200,57.5,1
1205,200,57.5,1
1206,200,57.5,1
1207,200,57.4,1
1208,200,57.4,1
1209,200,57.4,1
1210,199,57.5,1
1211,200,57.4,1
1212,200,57.4,1
1213,200,57.4,1
1214,200,57.4,1
1215,200,57.4,1
1216,199,57.3,1
1217,200,57.2,1
1218,200,57.2,1
1219,200,57.2,1
1220,200,57.2,1
1221,199,57.3,1
1222,200,57.3,1
1223,200,57.3,1
1224,200,57.3,1
1225,200,57.3,1
1226,200,57.3,1
1227,200,57.3,1
1228,200,57.3,1
1229,200,57.3,1
1230,200,57.3,1
1231,200,57.3,1
1232,200,57.3,1
1233,200,57.3,1
1234,200,57.3,1
1235,200,57.3,1
1236,199,57.5,1
1237,200,57.6,1
1238,200,57.6,1
1239,200,57.6,1
1240,200,57.6,1
1241,200,57.5,1
1242,200,57.5,1
1243,200,57.5,1
1244,200,57.5,1
1245,199,57.3,1
1246,200,57.4,1
1247,200,57.4,1
1248,199,57.3,1
1249,200,57.5,1
1250,200,57.5,1
1251,200,57.5,1
1252,200,57.5,1
1253,200,57.5,1
1254,200,57.5,1
1255,199,57.8,1
1256,200,57.6,1
1257,200,57.6,1
1258,200,57.6,1
1259,200,57.6,1
1260,200,57.6,1
1261,200,57.5,1
1262,200,57.5,1
1263,200,57.5,1
1264,200,57.5,1
1265,200,57.5,1
1266,200,57.5,1
1267,200,57.5,1
1268,200,57.5,1
1269,200,57.5,1
1270,200,57.5,1
1271,200,57.5,1
1272,200,57.5,1
1273,200,57.6,1
1274,200,57.6,1
1275,199,57.8,1
1276,200,57.5,2
1277,200,57.5,2
1278,200,57.5,2
1279,200,57.5,2
1280,200,57.5,2
1281,200,57.5,2
1282,200,57.5,2
1283,200,57.5,2
1284,200,57.5,2
1285,200,57.5,2
1286,200,57.5,2
1287,200,57.5,2
1288,200,57.5,2
1289,200,57.5,2
1290,200,57.5,2
1291,200,57.5,2
1292,200,57.5,2
1293,200,57.5,2
1294,200,57.5,2
1295,200,57.5,2
1296,200,57.5,2
1297,200,57.5,2
1298,200,57.5,2
1299,200,57.5,2
1300,200,57.5,2
1301,200,57.5,2
1302,200,57.5,2
1303,200,57.5,2
1304,200,57.5,2
1305,200,57.5,2
1306,200,57.5,2
1307,200,57.5,2
1308,200,57.5,2
1309,200,57.5,2
1310,200,57.5,2
1311,200,57.5,2
1312,200,57.5,2
1313,200,57.5,2
1314,200,57.5,2
1315,200,57.5,2
1316,200,57.5,2
1317,200,57.5,2
1318,200,57.5,2
1319,200,57.5,2
1320,200,57.5,2
1321,200,57.5,2
1322,200,57.5,2
1323,200,57.5,2
1324,200,57.5,2
1325,200,57.5,2
1326,200,57.5,2
1327,200,57.5,2
1328,200,57.5,2
1329,200,57.5,2
1330,200,57.5,2
1331,200,57.5,2
1332,199,57.3,2
1333,200,57.3,2
1334,200,57.3,2
1335,199,57.5,2
1336,200,57.6,2
1337,200,57.6,2
1338,200,57.6,2
1339,200,57.6,2
1340,200,57.6,2
1341,200,57.6,2
1342,200,57.6,2
1343,200,57.6,2
1344,200,57.6,2
1345,200,57.6,2
1346,200,57.6,2
1347,200,57.6,2
1348,200,57.6,2
1349,200,57.6,2
1350,200,57.6,2
1351,200,57.6,2
1352,199,57.4,2
1353,200,57.2,2
1354,200,57.2,2
1355,200,57.2,2
1356,200,57.2,2
1357,200,57.2,2
1358,200,57.3,2
1359,200,57.2,2
1360,200,57.2,2
1361,200,57.2,2
1362,200,57.2,2
1363,200,57.2,2
1364,200,57.2,2
1365,198,57.3,2
1366,200,57.3,2
1367,200,57.3,2
1368,200,57.3,2
1369,200,57.3,2
1370,200,57.3,2
1371,200,57.3,2
1372,200,57.3,2
1373,200,57.3,2
1374,200,57.3,2
1375,200,57.3,2
1376,200,57.3,2
1377,200,57.3,2
1378,200,57.3,2
1379,200,57.3,2
1380,200,57.3,2
1381,200,57.3,2
1382,199,57.5,2
1383,200,57.3,2
1384,200,57.3,2
1385,200,57.3,2
1386,200,57.3,2
1387,200,57.3,2
1388,200,57.3,2
1389,200,57.3,2
1390,199,57.3,2
1391,200,57.4,2
1392,200,57.4,2
1393,200,57.4,2
1394,200,57.4,2
1395,200,57.4,2
1396,200,57.4,2
1397,200,57.4,2
1398,200,57.4,2
1399,200,57.4,2
1400,200,57.4,2
1401,200,57.4,2
1402,199,57.2,2
1403,200,57.2,2
1404,200,57.2,2
1405,200,57.2,2
1406,200,57.2,2
1407,200,57.2,2
1408,200,57.2,2
1409,199,57.3,2
1410,200,57.5,2
1411,200,57.5,2
1412,200,57.5,2
1413,200,57.5,2
1414,200,57.5,2
1415,200,57.5,2
1416,200,57.5,2
1417,200,57.5,2
1418,200,57.5,2
1419,200,57.5,2
1420,200,57.5,2
1421,200,57.5,2
1422,199,57.3,2
1423,200,57.3,2
1424,200,57.3,2
1425,200,57.3,2
1426,200,57.3,2
1427,200,57.3,2
1428,200,57.3,2
1429,200,57.3,2
1430,200,57.3,2
1431,200,57.3,2
1432,200,57.3,2
1433,200,57.3,2
1434,200,57.3,2
1435,200,57.3,2
1436,200,57.3,2
1437,200,57.3,2
1438,200,57.3,2
1439,200,57.3,2
1440,200,57.3,2
1441,200,57.3,2
1442,200,57.3,2
1443,200,57.3,2
1444,200,57.3,2
1445,200,57.3,2
1446,200,57.4,2
1447,200,57.4,2
1448,200,57.4,2
1449,200,57.4,2
1450,200,57.4,2
1451,200,57.4,2
1452,200,57.4,2
1453,200,57.4,2
1454,199,57.3,2
1455,200,57.2,2
1456,200,57.2,2
1457,199,57.3,2
1458,200,57.3,2
1459,200,57.3,2
1460,200,57.3,2
1461,200,57.3,2
1462,200,57.3,2
1463,200,57.3,2
1464,200,57.3,2
1465,200,57.3,2
1466,200,57.3,2
1467,200,57.3,2
1468,200,57.3,2
1469,200,57.3,2
1470,200,57.3,2
1471,200,57.3,2
1472,200,57.3,2
1473,200,57.3,2
1474,200,57.3,2
1475,200,57.3,2
1476,200,57.3,2
1477,200,57.3,2
1478,200,57.3,2
1479,200,57.3,2
1480,200,57.3,2
1481,200,57.3,2
1482,200,57.3,2
1483,200,57.3,2
1484,200,57.3,2
1485,200,57.3,2
1486,200,57.3,2
1487,200,57.3,2
1488,200,57.3,2
1489,200,57.3,2
1490,200,57.3,2
1491,200,57.3,2
1492,200,57.3,2
1493,200,57.3,2
1494,200,57.3,2
1495,200,57.3,2
1496,200,57.2,2
1497,200,57.2,2
1498,200,57.2,2
1499,200,57.3,2
1500,200,57.3,2
1501,200,57.3,2
1502,200,57.3,2
1503,199,57.3,2
1504,200,57.2,2
1505,200,57.2,2
1506,200,57.2,2
1507,200,57.2,2
1508,200,57.2,2
1509,200,57.2,2
1510,200,57.2,2
1511,200,57.2,2
1512,200,57.2,2
1513,200,57.2,2
1514,200,57.2,2
1515,200,57.2,2
1516,200,57.2,2
1517,200,57.2,2
1518,200,57.2,2
1519,199,57.3,2
1520,200,57.0,2
1521,200,57.0,2
1522,200,57.0,2
1523,200,57.0,2
1524,200,57.0,2
1525,200,57.0,2
1526,200,57.0,2
1527,200,57.0,2
1528,200,57.0,2
1529,200,57.0,2
1530,200,57.0,2
1531,200,57.0,2
1532,200,57.0,2
1533,200,57.0,2
1534,200,57.0,2
1535,200,57.0,2
1536,200,57.0,2
1537,200,57.0,2
1538,199,57.0,2
1539,200,56.9,2
1540,200,56.9,2
1541,200,56.9,2
1542,200,56.9,2
1543,200,56.9,2
1544,200,56.9,2
1545,200,56.9,2
1546,200,56.9,2
1547,200,56.9,2
1548,200,56.9,2
1549,200,56.9,2
1550,200,56.9,2
1551,200,56.9,2
1552,200,56.9,2
1553,200,56.9,2
1554,200,56.9,2
1555,200,56.9,2
1556,200,56.9,2
1557,200,56.9,2
1558,200,56.9,2
1559,200,56.9,2
1560,200,56.9,2
1561,200,56.9,2
1562,200,56.9,2
1563,200,56.9,2
1564,200,56.9,2
1565,200,56.9,2
1566,200,56.9,2
1567,200,56.9,2
1568,200,56.9,2
1569,200,56.9,2
1570,200,56.9,2
1571,200,56.9,2
1572,200,56.9,2
1573,200,56.9,2
1574,200,56.9,2
1575,200,56.9,2
1576,200,56.9,2
1577,200,56.9,2
1578,200,56.9,2
1579,200,56.9,2
1580,200,56.9,2
1581,200,56.9,2
1582,200,56.9,2
1583,200,56.9,2
1584,200,56.9,2
1585,200,56.9,2
1586,200,56.9,2
1587,200,56.9,2
1588,200,56.9,2
1589,200,56.9,2
1590,200,56.9,2
1591,200,56.9,2
1592,200,56.9,2
1593,200,56.9,2
1594,200,56.9,2
1595,200,56.9,2
1596,200,56.9,2
1597,200,56.9,2
1598,200,56.9,2
1599,200,56.9,2
1600,200,56.9,2
1601,200,56.9,2
1602,200,56.9,2
1603,200,56.9,2
1604,200,56.9,2
1605,200,56.9,2
1606,200,56.9,2
1607,200,56.9,2
1608,200,56.9,2
1609,200,56.9,2
1610,200,56.9,2
1611,200,56.9,2
1612,200,56.9,2
1613,200,56.9,2
1614,200,56.9,2
1615,200,56.9,2
1616,200,56.9,2
1617,200,56.9,2
1618,200,56.9,2
1619,200,56.9,2
1620,200,56.9,2
1621,200,56.9,2
1622,200,56.9,2
1623,200,56.9,2
1624,200,56.9,2
1625,200,56.9,2
1626,200,56.9,2
1627,200,56.9,2
1628,200,56.9,2
1629,200,56.9,2
1630,200,56.9,2
1631,200,56.9,2
1632,200,56.9,2
1633,199,56.9,2
1634,200,56.8,2
1635,200,56.8,2
1636,200,56.8,2
1637,200,56.8,2
1638,200,56.8,2
1639,200,56.8,2
1640,200,56.8,2
1641,200,56.8,2
1642,200,56.8,2
1643,200,56.8,2
1644,200,56.8,2
1645,200,56.8,2
1646,200,56.8,2
1647,200,56.8,2
1648,200,56.8,2
1649,200,56.8,2
1650,200,56.8,2
1651,200,56.8,2
1652,200,56.8,2
1653,200,56.8,2
1654,200,56.8,2
1655,200,56.8,2
1656,200,56.8,2
1657,200,56.8,2
1658,200,56.8,2
1659,200,56.8,2
1660,200,56.8,2
1661,200,56.8,2
1662,200,56.8,2
1663,200,56.8,2
1664,200,56.8,2
1665,200,56.8,2
1666,200,56.8,2
1667,200,56.8,2
1668,200,56.8,2
1669,200,56.8,2
1670,200,56.8,2
1671,200,56.8,2
1672,200,56.8,2
1673,200,56.8,2
1674,200,56.8,2
1675,200,56.8,2
1676,200,56.8,2
1677,200,56.8,2
1678,200,56.8,2
1679,200,56.8,2
1680,200,56.8,2
1681,200,56.8,2
1682,200,56.8,2
1683,200,56.8,2
1684,200,56.8,2
1685,200,56.8,2
1686,200,56.8,2
1687,200,56.8,2
1688,200,56.8,2
1689,200,56.8,2
1690,200,56.8,2
1691,200,56.8,2
1692,200,56.8,2
1693,200,56.8,2
1694,200,56.8,2
1695,200,56.8,2
1696,200,56.8,2
1697,200,56.8,2
1698,200,56.8,2
1699,200,56.8,2
1700,200,56.8,2
1701,200,56.8,2
1702,200,56.8,2
1703,200,56.8,2
1704,199,56.6,2
1705,200,56.6,2
1706,200,56.6,2
1707,200,56.6,2
1708,200,56.6,2
1709,200,56.6,2
1710,200,56.6,2
1711,200,56.6,2
1712,200,56.6,2
1713,200,56.6,2
1714,200,56.6,2
1715,200,56.6,2
1716,200,56.6,2
1717,200,56.6,2
1718,200,56.6,2
1719,200,56.6,2
1720,200,56.6,2
1721,200,56.6,2
1722,200,56.6,2
1723,200,56.6,2
1724,200,56.6,2
1725,200,56.6,2
1726,200,56.6,2
1727,200,56.6,2
1728,200,56.6,2
1729,200,56.6,2
1730,200,56.6,2
1731,200,56.6,2
1732,199,56.5,2
1733,200,56.6,2
1734,200,56.6,2
1735,200,56.6,2
1736,200,56.5,2
1737,200,56.5,2
1738,200,56.5,2
1739,200,56.5,2
1740,200,56.5,2
1741,200,56.5,2
1742,200,56.5,2
1743,200,56.5,2
1744,200,56.5,2
1745,200,56.5,2
1746,200,56.5,2
1747,200,56.5,2
1748,200,56.5,2
1749,199,56.5,2
1750,200,56.6,2
1751,200,56.6,2
1752,200,56.6,2
1753,200,56.6,2
1754,200,56.6,2
1755,200,56.6,2
1756,200,56.6,2
1757,200,56.6,2
1758,200,56.6,2
1759,200,56.6,2
1760,200,56.6,2
1761,200,56.6,2
1762,200,56.6,2
1763,200,56.6,2
1764,200,56.6,2
1765,200,56.6,2
1766,199,56.6,2
1767,200,56.7,2
1768,200,56.7,2
1769,199,56.5,2
1770,200,56.4,2
1771,200,56.4,2
1772,200,56.4,2
1773,200,56.4,2
1774,200,56.4,2
1775,200,56.4,2
1776,200,56.4,2
1777,200,56.4,2
1778,200,56.4,2
1779,200,56.4,2
1780,200,56.4,2
1781,200,56.4,2
1782,200,56.4,2
1783,200,56.4,2
1784,200,56.4,2
1785,200,56.4,2
1786,200,56.4,2
1787,200,56.4,2
1788,200,56.4,2
1789,200,56.4,2
1790,200,56.4,2
1791,200,56.4,2
1792,200,56.4,2
1793,200,56.4,2
1794,200,56.4,2
1795,200,56.4,2
1796,200,56.4,2
1797,200,56.4,2
1798,200,56.4,2
1799,200,56.4,2
1800,200,56.4,2
1801,200,56.4,2
1802,200,56.4,2
1803,200,56.4,2
1804,200,56.4,2
1805,200,56.4,2
1806,200,56.4,2
1807,200,56.4,2
1808,200,56.4,2
1809,200,56.4,2
1810,200,56.4,2
1811,200,56.4,2
1812,200,56.4,2
1813,200,56.4,2
1814,200,56.4,2
1815,198,56.1,2
1816,200,56.2,2
1817,200,56.2,2
1818,200,56.2,2
1819,200,56.2,2
1820,200,56.2,2
1821,200,56.2,2
1822,200,56.2,2
1823,200,56.2,2
1824,200,56.2,2
1825,200,56.2,2
1826,200,56.2,2
1827,200,56.2,2
1828,200,56.2,2
1829,200,56.2,2
1830,200,56.2,2
1831,200,56.2,2
1832,200,56.2,2
1833,200,56.2,2
1834,200,56.2,2
1835,200,56.2,2
1836,199,56.3,2
1837,200,56.2,2
1838,200,56.2,2
1839,200,56.2,2
1840,200,56.2,2
1841,200,56.2,2
1842,200,56.2,2
1843,200,56.2,2
1844,200,56.2,2
1845,200,56.2,2
1846,200,56.2,2
1847,200,56.2,2
1848,200,56.2,2
1849,200,56.2,2
1850,200,56.2,2
1851,200,56.2,2
1852,200,56.2,2
1853,200,56.2,2
1854,200,56.2,2
1855,200,56.2,2
1856,200,56.2,2
1857,200,56.2,2
1858,200,56.2,2
1859,200,56.2,2
1860,200,56.2,2
1861,200,56.2,2
1862,200,56.2,2
1863,200,56.2,2
1864,199,56.2,2
1865,200,55.9,2
1866,200,55.9,2
1867,200,55.9,2
1868,200,55.9,2
1869,200,55.9,2
1870,200,55.9,2
1871,200,55.9,2
1872,200,55.9,2
1873,200,55.9,2
1874,200,55.9,2
1875,200,55.9,2
1876,200,55.9,2
1877,199,56.0,2
1878,200,56.2,2
1879,200,56.2,2
1880,200,56.2,2
1881,200,56.2,2
1882,200,56.2,2
1883,200,56.2,2
1884,200,56.2,2
1885,200,56.2,2
1886,200,56.2,2
1887,200,56.2,2
1888,200,56.2,2
1889,200,56.2,2
1890,200,56.2,2
1891,200,56.2,2
1892,200,56.2,2
1893,200,56.2,2
1894,200,56.2,2
1895,200,56.2,2
1896,200,56.2,2
1897,200,56.2,2
1898,200,56.2,2
1899,200,56.2,2
1900,200,56.2,2
1901,200,56.2,2
1902,199,56.4,2
1903,200,56.3,2
1904,200,56.3,2
1905,200,56.3,2
1906,200,56.3,2
1907,200,56.3,2
1908,200,56.3,2
1909,200,56.3,2
1910,200,56.3,2
1911,200,56.3,2
1912,200,56.3,2
1913,200,56.3,2
1914,200,56.3,2
1915,200,56.3,2
1916,200,56.3,2
1917,200,56.3,2
1918,200,56.3,2
1919,200,56.3,2
1920,200,56.3,2
1921,199,56.2,2
1922,200,56.0,2
1923,200,56.0,2
1924,200,56.0,2
1925,200,56.0,2
1926,200,56.0,2
1927,200,56.0,2
1928,200,56.0,2
1929,200,56.0,2
1930,200,56.0,2
1931,200,56.0,2
1932,200,56.0,2
1933,200,56.0,2
1934,200,56.0,2
1935,200,56.0,2
1936,200,56.0,2
1937,200,56.0,2
1938,200,56.0,2
1939,200,56.0,2
1940,200,56.0,2
1941,200,56.0,2
1942,199,56.1,2
1943,200,56.3,2
1944,200,56.3,2
1945,200,56.3,2
1946,200,56.3,2
1947,200,56.3,2
1948,200,56.3,2
1949,200,56.3,2
1950,200,56.3,2
1951,200,56.3,2
1952,200,56.3,2
1953,200,56.3,2
1954,200,56.3,2
1955,200,56.3,2
1956,199,56.2,2
1957,200,56.0,2
1958,199,56.1,2
1959,200,55.8,3
1960,200,55.8,3
1961,200,55.8,3
1962,200,55.8,3
1963,200,55.8,3
1964,200,55.8,3
1965,200,55.8,3
1966,200,55.8,3
1967,200,55.8,3
1968,200,55.8,3
1969,200,55.8,3
1970,200,55.8,3
1971,200,55.8,3
1972,200,55.8,3
1973,200,55.8,3
1974,200,55.8,3
1975,200,55.8,3
1976,200,55.8,3
1977,200,55.8,3
1978,200,55.9,3
1979,200,55.9,3
1980,200,55.9,3
1981,200,55.9,3
1982,200,55.9,3
1983,200,55.9,3
1984,199,55.8,3
1985,200,55.8,3
1986,200,55.8,3
1987,200,55.8,3
1988,200,55.8,3
1989,200,55.8,3
1990,200,55.8,3
1991,200,55.8,3
1992,200,55.8,3
1993,199,55.6,3
1994,200,55.7,3
1995,200,55.7,3
1996,200,55.7,3
1997,200,55.7,3
1998,200,55.7,3
1999,200,55.7,3
2000,200,55.7,3
