tick,population,avg_energy,entropy_rate
1,1000,9443.6,0.001
2,1000,8909.2,0.002
3,1000,8396.5,0.003
4,1000,7905.3,0.004
5,1000,7435.3,0.005
6,1000,6986.1,0.006
7,1000,6557.4,0.007
8,1000,6148.6,0.008
9,1000,5759.5,0.009
10,1000,5389.4,0.010
11,1000,5038.0,0.011
12,1000,4704.6,0.012
13,1000,4388.7,0.013
14,1000,4089.8,0.014
15,1000,3807.3,0.015
16,1000,3540.6,0.016
17,1000,3289.1,0.017
18,1000,3052.3,0.018
19,1000,2829.6,0.019
20,1000,2620.3,0.020
21,1000,2423.9,0.021
22,1000,2239.8,0.022
23,1000,2067.5,0.023
24,1000,1906.4,0.024
25,1000,1756.0,0.025
26,1000,1615.6,0.026
27,1000,1484.8,0.027
28,1000,1363.1,0.028
29,1000,1249.9,0.029
30,1000,1144.9,0.030
31,1000,1047.4,0.031
32,1000,957.2,0.032
33,1000,873.7,0.033
34,1000,796.5,0.034
35,1000,725.3,0.035
36,1000,659.6,0.036
37,1000,599.2,0.037
38,1000,543.5,0.038
39,1000,492.4,0.039
40,1000,445.5,0.040
41,1000,402.5,0.041
42,1000,695.6,0.042
43,1000,710.7,0.043
44,1000,659.4,0.044
45,1000,597.5,0.045
46,1000,538.4,0.046
47,1000,483.6,0.047
48,1000,434.4,0.048
49,1000,712.4,0.049
50,1000,716.8,0.050
51,1000,667.4,0.051
52,1000,604.4,0.052
53,1000,541.1,0.053
54,1000,482.6,0.054
55,1000,429.3,0.055
56,1000,696.7,0.056
57,1000,707.1,0.057
58,1000,652.9,0.058
59,1000,583.7,0.059
60,1000,519.3,0.060
61,1000,460.8,0.061
62,1000,655.6,0.062
63,1000,705.9,0.063
64,1000,662.0,0.064
65,1000,595.4,0.065
66,1000,527.5,0.066
67,1000,464.5,0.067
68,1000,652.0,0.068
69,1000,696.6,0.069
70,1000,647.1,0.070
71,1000,584.4,0.071
72,1000,514.2,0.072
73,1000,449.7,0.073
74,1000,637.5,0.074
75,1000,672.2,0.075
76,1000,629.1,0.076
77,1000,559.5,0.077
78,1000,490.5,0.078
79,1000,585.3,0.079
80,1000,670.2,0.080
81,1000,643.0,0.081
82,1000,577.9,0.082
83,1000,510.7,0.083
84,1000,568.3,0.084
85,1000,672.2,0.085
86,1000,638.6,0.086
87,1000,580.9,0.087
88,1000,515.0,0.088
89,1000,565.7,0.089
90,1000,667.8,0.090
91,1000,636.4,0.091
92,1000,574.6,0.092
93,1000,506.4,0.093
94,1000,558.2,0.094
95,1000,639.2,0.095
96,1000,608.8,0.096
97,1000,558.7,0.097
98,1000,491.9,0.098
99,1000,549.3,0.099
100,1000,642.2,0.100
101,1000,604.5,0.104
102,1000,542.0,0.108
103,1000,564.5,0.112
104,1000,656.3,0.116
105,1000,621.2,0.120
106,1000,542.0,0.124
107,1000,558.3,0.128
108,1000,632.8,0.132
109,1000,605.5,0.136
110,1000,524.6,0.140
111,1000,545.6,0.144
112,1000,624.9,0.148
113,1000,576.2,0.152
114,1000,558.9,0.156
115,1000,617.2,0.160
116,1000,596.4,0.164
117,1000,574.1,0.168
118,1000,622.8,0.172
119,1000,602.8,0.176
120,1000,563.9,0.180
121,1000,598.4,0.184
122,1000,596.3,0.188
123,1000,558.1,0.192
124,1000,584.1,0.196
125,1000,577.7,0.200
126,1000,542.0,0.204
127,1000,565.9,0.208
128,1000,558.5,0.212
129,1000,513.7,0.216
130,1000,585.0,0.220
131,1000,568.6,0.224
132,1000,572.9,0.228
133,1000,572.3,0.232
134,1000,525.9,0.236
135,1000,571.0,0.240
136,1000,552.6,0.244
137,1000,564.6,0.248
138,1000,574.9,0.252
139,1000,559.8,0.256
140,1000,579.8,0.260
141,1000,572.0,0.264
142,1000,570.9,0.268
143,1000,569.6,0.272
144,1000,557.3,0.276
145,1000,554.5,0.280
146,1000,555.0,0.284
147,1000,555.6,0.288
148,1000,537.1,0.292
149,1000,530.7,0.296
150,1000,524.8,0.300
151,1000,521.6,0.304
152,1000,518.1,0.308
153,1000,516.8,0.312
154,1000,505.5,0.316
155,1000,508.2,0.320
156,1000,502.0,0.324
157,1000,499.8,0.328
158,1000,499.2,0.332
159,1000,489.8,0.336
160,1000,482.8,0.340
161,1000,480.3,0.344
162,1000,473.8,0.348
163,1000,471.6,0.352
164,1000,457.1,0.356
165,1000,463.5,0.360
166,1000,435.9,0.364
167,1000,431.9,0.368
168,1000,478.7,0.372
169,1000,477.4,0.376
170,1000,447.5,0.380
171,1000,439.0,0.384
172,1000,429.4,0.388
173,1000,435.4,0.392
174,1000,441.6,0.396
175,1000,419.9,0.400
176,1000,421.7,0.404
177,1000,405.6,0.408
178,1000,397.2,0.412
179,1000,400.6,0.416
180,1000,402.8,0.420
181,1000,388.7,0.424
182,1000,378.3,0.428
183,1000,369.9,0.432
184,1000,368.3,0.436
185,1000,367.9,0.440
186,1000,349.3,0.444
187,1000,364.6,0.448
188,1000,366.0,0.452
189,1000,350.7,0.456
190,1000,338.1,0.460
191,1000,336.8,0.464
192,1000,333.5,0.468
193,1000,343.2,0.472
194,1000,321.3,0.476
195,1000,309.9,0.480
196,1000,325.0,0.484
197,1000,321.6,0.488
198,1000,318.2,0.492
199,1000,309.6,0.496
200,1000,15.9,1.000
201,1000,15.9,1.000
202,1000,15.9,1.000
203,1000,15.9,1.000
204,1000,15.8,1.000
205,1000,15.8,1.000
206,1000,15.8,1.000
207,1000,15.8,1.000
208,1000,15.8,1.000
209,1000,15.8,1.000
210,1000,15.8,1.000
211,1000,15.8,1.000
212,1000,15.8,1.000
213,1000,15.8,1.000
214,1000,15.8,1.000
215,1000,15.8,1.000
216,1000,15.8,1.000
217,1000,15.8,1.000
218,1000,15.8,1.000
219,1000,15.8,1.000
220,1000,15.8,1.000
221,1000,15.8,1.000
222,1000,15.8,1.000
223,1000,15.8,1.000
224,1000,15.8,1.000
225,1000,15.8,1.000
226,1000,15.8,1.000
227,1000,15.8,1.000
228,1000,15.8,1.000
229,1000,15.8,1.000
230,1000,15.8,1.000
231,1000,15.8,1.000
232,1000,15.7,1.000
233,1000,15.7,1.000
234,1000,15.7,1.000
235,1000,15.7,1.000
236,1000,15.7,1.000
237,1000,15.7,1.000
238,1000,15.7,1.000
239,1000,15.7,1.000
240,1000,15.7,1.000
241,1000,15.7,1.000
242,1000,15.7,1.000
243,1000,15.7,1.000
244,1000,15.7,1.000
245,1000,15.7,1.000
246,1000,15.7,1.000
247,1000,15.7,1.000
248,1000,15.7,1.000
249,1000,15.7,1.000
250,1000,15.7,1.000
251,1000,15.7,1.000
252,1000,15.7,1.000
253,1000,15.7,1.000
254,1000,15.7,1.000
255,1000,15.7,1.000
256,1000,15.7,1.000
257,1000,15.7,1.000
258,1000,15.7,1.000
259,1000,15.7,1.000
260,1000,15.6,1.000
261,1000,15.6,1.000
262,1000,15.6,1.000
263,1000,15.6,1.000
264,1000,15.6,1.000
265,1000,15.6,1.000
266,1000,15.6,1.000
267,1000,15.6,1.000
268,1000,15.6,1.000
269,1000,15.6,1.000
270,1000,15.6,1.000
271,1000,15.6,1.000
272,1000,15.6,1.000
273,1000,15.6,1.000
274,1000,15.6,1.000
275,1000,15.6,1.000
276,1000,15.6,1.000
277,1000,15.6,1.000
278,1000,15.6,1.000
279,1000,15.6,1.000
280,1000,15.6,1.000
281,1000,15.6,1.000
282,1000,15.6,1.000
283,1000,15.6,1.000
284,1000,15.6,1.000
285,1000,15.6,1.000
286,1000,15.6,1.000
287,1000,15.5,1.000
288,1000,15.5,1.000
289,1000,15.5,1.000
290,1000,15.5,1.000
291,1000,15.5,1.000
292,1000,15.5,1.000
293,1000,15.5,1.000
294,1000,15.5,1.000
295,1000,15.5,1.000
296,1000,15.5,1.000
297,1000,15.5,1.000
298,1000,15.5,1.000
299,1000,15.5,1.000
300,1000,15.5,1.000
301,1000,15.5,1.000
302,1000,15.5,1.000
303,1000,15.5,1.000
304,1000,15.5,1.000
305,1000,15.5,1.000
306,1000,15.5,1.000
307,1000,15.5,1.000
308,1000,15.5,1.000
309,1000,15.5,1.000
310,1000,15.5,1.000
311,1000,15.5,1.000
312,1000,15.5,1.000
313,1000,15.5,1.000
314,1000,15.5,1.000
315,1000,15.4,1.000
316,1000,15.4,1.000
317,1000,15.4,1.000
318,1000,15.4,1.000
319,1000,15.4,1.000
320,1000,15.4,1.000
321,1000,15.4,1.000
322,1000,15.4,1.000
323,1000,15.4,1.000
324,1000,15.4,1.000
325,1000,15.4,1.000
326,1000,15.4,1.000
327,1000,15.4,1.000
328,1000,15.4,1.000
329,1000,15.4,1.000
330,1000,15.4,1.000
331,1000,15.4,1.000
332,1000,15.4,1.000
333,1000,15.4,1.000
334,1000,15.4,1.000
335,1000,15.4,1.000
336,1000,15.4,1.000
337,1000,15.4,1.000
338,1000,15.4,1.000
339,1000,15.4,1.000
340,1000,15.4,1.000
341,1000,15.4,1.000
342,1000,15.4,1.000
343,1000,15.3,1.000
344,1000,15.3,1.000
345,1000,15.3,1.000
346,1000,15.3,1.000
347,1000,15.3,1.000
348,1000,15.3,1.000
349,1000,15.3,1.000
350,1000,15.3,1.000
351,1000,15.3,1.000
352,1000,15.3,1.000
353,1000,15.3,1.000
354,1000,15.3,1.000
355,1000,15.3,1.000
356,1000,15.3,1.000
357,1000,15.3,1.000
358,1000,15.3,1.000
359,1000,15.3,1.000
360,1000,15.3,1.000
361,1000,15.3,1.000
362,1000,15.3,1.000
363,1000,15.3,1.000
364,1000,15.3,1.000
365,1000,15.3,1.000
366,1000,15.3,1.000
367,1000,15.3,1.000
368,1000,15.3,1.000
369,1000,15.3,1.000
370,1000,15.3,1.000
371,1000,15.2,1.000
372,1000,15.2,1.000
373,1000,15.2,1.000
374,1000,15.2,1.000
375,1000,15.2,1.000
376,1000,15.2,1.000
377,1000,15.2,1.000
378,1000,15.2,1.000
379,1000,15.2,1.000
380,1000,15.2,1.000
381,1000,15.2,1.000
382,1000,15.2,1.000
383,1000,15.2,1.000
384,1000,15.2,1.000
385,1000,15.2,1.000
386,1000,15.2,1.000
387,1000,15.2,1.000
388,1000,15.2,1.000
389,1000,15.2,1.000
390,1000,15.2,1.000
391,1000,15.2,1.000
392,1000,15.2,1.000
393,1000,15.2,1.000
394,1000,15.2,1.000
395,1000,15.2,1.000
396,1000,15.2,1.000
397,1000,15.2,1.000
398,1000,15.1,1.000
399,1000,15.1,1.000
400,1000,15.1,1.000
401,1000,15.1,1.000
402,1000,15.1,1.000
403,1000,15.1,1.000
404,1000,15.1,1.000
405,1000,15.1,1.000
406,1000,15.1,1.000
407,1000,15.1,1.000
408,1000,15.1,1.000
409,1000,15.1,1.000
410,1000,15.1,1.000
411,1000,15.1,1.000
412,1000,15.1,1.000
413,1000,15.1,1.000
414,1000,15.1,1.000
415,1000,15.1,1.000
416,1000,15.1,1.000
417,1000,15.1,1.000
418,1000,15.1,1.000
419,1000,15.1,1.000
420,1000,15.1,1.000
421,1000,15.1,1.000
422,1000,15.1,1.000
423,1000,15.1,1.000
424,1000,15.1,1.000
425,1000,15.1,1.000
426,1000,15.0,1.000
427,1000,15.0,1.000
428,1000,15.0,1.000
429,1000,15.0,1.000
430,1000,15.0,1.000
431,1000,15.0,1.000
432,1000,15.0,1.000
433,1000,15.0,1.000
434,1000,15.0,1.000
435,1000,15.0,1.000
436,1000,15.0,1.000
437,1000,15.0,1.000
438,1000,15.0,1.000
439,1000,15.0,1.000
440,1000,15.0,1.000
441,1000,15.0,1.000
442,1000,15.0,1.000
443,1000,15.0,1.000
444,1000,15.0,1.000
445,1000,15.0,1.000
446,1000,15.0,1.000
447,1000,15.0,1.000
448,1000,15.0,1.000
449,1000,15.0,1.000
450,1000,15.0,1.000
451,1000,15.0,1.000
452,1000,15.0,1.000
453,1000,15.0,1.000
454,1000,14.9,1.000
455,1000,14.9,1.000
456,1000,14.9,1.000
457,1000,14.9,1.000
458,1000,14.9,1.000
459,1000,14.9,1.000
460,1000,14.9,1.000
461,1000,14.9,1.000
462,1000,14.9,1.000
463,1000,14.9,1.000
464,1000,14.9,1.000
465,1000,14.9,1.000
466,1000,14.9,1.000
467,1000,14.9,1.000
468,1000,14.9,1.000
469,1000,14.9,1.000
470,1000,14.9,1.000
471,1000,14.9,1.000
472,1000,14.9,1.000
473,1000,14.9,1.000
474,1000,14.9,1.000
475,1000,14.9,1.000
476,1000,14.9,1.000
477,1000,14.9,1.000
478,1000,14.9,1.000
479,1000,14.9,1.000
480,1000,14.9,1.000
481,1000,14.9,1.000
482,1000,14.8,1.000
483,1000,14.8,1.000
484,1000,14.8,1.000
485,1000,14.8,1.000
486,1000,14.8,1.000
487,1000,14.8,1.000
488,1000,14.8,1.000
489,1000,14.8,1.000
490,1000,14.8,1.000
491,1000,14.8,1.000
492,1000,14.8,1.000
493,1000,14.8,1.000
494,1000,14.8,1.000
495,1000,14.8,1.000
496,1000,14.8,1.000
497,1000,14.8,1.000
498,1000,14.8,1.000
499,1000,14.8,1.000
