tick,pop,avg_energy,avg_cannibalism,cannibal_acts
1,199,283.1,0.0953,0
2,200,280.4,0.0952,0
3,200,276.8,0.0952,0
4,200,273.2,0.0952,0
5,200,269.6,0.0952,0
6,200,266.1,0.0952,0
7,200,262.6,0.0952,0
8,200,259.2,0.0952,0
9,200,255.8,0.0952,0
10,200,252.5,0.0952,0
11,200,249.2,0.0952,0
12,200,245.9,0.0952,0
13,200,242.7,0.0952,0
14,200,239.5,0.0952,0
15,200,236.3,0.0952,0
16,200,233.2,0.0952,0
17,200,230.0,0.0952,0
18,200,227.0,0.0952,0
19,200,223.9,0.0952,0
20,200,220.9,0.0952,0
21,200,217.9,0.0952,0
22,200,214.9,0.0952,0
23,200,212.0,0.0952,0
24,200,209.1,0.0952,0
25,200,206.2,0.0952,0
26,200,203.4,0.0952,0
27,200,200.6,0.0952,0
28,200,197.8,0.0952,0
29,200,195.0,0.0952,0
30,199,193.3,0.0952,0
31,200,192.0,0.0948,0
32,200,189.3,0.0948,0
33,200,186.6,0.0948,0
34,200,183.9,0.0948,0
35,200,181.3,0.0948,0
36,200,178.7,0.0948,0
37,200,176.2,0.0948,0
38,200,173.6,0.0948,0
39,200,171.1,0.0948,0
40,200,168.6,0.0948,0
41,199,167.0,0.0948,0
42,200,166.1,0.0944,0
43,200,163.6,0.0944,0
44,200,161.2,0.0944,0
45,200,158.8,0.0944,0
46,200,156.5,0.0944,0
47,200,154.1,0.0944,0
48,200,151.8,0.0944,0
49,200,149.5,0.0944,0
50,200,147.2,0.0944,0
51,200,145.0,0.0944,0
52,200,142.7,0.0944,0
53,200,140.5,0.0944,0
54,200,138.2,0.0944,0
55,200,135.9,0.0944,0
56,200,133.6,0.0944,0
57,200,131.4,0.0944,0
58,200,129.1,0.0944,0
59,200,126.8,0.0944,0
60,200,124.6,0.0944,0
61,200,122.3,0.0944,0
62,200,120.0,0.0944,0
63,200,117.8,0.0944,0
64,102,226.8,0.0891,0
65,104,227.9,0.0876,0
66,108,233.3,0.0857,0
67,115,244.2,0.0822,0
68,128,263.6,0.0770,0
69,153,293.9,0.0699,0
70,200,332.1,0.0614,0
71,200,327.3,0.0614,0
72,200,322.5,0.0614,0
73,200,317.7,0.0614,0
74,200,313.0,0.0614,0
75,200,308.3,0.0614,0
76,200,303.6,0.0614,0
77,200,299.0,0.0614,0
78,200,294.4,0.0614,0
79,200,289.9,0.0614,0
80,200,285.4,0.0614,0
81,200,280.9,0.0614,0
82,200,276.5,0.0614,0
83,200,272.1,0.0614,0
84,200,267.7,0.0614,0
85,200,263.4,0.0614,0
86,200,259.2,0.0614,0
87,200,254.9,0.0614,0
88,200,250.7,0.0614,0
89,200,246.6,0.0614,0
90,200,242.5,0.0614,0
91,200,238.4,0.0614,0
92,200,234.4,0.0614,0
93,200,230.4,0.0614,0
94,200,226.4,0.0614,0
95,200,222.5,0.0614,0
96,200,218.7,0.0614,0
97,200,214.8,0.0614,0
98,200,211.1,0.0614,0
99,200,207.3,0.0614,0
100,200,203.6,0.0614,0
101,200,199.9,0.0614,0
102,200,196.3,0.0614,0
103,200,192.8,0.0614,0
104,200,189.3,0.0614,0
105,200,186.0,0.0614,0
106,200,182.7,0.0614,0
107,200,179.6,0.0614,0
108,200,176.6,0.0614,0
109,200,173.6,0.0614,0
110,200,170.6,0.0614,0
111,200,167.7,0.0614,0
112,200,164.8,0.0614,0
113,200,162.0,0.0614,0
114,200,159.1,0.0614,0
115,200,156.4,0.0614,0
116,200,153.6,0.0614,0
117,200,150.9,0.0614,0
118,200,148.2,0.0614,0
119,200,145.6,0.0614,0
120,200,142.9,0.0614,0
121,200,140.3,0.0614,0
122,200,137.7,0.0614,0
123,200,135.1,0.0614,0
124,198,133.9,0.0617,0
125,199,135.4,0.0621,0
126,200,134.5,0.0619,0
127,196,134.6,0.0629,0
128,200,138.8,0.0621,0
129,200,136.2,0.0621,0
130,200,133.5,0.0621,0
131,200,130.9,0.0621,0
132,200,128.3,0.0621,0
133,200,125.8,0.0621,0
134,200,123.2,0.0621,0
135,200,120.7,0.0621,0
136,200,118.2,0.0621,0
137,200,115.7,0.0621,0
138,200,113.3,0.0621,0
139,200,110.9,0.0621,0
140,200,108.5,0.0621,0
141,200,106.1,0.0621,0
142,200,103.7,0.0621,0
143,200,101.4,0.0621,0
144,200,99.1,0.0621,0
145,200,96.8,0.0621,0
146,200,94.5,0.0621,0
147,200,92.3,0.0621,0
148,200,90.1,0.0621,0
149,200,87.9,0.0621,0
150,200,85.8,0.0621,0
151,200,83.6,0.0621,0
152,199,81.9,0.0623,0
153,200,81.8,0.0624,0
154,199,80.2,0.0617,0
155,196,81.7,0.0613,0
156,186,94.1,0.0600,0
157,193,122.7,0.0587,0
158,186,142.5,0.0579,0
159,177,184.3,0.0493,0
160,187,229.5,0.0457,0
161,193,250.5,0.0440,0
162,189,269.4,0.0406,0
163,195,283.9,0.0394,0
164,199,286.1,0.0387,0
165,200,282.9,0.0386,0
166,200,278.8,0.0386,0
167,200,274.8,0.0386,0
168,200,270.8,0.0386,0
169,200,266.9,0.0386,0
170,200,263.0,0.0386,0
171,200,259.1,0.0386,0
172,200,255.3,0.0386,0
173,200,251.5,0.0386,0
174,200,247.8,0.0386,0
175,199,245.3,0.0387,0
176,200,242.8,0.0390,0
177,200,239.2,0.0390,0
178,200,235.6,0.0390,0
179,200,232.1,0.0390,0
180,200,228.6,0.0390,0
181,200,225.2,0.0390,0
182,200,221.8,0.0390,0
183,200,218.5,0.0390,0
184,200,215.2,0.0390,0
185,199,213.0,0.0391,0
186,200,211.0,0.0394,0
187,200,207.8,0.0394,0
188,200,204.6,0.0394,0
189,200,201.5,0.0394,0
190,200,198.4,0.0394,0
191,200,195.3,0.0394,0
192,199,193.3,0.0393,0
193,199,192.7,0.0392,0
194,200,191.1,0.0394,0
195,200,188.1,0.0394,0
196,199,186.2,0.0395,0
197,200,184.8,0.0395,0
198,200,182.0,0.0395,0
199,200,179.3,0.0395,0
200,200,176.6,0.0395,0
201,200,173.9,0.0395,0
202,200,171.3,0.0395,0
203,199,169.5,0.0395,0
204,199,169.3,0.0409,0
205,199,169.1,0.0410,0
206,197,170.6,0.0413,0
207,199,173.4,0.0420,0
208,198,174.0,0.0422,0
209,199,175.3,0.0424,0
210,196,177.7,0.0436,0
211,199,181.9,0.0437,0
212,198,182.5,0.0436,0
213,198,184.5,0.0457,0
214,194,190.3,0.0472,0
215,197,198.9,0.0466,0
216,199,201.1,0.0475,0
217,196,203.5,0.0473,0
218,196,210.1,0.0488,0
219,195,217.7,0.0526,0
220,200,220.9,0.0525,0
221,198,219.8,0.0529,0
222,194,225.9,0.0534,0
223,199,231.2,0.0538,0
224,198,231.3,0.0541,0
225,196,235.0,0.0545,0
226,195,242.4,0.0542,0
227,195,251.0,0.0575,0
228,193,262.1,0.0568,0
229,199,267.1,0.0554,0
230,200,264.4,0.0553,0
231,198,263.2,0.0558,0
232,198,264.2,0.0555,0
233,198,265.1,0.0564,0
234,196,268.8,0.0561,0
235,197,273.1,0.0558,0
236,200,272.1,0.0558,0
237,200,268.2,0.0558,0
238,199,265.7,0.0556,0
239,200,262.9,0.0554,0
240,200,259.0,0.0554,0
241,200,255.2,0.0554,0
242,200,251.4,0.0554,0
243,200,247.7,0.0554,0
244,200,244.0,0.0554,0
245,200,240.3,0.0554,0
246,200,236.7,0.0554,0
247,200,233.0,0.0554,0
248,200,229.5,0.0554,0
249,200,225.9,0.0554,0
250,200,222.4,0.0554,0
251,200,219.0,0.0554,0
252,200,215.5,0.0554,0
253,200,212.1,0.0554,0
254,199,209.8,0.0556,0
255,200,207.8,0.0556,0
256,200,204.4,0.0556,0
257,200,201.1,0.0556,0
258,200,197.8,0.0556,0
259,200,194.5,0.0556,0
260,200,191.3,0.0556,0
261,199,189.0,0.0555,0
262,199,188.2,0.0555,0
263,200,186.5,0.0555,0
264,200,183.3,0.0555,0
265,200,180.2,0.0555,0
266,200,177.1,0.0555,0
267,200,174.1,0.0555,0
268,200,171.0,0.0555,0
269,200,168.0,0.0555,0
270,200,165.1,0.0555,0
271,200,162.1,0.0555,0
272,199,160.0,0.0556,0
273,200,158.7,0.0563,0
274,200,155.8,0.0563,0
275,200,152.9,0.0563,0
276,200,150.1,0.0563,0
277,200,147.3,0.0563,0
278,200,144.5,0.0563,0
279,200,141.7,0.0563,0
280,200,139.0,0.0563,0
281,199,137.0,0.0565,0
282,200,136.0,0.0563,0
283,200,133.3,0.0563,0
284,200,130.6,0.0563,0
285,200,127.9,0.0563,0
286,200,125.3,0.0563,0
287,198,124.0,0.0565,0
288,200,124.9,0.0561,0
289,200,122.2,0.0561,0
290,200,119.7,0.0561,0
291,200,117.1,0.0561,0
292,200,114.6,0.0561,0
293,200,112.1,0.0561,0
294,200,109.7,0.0561,0
295,200,107.3,0.0561,0
296,200,104.9,0.0561,0
297,199,103.0,0.0559,0
298,199,103.1,0.0560,0
299,200,102.5,0.0558,0
300,200,100.1,0.0558,0
301,200,97.7,0.0558,0
302,199,95.9,0.0559,0
303,198,96.4,0.0559,0
304,199,98.4,0.0560,0
305,198,98.9,0.0560,0
306,199,100.8,0.0558,0
307,196,102.4,0.0557,0
308,198,108.6,0.0561,0
309,197,111.4,0.0563,0
310,198,115.5,0.0564,0
311,197,118.3,0.0573,0
312,198,122.3,0.0570,0
313,198,124.5,0.0570,0
314,196,128.0,0.0556,0
315,192,137.8,0.0574,0
316,194,153.2,0.0573,0
317,194,164.7,0.0562,0
318,194,176.3,0.0561,0
319,195,186.9,0.0578,0
320,196,194.8,0.0590,0
321,198,199.2,0.0595,0
322,194,204.8,0.0616,0
323,197,212.8,0.0608,0
324,195,218.9,0.0613,0
325,193,229.9,0.0615,0
326,193,243.4,0.0620,0
327,199,249.1,0.0676,0
328,199,247.6,0.0677,0
329,200,245.0,0.0677,0
330,198,243.7,0.0682,0
331,198,244.7,0.0675,0
332,200,243.2,0.0694,0
333,198,241.9,0.0690,0
334,200,240.5,0.0695,0
335,200,236.9,0.0695,0
336,199,234.5,0.0698,0
337,200,232.1,0.0696,0
338,199,229.7,0.0694,0
339,199,228.6,0.0687,0
340,199,227.5,0.0684,0
341,200,225.2,0.0683,1
342,200,221.8,0.0683,0
343,199,219.4,0.0684,1
344,200,217.4,0.0687,0
345,199,215.2,0.0689,1
346,199,214.3,0.0692,0
347,199,213.5,0.0693,0
348,200,211.6,0.0690,1
349,198,210.6,0.0677,0
350,199,211.1,0.0673,1
351,198,211.4,0.0663,0
352,200,210.9,0.0693,1
353,200,207.8,0.0693,0
354,200,204.7,0.0693,1
355,198,203.7,0.0697,1
356,197,206.5,0.0684,0
357,199,208.4,0.0712,2
358,198,208.8,0.0708,0
359,200,208.3,0.0706,1
360,200,205.3,0.0706,1
361,197,205.3,0.0709,1
362,200,206.3,0.0735,1
363,199,204.3,0.0737,1
364,198,204.7,0.0737,0
365,198,206.4,0.0740,2
366,200,206.1,0.0738,0
367,197,205.8,0.0707,1
368,198,208.9,0.0696,1
369,198,210.6,0.0693,0
370,196,214.4,0.0693,1
371,197,219.7,0.0693,0
372,196,224.5,0.0696,1
373,197,229.7,0.0691,0
374,199,231.3,0.0757,0
375,200,229.2,0.0753,0
376,199,227.0,0.0756,0
377,200,224.9,0.0780,0
378,197,225.0,0.0782,0
379,196,229.9,0.0800,0
380,197,234.9,0.0813,0
381,198,237.4,0.0812,0
382,196,241.1,0.0813,0
383,198,244.6,0.0857,0
384,194,250.9,0.0859,0
385,199,255.2,0.0841,0
386,200,252.6,0.0839,0
387,197,252.7,0.0835,0
388,200,252.2,0.0828,0
389,200,248.5,0.0828,0
390,199,246.1,0.0831,0
391,199,244.7,0.0830,0
392,199,243.4,0.0829,0
393,197,244.6,0.0831,0
394,197,248.1,0.0829,0
395,199,249.0,0.0839,0
396,200,246.3,0.0835,0
397,199,243.7,0.0839,0
398,199,242.3,0.0839,0
399,199,240.9,0.0842,0
400,200,238.4,0.0839,0
401,200,234.7,0.0839,0
402,199,232.2,0.0842,0
403,200,229.8,0.0839,0
404,200,226.2,0.0839,0
405,200,222.6,0.0839,0
406,200,219.1,0.0839,0
407,200,215.5,0.0839,0
408,200,212.0,0.0839,0
409,200,208.6,0.0839,0
410,199,206.2,0.0841,0
411,200,204.1,0.0838,0
412,200,200.7,0.0838,0
413,200,197.4,0.0838,0
414,200,194.0,0.0838,0
415,200,190.7,0.0838,0
416,200,187.5,0.0838,0
417,199,185.2,0.0838,0
418,200,183.4,0.0839,0
419,200,180.2,0.0839,0
420,200,177.0,0.0839,1
421,200,173.9,0.0839,0
422,200,170.7,0.0839,1
423,200,167.7,0.0839,0
424,200,164.6,0.0839,1
425,200,161.6,0.0839,0
426,200,158.5,0.0839,1
427,200,155.5,0.0839,1
428,200,152.4,0.0839,1
429,200,149.4,0.0839,2
430,200,146.5,0.0839,0
431,199,144.2,0.0840,2
432,199,143.8,0.0833,0
433,199,143.2,0.0837,2
434,200,142.0,0.0838,1
435,200,139.2,0.0838,1
436,200,136.4,0.0838,1
437,199,134.4,0.0842,1
438,198,134.5,0.0820,1
439,200,135.2,0.0823,0
440,200,132.5,0.0823,1
441,200,129.8,0.0823,0
442,198,128.2,0.0794,1
443,200,129.1,0.0790,0
444,199,126.9,0.0793,1
445,199,126.7,0.0793,0
446,198,126.9,0.0814,1
447,199,128.2,0.0811,1
448,198,128.4,0.0813,1
449,199,129.8,0.0810,1
450,200,128.8,0.0811,1
451,198,127.3,0.0815,1
452,198,129.1,0.0742,1
453,200,130.0,0.0736,0
454,200,127.4,0.0736,0
455,200,124.9,0.0736,0
456,199,123.0,0.0736,0
457,198,123.4,0.0738,0
458,199,125.1,0.0736,0
459,195,127.5,0.0739,0
460,198,134.9,0.0730,0
461,198,137.1,0.0715,0
462,197,140.0,0.0717,0
463,199,143.0,0.0710,0
464,198,143.5,0.0686,0
465,200,144.1,0.0682,0
466,199,142.2,0.0684,0
467,195,144.9,0.0690,1
468,197,152.7,0.0675,0
469,199,155.6,0.0669,1
470,197,156.9,0.0676,1
471,196,162.1,0.0674,1
472,197,168.0,0.0657,0
473,199,170.6,0.0654,2
474,199,170.1,0.0653,0
475,198,170.2,0.0624,2
476,199,171.2,0.0623,0
477,192,177.0,0.0621,1
478,195,190.6,0.0650,0
479,198,196.7,0.0648,1
480,197,199.3,0.0649,1
481,197,203.4,0.0646,1
482,195,209.5,0.0628,1
483,200,212.8,0.0637,1
484,199,210.6,0.0640,1
485,198,210.8,0.0636,2
486,197,213.3,0.0622,0
487,195,219.5,0.0621,3
488,197,225.9,0.0613,0
489,199,227.4,0.0611,2
490,198,227.6,0.0610,1
491,198,228.8,0.0606,3
492,197,231.3,0.0603,0
493,199,232.7,0.0599,1
494,199,231.4,0.0575,1
495,197,232.4,0.0549,1
496,200,232.7,0.0544,0
497,200,229.3,0.0544,1
498,200,225.9,0.0544,0
499,200,222.6,0.0544,1
500,199,220.4,0.0546,0
501,199,219.5,0.0541,1
502,199,218.6,0.0542,0
503,199,217.7,0.0537,0
504,199,216.9,0.0534,1
505,198,217.1,0.0515,0
506,198,218.7,0.0510,1
507,198,220.2,0.0508,0
508,200,219.5,0.0510,1
509,198,218.5,0.0511,0
510,200,217.8,0.0530,1
511,198,216.9,0.0534,0
512,200,216.3,0.0530,1
513,198,215.3,0.0531,0
514,197,218.0,0.0563,1
515,199,219.8,0.0570,0
516,199,219.0,0.0567,1
517,197,220.4,0.0572,0
518,196,225.5,0.0577,1
519,200,227.3,0.0593,0
520,197,227.5,0.0588,1
521,198,230.3,0.0584,0
522,200,229.4,0.0580,1
523,199,227.3,0.0580,0
524,199,226.4,0.0580,1
525,199,225.5,0.0571,0
526,198,225.7,0.0570,1
527,200,224.9,0.0567,0
528,197,225.0,0.0560,0
529,200,225.5,0.0558,1
530,199,223.3,0.0560,1
531,199,222.4,0.0577,1
532,198,222.6,0.0579,0
533,197,225.2,0.0581,1
534,200,225.6,0.0576,0
535,198,224.6,0.0580,1
536,196,228.3,0.0577,0
537,199,230.9,0.0578,1
538,199,229.9,0.0580,0
539,198,229.8,0.0546,1
540,198,231.1,0.0549,0
541,198,232.4,0.0550,0
542,198,233.8,0.0557,0
543,197,236.2,0.0563,0
544,199,237.5,0.0560,0
545,197,238.7,0.0564,0
546,198,241.1,0.0562,0
547,200,239.8,0.0557,0
548,199,237.5,0.0557,0
549,200,235.1,0.0555,0
550,199,232.7,0.0554,0
551,199,231.5,0.0554,0
552,200,229.2,0.0552,0
553,199,226.8,0.0551,0
554,199,225.7,0.0548,0
555,199,224.6,0.0548,0
556,200,222.3,0.0546,0
557,199,220.0,0.0548,0
558,198,220.0,0.0547,0
559,200,219.2,0.0545,0
560,200,215.8,0.0545,0
561,200,212.4,0.0545,0
562,200,209.0,0.0545,0
563,200,205.7,0.0545,0
564,200,202.4,0.0545,0
565,200,199.2,0.0545,0
566,200,195.9,0.0545,0
567,200,192.7,0.0545,0
568,200,189.5,0.0545,0
569,200,186.4,0.0545,0
570,200,183.3,0.0545,0
571,200,180.2,0.0545,0
572,199,178.0,0.0548,0
573,200,176.4,0.0546,0
574,200,173.4,0.0546,0
575,199,171.2,0.0544,0
576,200,169.7,0.0543,0
577,200,166.8,0.0543,0
578,200,163.8,0.0543,0
579,200,160.9,0.0543,0
580,199,158.8,0.0542,0
581,200,157.5,0.0542,0
582,200,154.6,0.0542,0
583,200,151.8,0.0542,0
584,200,149.0,0.0542,0
585,200,146.2,0.0542,0
586,199,144.2,0.0540,0
587,199,143.8,0.0551,0
588,200,142.7,0.0550,0
589,197,142.2,0.0532,0
590,200,144.4,0.0535,0
591,200,141.7,0.0535,0
592,199,139.7,0.0537,0
593,199,139.3,0.0531,0
594,200,138.3,0.0535,0
595,199,136.3,0.0538,1
596,198,136.7,0.0538,0
597,200,137.4,0.0573,0
598,200,134.7,0.0573,1
599,198,133.4,0.0577,1
600,198,135.5,0.0573,1
601,200,136.2,0.0571,1
602,198,134.9,0.0575,1
603,198,137.0,0.0574,1
604,198,139.0,0.0573,1
605,200,139.7,0.0568,1
606,199,137.7,0.0569,1
607,199,137.4,0.0575,0
608,199,137.1,0.0575,1
609,199,136.8,0.0575,0
610,199,136.5,0.0576,1
611,199,136.3,0.0577,0
612,199,136.0,0.0576,1
613,200,135.1,0.0575,0
614,199,133.1,0.0577,0
615,196,135.0,0.0583,1
616,200,139.1,0.0576,0
617,198,137.8,0.0580,1
618,197,140.7,0.0587,0
619,198,144.5,0.0580,1
620,198,146.6,0.0587,0
621,199,147.9,0.0586,1
622,197,149.1,0.0591,0
623,198,152.7,0.0576,1
624,197,155.5,0.0572,0
625,198,159.0,0.0570,0
626,199,160.1,0.0574,1
627,198,160.5,0.0577,0
628,197,163.3,0.0579,1
629,198,166.8,0.0576,0
630,198,168.6,0.0577,1
631,194,174.0,0.0585,0
632,199,180.9,0.0576,1
633,197,182.1,0.0582,0
634,198,185.4,0.0580,1
635,195,190.0,0.0589,0
636,199,195.0,0.0571,1
637,198,195.2,0.0573,1
638,198,196.9,0.0571,1
639,197,199.6,0.0571,1
640,199,201.6,0.0568,1
641,199,200.8,0.0568,1
642,198,201.0,0.0568,2
643,199,201.6,0.0566,1
644,196,203.9,0.0563,2
645,198,208.3,0.0560,0
646,198,209.6,0.0535,2
647,199,210.1,0.0538,1
648,197,211.4,0.0541,1
649,198,214.3,0.0544,1
650,200,213.6,0.0542,1
651,197,213.7,0.0546,1
652,198,216.5,0.0546,1
653,199,216.9,0.0544,0
654,197,217.9,0.0521,2
655,195,224.1,0.0526,0
656,198,229.3,0.0533,1
657,197,231.8,0.0535,0
658,200,232.0,0.0533,1
659,198,230.9,0.0533,0
660,200,229.9,0.0529,1
661,198,228.8,0.0528,1
662,200,227.8,0.0534,1
663,200,224.4,0.0534,1
664,200,221.1,0.0534,0
665,198,219.9,0.0538,2
666,200,219.2,0.0535,0
667,200,215.9,0.0535,1
668,199,213.6,0.0537,1
669,200,211.7,0.0537,1
670,196,212.8,0.0520,1
671,197,217.7,0.0474,1
672,198,220.5,0.0476,1
673,200,219.7,0.0475,0
674,198,218.6,0.0477,1
675,198,220.1,0.0476,0
676,199,220.1,0.0441,1
677,198,220.3,0.0434,0
678,199,220.6,0.0433,0
679,198,220.8,0.0435,0
680,198,222.2,0.0440,0
681,197,224.8,0.0449,0
682,196,229.8,0.0445,0
683,198,233.7,0.0452,0
684,200,232.6,0.0449,0
685,200,229.2,0.0449,0
686,200,225.8,0.0449,0
687,199,223.5,0.0445,0
688,199,222.5,0.0446,0
689,198,222.7,0.0446,0
690,197,225.2,0.0432,0
691,198,227.9,0.0431,0
692,198,229.2,0.0424,0
693,198,230.6,0.0423,0
694,199,230.8,0.0423,0
695,198,230.9,0.0430,0
696,200,230.0,0.0427,0
697,200,226.7,0.0427,0
698,199,224.5,0.0428,0
699,200,222.4,0.0428,0
700,196,223.6,0.0433,0
701,199,226.4,0.0434,0
702,199,225.5,0.0435,0
703,199,224.5,0.0436,0
704,200,222.4,0.0436,0
705,198,221.3,0.0438,0
706,199,221.6,0.0440,0
707,199,220.6,0.0442,0
708,198,220.7,0.0446,1
709,199,221.0,0.0444,0
710,199,220.0,0.0444,1
711,200,217.9,0.0443,0
712,200,214.5,0.0443,1
713,197,214.4,0.0443,0
714,198,216.8,0.0404,1
715,200,216.1,0.0402,0
716,198,214.9,0.0403,0
717,200,214.2,0.0403,0
718,200,210.8,0.0403,0
719,200,207.6,0.0403,0
720,199,205.4,0.0404,0
721,200,203.5,0.0403,0
722,200,200.4,0.0403,0
723,199,198.2,0.0404,0
724,199,197.4,0.0394,0
725,200,195.7,0.0392,0
726,200,192.6,0.0392,0
727,200,189.5,0.0392,0
728,199,187.4,0.0387,0
729,200,185.8,0.0386,0
730,200,182.8,0.0386,0
731,199,180.7,0.0386,0
732,200,179.1,0.0386,0
733,200,176.2,0.0386,0
734,199,174.1,0.0385,0
735,200,172.7,0.0385,0
736,200,169.8,0.0385,0
737,200,166.9,0.0385,0
738,200,164.0,0.0385,0
739,199,162.0,0.0385,0
740,200,160.8,0.0384,0
741,199,158.8,0.0385,0
742,200,157.5,0.0386,0
743,200,154.8,0.0386,0
744,199,152.8,0.0382,0
745,200,151.7,0.0381,0
746,200,148.9,0.0381,0
747,200,146.2,0.0381,0
748,199,144.3,0.0381,0
749,200,143.3,0.0380,0
750,198,142.1,0.0381,0
751,200,142.8,0.0379,0
752,200,140.1,0.0379,0
753,199,138.2,0.0378,0
754,200,137.3,0.0376,0
755,197,136.8,0.0378,0
756,199,140.0,0.0383,0
757,197,141.1,0.0386,0
758,198,145.0,0.0386,0
759,199,146.3,0.0388,0
760,199,146.0,0.0387,0
761,199,145.7,0.0385,0
762,197,146.9,0.0382,0
763,200,149.1,0.0379,0
764,199,147.2,0.0380,0
765,196,149.2,0.0384,0
766,200,152.9,0.0383,0
767,199,151.0,0.0383,0
768,200,149.9,0.0382,0
769,199,148.0,0.0383,0
770,198,148.4,0.0389,0
771,200,149.0,0.0389,0
772,197,148.6,0.0385,0
773,199,151.5,0.0383,0
774,198,152.0,0.0384,0
775,200,152.4,0.0386,0
776,200,149.7,0.0386,0
777,199,147.7,0.0387,0
778,198,148.2,0.0394,0
779,196,151.8,0.0398,0
780,197,157.9,0.0395,0
781,200,159.8,0.0397,0
782,197,159.4,0.0399,0
783,198,162.9,0.0394,0
784,198,164.8,0.0389,0
785,197,167.6,0.0390,0
786,196,172.7,0.0395,0
787,199,176.6,0.0394,0
788,198,176.9,0.0392,0
789,198,178.7,0.0398,0
790,199,179.6,0.0397,0
791,199,179.0,0.0396,0
792,198,179.3,0.0395,0
793,197,182.0,0.0397,0
794,199,184.3,0.0395,0
795,195,187.4,0.0397,0
796,198,193.4,0.0399,0
797,198,195.0,0.0397,0
798,200,194.7,0.0399,0
799,198,193.5,0.0398,0
800,199,194.2,0.0397,0
801,198,194.4,0.0397,0
802,198,196.1,0.0397,0
803,196,199.7,0.0394,0
804,197,205.2,0.0395,0
805,198,208.1,0.0404,0
806,199,208.7,0.0402,0
807,197,210.0,0.0401,0
808,199,211.8,0.0393,0
809,199,210.9,0.0387,0
810,199,210.1,0.0387,0
811,199,209.2,0.0391,0
812,198,209.4,0.0390,0
813,198,211.0,0.0400,0
814,200,210.4,0.0402,0
815,197,210.3,0.0396,0
816,196,215.4,0.0393,0
817,199,218.3,0.0392,0
818,199,217.4,0.0392,0
819,199,216.5,0.0391,0
820,198,216.7,0.0391,0
821,197,219.3,0.0393,0
822,199,221.0,0.0394,0
823,197,222.3,0.0387,0
824,197,226.2,0.0378,0
825,199,227.8,0.0382,0
826,199,226.8,0.0383,0
827,197,228.2,0.0387,0
828,199,229.7,0.0384,0
829,200,227.5,0.0383,0
830,199,225.4,0.0383,0
831,198,225.6,0.0382,0
832,199,225.9,0.0389,0
833,199,224.9,0.0388,0
834,198,225.1,0.0386,0
835,198,226.5,0.0387,0
836,199,226.8,0.0386,0
837,200,224.7,0.0385,0
838,199,222.5,0.0386,0
839,199,221.6,0.0386,0
840,199,220.7,0.0389,0
841,199,219.8,0.0389,0
842,199,218.9,0.0387,0
843,199,218.0,0.0387,0
844,195,221.5,0.0382,0
845,198,226.7,0.0387,0
846,200,225.9,0.0386,0
847,196,227.1,0.0388,0
848,199,229.7,0.0388,0
849,200,227.5,0.0386,0
850,199,225.2,0.0388,0
851,200,223.0,0.0386,0
852,195,225.2,0.0388,0
853,198,230.3,0.0381,0
854,198,231.6,0.0382,0
855,200,230.5,0.0381,0
856,200,227.1,0.0381,0
857,199,224.8,0.0381,0
858,200,222.6,0.0381,0
859,200,219.2,0.0381,0
860,197,219.2,0.0383,0
861,200,219.6,0.0382,0
862,200,216.3,0.0382,0
863,200,213.0,0.0382,0
864,196,214.0,0.0375,0
865,199,217.0,0.0384,0
866,197,218.2,0.0385,0
867,200,218.6,0.0381,0
868,199,216.3,0.0381,0
869,200,214.3,0.0380,0
870,197,214.2,0.0376,0
871,198,216.9,0.0377,0
872,199,217.1,0.0384,0
873,199,216.1,0.0386,0
874,200,214.0,0.0384,0
875,200,210.6,0.0384,0
876,198,209.3,0.0386,0
877,200,208.5,0.0389,0
878,200,205.2,0.0389,0
879,200,201.8,0.0389,0
880,200,198.5,0.0389,0
881,200,195.3,0.0389,0
882,199,193.1,0.0390,0
883,200,191.3,0.0390,0
884,199,189.1,0.0389,0
885,199,188.3,0.0394,0
886,200,186.5,0.0392,0
887,200,183.4,0.0392,0
888,200,180.3,0.0392,0
889,200,177.2,0.0392,0
890,200,174.2,0.0392,0
891,199,172.0,0.0394,0
892,199,171.4,0.0393,0
893,200,169.9,0.0391,0
894,200,166.9,0.0391,0
895,199,164.7,0.0392,0
896,200,163.3,0.0391,0
897,200,160.4,0.0391,0
898,200,157.5,0.0391,0
899,200,154.7,0.0391,0
900,200,151.8,0.0391,0
901,199,149.8,0.0392,0
902,198,150.1,0.0395,0
903,200,150.5,0.0392,0
904,199,148.5,0.0394,0
905,199,148.0,0.0393,0
906,199,147.6,0.0398,0
907,200,146.5,0.0398,0
908,200,143.8,0.0398,0
909,200,141.1,0.0398,0
910,198,139.8,0.0401,0
911,199,141.2,0.0399,0
912,198,141.6,0.0401,0
913,196,145.2,0.0407,0
914,200,149.1,0.0405,0
915,200,146.4,0.0405,0
916,200,143.7,0.0405,0
917,200,141.0,0.0405,0
918,198,139.8,0.0408,0
919,197,142.6,0.0406,0
920,199,145.6,0.0398,0
921,199,145.3,0.0397,0
922,199,145.0,0.0397,0
923,199,144.7,0.0398,0
924,199,144.4,0.0399,0
925,199,144.1,0.0407,0
926,198,144.6,0.0408,0
927,197,147.4,0.0412,0
928,200,149.7,0.0412,0
929,197,149.2,0.0412,0
930,199,152.1,0.0416,0
931,198,152.5,0.0410,0
932,198,154.6,0.0418,0
933,196,158.2,0.0417,0
934,198,163.4,0.0408,0
935,200,163.7,0.0407,0
936,198,162.5,0.0403,0
937,200,162.8,0.0403,0
938,199,160.9,0.0405,0
939,199,160.5,0.0404,0
940,197,161.7,0.0406,0
941,199,164.4,0.0408,0
942,199,164.0,0.0410,0
943,197,165.3,0.0414,0
944,198,168.8,0.0417,0
945,196,172.5,0.0413,0
946,199,176.6,0.0414,0
947,197,177.9,0.0412,0
948,199,180.3,0.0415,0
949,198,180.7,0.0417,0
950,200,180.8,0.0417,0
951,198,179.7,0.0415,0
952,198,181.6,0.0414,0
953,196,185.4,0.0419,0
954,199,189.2,0.0415,0
955,200,187.7,0.0415,0
956,198,186.7,0.0409,0
957,198,188.5,0.0402,0
958,196,192.3,0.0397,0
959,198,197.0,0.0396,0
960,200,196.7,0.0395,0
961,198,195.7,0.0396,0
962,198,197.5,0.0388,0
963,191,206.6,0.0393,0
964,200,215.5,0.0401,0
965,198,214.5,0.0404,0
966,199,215.1,0.0404,0
967,199,214.3,0.0406,0
968,199,213.6,0.0407,0
969,200,211.8,0.0405,0
970,197,211.9,0.0405,0
971,200,212.7,0.0416,0
972,198,211.8,0.0414,0
973,199,212.4,0.0411,0
974,198,212.7,0.0413,0
975,197,215.5,0.0413,0
976,198,218.4,0.0415,0
977,199,218.9,0.0413,0
978,198,219.2,0.0409,0
979,200,218.6,0.0406,0
980,199,216.6,0.0405,0
981,200,214.8,0.0403,0
982,198,213.8,0.0404,0
983,195,218.8,0.0404,0
984,196,226.6,0.0421,0
985,199,229.5,0.0422,0
986,200,227.6,0.0420,0
987,199,225.6,0.0413,0
988,199,224.8,0.0412,0
989,196,227.5,0.0411,0
990,198,231.7,0.0421,0
991,199,232.1,0.0418,0
992,198,232.4,0.0418,0
993,198,233.9,0.0427,0
994,197,236.7,0.0432,0
995,197,240.6,0.0431,0
996,198,243.2,0.0436,0
997,199,243.5,0.0439,0
998,199,242.5,0.0435,0
999,199,241.5,0.0435,0
1000,199,240.6,0.0433,0
1001,199,239.6,0.0433,0
1002,200,237.5,0.0431,0
1003,199,235.4,0.0433,0
1004,200,233.3,0.0431,0
1005,197,233.6,0.0431,0
1006,196,238.7,0.0433,0
1007,198,242.4,0.0431,0
1008,200,241.4,0.0431,0
1009,200,238.0,0.0431,0
1010,200,234.7,0.0431,0
1011,197,234.9,0.0431,0
1012,196,240.0,0.0431,0
1013,199,242.5,0.0432,0
1014,199,241.5,0.0433,0
1015,200,239.3,0.0432,0
1016,200,235.9,0.0432,0
1017,200,232.5,0.0432,0
1018,200,229.2,0.0432,0
1019,199,227.0,0.0433,0
1020,200,225.0,0.0434,0
1021,199,222.8,0.0435,0
1022,199,221.9,0.0435,0
1023,200,219.9,0.0435,0
1024,199,217.8,0.0436,0
1025,199,216.9,0.0435,0
1026,198,217.1,0.0432,0
1027,200,216.4,0.0439,0
1028,200,213.2,0.0439,0
1029,199,211.1,0.0441,0
1030,199,210.2,0.0441,0
1031,199,209.4,0.0440,0
1032,200,207.6,0.0440,0
1033,200,204.4,0.0440,0
1034,199,202.3,0.0440,0
1035,199,201.5,0.0434,0
1036,200,199.7,0.0435,0
1037,200,196.6,0.0435,0
1038,200,193.5,0.0435,0
1039,200,190.5,0.0435,0
1040,200,187.5,0.0435,0
1041,200,184.4,0.0435,0
1042,198,183.3,0.0438,0
1043,200,183.2,0.0442,0
1044,200,180.2,0.0442,0
1045,200,177.3,0.0442,0
1046,199,175.2,0.0442,0
1047,200,173.8,0.0444,0
1048,200,170.9,0.0444,0
1049,200,168.0,0.0444,0
1050,199,166.0,0.0444,0
1051,200,164.7,0.0443,0
1052,199,162.6,0.0445,0
1053,200,161.4,0.0444,0
1054,200,158.6,0.0444,0
1055,199,156.6,0.0439,0
1056,199,156.2,0.0439,0
1057,200,155.0,0.0440,0
1058,200,152.2,0.0440,0
1059,198,150.9,0.0438,0
1060,199,152.1,0.0431,0
1061,199,151.7,0.0433,0
1062,199,151.3,0.0433,0
1063,199,150.9,0.0434,0
1064,199,150.5,0.0433,0
1065,200,149.3,0.0436,0
1066,199,147.3,0.0438,0
1067,197,148.4,0.0440,0
1068,199,151.2,0.0443,0
1069,200,150.1,0.0441,0
1070,199,148.1,0.0441,0
1071,197,149.2,0.0444,0
1072,200,151.3,0.0447,0
1073,200,148.5,0.0447,0
1074,199,146.5,0.0449,0
1075,200,145.4,0.0448,0
1076,198,144.1,0.0450,0
1077,199,145.4,0.0452,0
1078,200,144.4,0.0450,0
1079,200,141.7,0.0450,0
1080,198,140.4,0.0453,0
1081,200,141.1,0.0451,0
1082,199,139.2,0.0451,0
1083,199,138.9,0.0450,0
1084,198,139.3,0.0440,0
1085,198,141.4,0.0442,0
1086,199,142.8,0.0443,0
1087,199,142.6,0.0444,0
1088,196,144.5,0.0443,0
1089,198,149.9,0.0441,0
1090,197,152.7,0.0444,0
1091,199,155.6,0.0450,0
1092,199,155.2,0.0443,0
1093,199,154.8,0.0443,0
1094,197,156.1,0.0453,0
1095,197,160.6,0.0459,0
1096,199,163.3,0.0459,0
1097,196,165.4,0.0467,0
1098,197,171.3,0.0463,0
1099,196,176.5,0.0465,0
1100,200,179.5,0.0469,0
1101,200,176.6,0.0469,0
1102,199,174.5,0.0471,0
1103,197,175.7,0.0473,0
1104,198,179.0,0.0476,0
1105,197,181.8,0.0479,0
1106,199,184.1,0.0482,0
1107,200,182.6,0.0482,0
1108,199,180.6,0.0479,0
1109,199,180.1,0.0479,0
1110,199,179.6,0.0479,0
1111,199,179.1,0.0479,0
1112,200,177.7,0.0482,0
1113,195,179.4,0.0479,0
1114,198,185.8,0.0481,0
1115,199,186.7,0.0481,0
1116,196,189.0,0.0486,0
1117,197,194.7,0.0493,0
1118,198,197.9,0.0507,0
1119,199,198.6,0.0508,0
1120,196,201.0,0.0511,0
1121,199,204.5,0.0523,0
1122,197,205.8,0.0527,0
1123,197,210.0,0.0529,0
1124,197,214.0,0.0529,0
1125,200,214.8,0.0530,0
1126,196,215.9,0.0535,0
1127,199,219.0,0.0530,0
1128,198,219.3,0.0525,0
1129,198,220.7,0.0524,0
1130,200,220.0,0.0523,0
1131,197,220.1,0.0519,0
1132,200,220.7,0.0516,0
1133,198,219.6,0.0513,0
1134,199,220.1,0.0504,0
1135,197,221.5,0.0504,0
1136,199,223.2,0.0509,0
1137,200,221.3,0.0508,0
1138,198,220.4,0.0510,0
1139,198,222.0,0.0506,0
1140,197,224.8,0.0508,0
1141,197,228.8,0.0505,0
1142,199,230.4,0.0525,0
1143,200,228.4,0.0525,0
1144,200,225.2,0.0525,0
1145,194,228.9,0.0528,0
1146,200,233.0,0.0522,0
1147,199,230.9,0.0523,0
1148,200,228.9,0.0522,0
1149,199,226.8,0.0523,0
1150,197,228.2,0.0526,0
1151,200,228.7,0.0523,0
1152,200,225.5,0.0523,0
1153,199,223.4,0.0525,0
1154,195,227.1,0.0527,0
1155,199,231.2,0.0529,0
1156,199,230.2,0.0525,0
1157,195,234.0,0.0521,0
1158,198,239.0,0.0527,0
1159,198,240.2,0.0527,0
1160,200,239.1,0.0524,0
1161,199,236.8,0.0526,0
1162,199,235.7,0.0530,0
1163,197,237.0,0.0536,0
1164,199,238.3,0.0535,0
1165,197,239.7,0.0526,0
1166,199,241.0,0.0517,0
1167,198,241.2,0.0518,0
1168,198,242.5,0.0520,0
1169,198,243.8,0.0525,0
1170,199,243.9,0.0525,0
1171,199,242.8,0.0527,0
1172,199,241.7,0.0526,0
1173,200,239.4,0.0526,0
1174,200,235.9,0.0526,0
1175,199,233.7,0.0525,0
1176,199,232.7,0.0526,0
1177,199,231.6,0.0526,0
1178,199,230.6,0.0531,0
1179,200,228.4,0.0530,0
1180,199,226.1,0.0532,0
1181,200,224.0,0.0530,0
1182,200,220.6,0.0530,0
1183,200,217.3,0.0530,0
1184,198,216.2,0.0523,0
1185,200,215.4,0.0531,0
1186,198,214.3,0.0535,0
1187,200,213.6,0.0533,0
1188,200,210.3,0.0533,0
1189,200,207.0,0.0533,0
1190,200,203.8,0.0533,0
1191,199,201.6,0.0534,0
1192,200,199.7,0.0534,0
1193,200,196.6,0.0534,0
1194,199,194.4,0.0535,0
1195,200,192.7,0.0532,0
1196,200,189.6,0.0532,0
1197,200,186.6,0.0532,0
1198,199,184.5,0.0532,0
1199,200,182.9,0.0530,0
1200,200,179.9,0.0530,0
1201,199,177.8,0.0532,0
1202,199,177.2,0.0532,0
1203,199,176.6,0.0525,0
1204,200,175.1,0.0523,0
1205,200,172.2,0.0523,0
1206,198,171.0,0.0520,0
1207,200,171.1,0.0521,0
1208,200,168.2,0.0521,0
1209,200,165.3,0.0521,0
1210,200,162.5,0.0521,0
1211,200,159.6,0.0521,0
1212,199,157.6,0.0520,0
1213,200,156.4,0.0519,0
1214,198,155.2,0.0521,0
1215,199,156.4,0.0521,0
1216,198,156.7,0.0528,0
1217,197,159.5,0.0528,0
1218,199,162.2,0.0548,0
1219,199,161.7,0.0552,0
1220,200,160.4,0.0555,0
1221,199,158.3,0.0556,0
1222,200,157.1,0.0554,0
1223,200,154.3,0.0554,0
1224,198,153.1,0.0556,0
1225,198,155.0,0.0561,0
1226,200,155.4,0.0563,0
1227,199,153.3,0.0563,0
1228,200,152.1,0.0561,0
1229,199,150.0,0.0563,0
1230,199,149.6,0.0567,0
1231,199,149.2,0.0567,0
1232,199,148.8,0.0563,0
1233,200,147.6,0.0563,0
1234,200,144.9,0.0563,0
1235,199,142.8,0.0565,0
1236,199,142.5,0.0562,0
1237,200,141.5,0.0561,0
1238,199,139.5,0.0563,0
1239,199,139.2,0.0561,0
1240,198,139.6,0.0559,0
1241,198,141.7,0.0559,0
1242,199,143.1,0.0561,0
1243,200,142.1,0.0559,0
1244,200,139.4,0.0559,0
1245,198,138.2,0.0559,0
1246,195,142.5,0.0557,0
1247,200,148.1,0.0554,0
1248,198,146.9,0.0556,0
1249,198,148.9,0.0561,0
1250,198,150.9,0.0579,0
1251,200,151.5,0.0575,0
1252,198,150.3,0.0575,0
1253,196,153.9,0.0574,0
1254,200,157.5,0.0607,0
1255,196,157.9,0.0610,0
1256,196,164.6,0.0601,0
1257,196,171.4,0.0600,0
1258,199,175.3,0.0596,0
1259,198,175.6,0.0591,0
1260,198,177.4,0.0595,0
1261,197,180.1,0.0594,0
1262,200,181.6,0.0599,0
1263,196,182.3,0.0569,0
1264,198,187.1,0.0571,0
1265,199,187.9,0.0571,0
1266,198,188.2,0.0576,0
1267,200,188.1,0.0580,0
1268,197,188.0,0.0575,0
1269,199,190.2,0.0572,0
1270,199,189.6,0.0572,0
1271,197,190.9,0.0574,0
1272,200,192.2,0.0574,0
1273,198,191.1,0.0576,0
1274,199,191.9,0.0572,0
1275,199,191.3,0.0570,0
1276,199,190.7,0.0568,0
1277,198,191.1,0.0568,0
1278,199,191.9,0.0568,0
1279,195,195.3,0.0571,0
1280,199,200.2,0.0566,0
1281,198,200.6,0.0566,0
1282,199,201.2,0.0568,0
1283,195,204.7,0.0556,0
1284,199,209.4,0.0555,0
1285,197,210.7,0.0555,0
1286,197,214.8,0.0557,0
1287,198,217.7,0.0552,0
1288,199,218.2,0.0552,0
1289,200,216.3,0.0550,0
1290,199,214.2,0.0551,0
1291,195,217.8,0.0549,0
1292,199,222.2,0.0561,0
1293,199,221.4,0.0558,0
1294,196,224.0,0.0560,0
1295,199,227.0,0.0569,0
1296,197,228.5,0.0569,0
1297,200,228.9,0.0569,0
1298,199,226.8,0.0571,0
1299,200,224.8,0.0572,0
1300,199,222.7,0.0572,0
1301,198,222.9,0.0573,0
1302,199,223.3,0.0572,0
1303,197,224.7,0.0572,0
1304,196,229.8,0.0578,0
1305,199,232.6,0.0575,0
1306,198,232.8,0.0575,0
1307,198,234.1,0.0574,0
1308,198,235.5,0.0573,0
1309,200,234.5,0.0568,0
1310,199,232.3,0.0570,0
1311,199,231.2,0.0575,0
1312,199,230.2,0.0580,0
1313,198,230.4,0.0588,0
1314,199,230.6,0.0595,0
1315,198,230.8,0.0596,0
1316,198,232.1,0.0599,0
1317,200,231.1,0.0600,0
1318,198,230.0,0.0602,0
1319,198,231.4,0.0603,0
1320,200,230.4,0.0604,0
1321,199,228.1,0.0606,0
1322,198,228.3,0.0605,0
1323,199,228.5,0.0605,0
1324,197,229.6,0.0606,0
1325,200,229.9,0.0601,0
1326,200,226.5,0.0601,0
1327,200,223.1,0.0601,0
1328,199,220.9,0.0604,0
1329,198,221.0,0.0597,0
1330,198,222.4,0.0602,0
1331,198,223.8,0.0603,0
1332,200,222.9,0.0600,0
1333,200,219.5,0.0600,0
1334,198,218.3,0.0603,0
1335,200,217.6,0.0599,0
1336,198,216.5,0.0604,0
1337,199,216.8,0.0602,0
1338,199,215.9,0.0606,0
1339,200,213.8,0.0610,0
1340,199,211.6,0.0606,1
1341,200,209.7,0.0603,0
1342,199,207.2,0.0581,1
1343,200,205.4,0.0579,0
1344,199,203.2,0.0579,0
1345,200,201.4,0.0578,0
1346,200,198.3,0.0578,0
1347,199,196.1,0.0575,0
1348,199,195.4,0.0575,0
1349,197,196.7,0.0575,0
1350,200,197.6,0.0589,0
1351,199,195.5,0.0592,1
1352,200,193.8,0.0589,1
1353,200,190.7,0.0589,1
1354,199,188.6,0.0591,1
1355,200,187.0,0.0594,1
1356,200,184.0,0.0594,1
1357,199,181.6,0.0571,1
1358,200,180.1,0.0569,0
1359,199,178.0,0.0571,0
1360,199,177.4,0.0571,0
1361,199,176.8,0.0570,0
1362,199,176.2,0.0574,0
1363,199,175.6,0.0573,1
1364,199,175.0,0.0572,0
1365,198,175.0,0.0535,1
1366,199,175.9,0.0535,0
1367,200,174.4,0.0539,0
1368,200,171.5,0.0539,0
1369,200,168.6,0.0539,0
1370,200,165.7,0.0539,0
1371,199,163.6,0.0535,0
1372,197,164.8,0.0531,0
1373,200,166.6,0.0531,0
1374,200,163.7,0.0531,0
1375,199,161.7,0.0530,0
1376,199,161.2,0.0531,0
1377,199,160.7,0.0526,0
1378,200,159.5,0.0526,0
1379,200,156.6,0.0526,0
1380,198,155.4,0.0524,0
1381,198,157.4,0.0524,0
1382,198,159.4,0.0530,0
1383,199,160.5,0.0536,0
1384,200,159.2,0.0535,0
1385,199,157.2,0.0536,0
1386,198,157.6,0.0531,0
1387,200,158.0,0.0538,0
1388,200,155.2,0.0538,0
1389,199,153.2,0.0540,0
1390,199,152.8,0.0539,0
1391,198,153.2,0.0546,0
1392,199,154.4,0.0549,0
1393,200,153.3,0.0547,0
1394,200,150.6,0.0547,0
1395,196,150.9,0.0547,0
1396,200,154.6,0.0547,0
1397,200,151.9,0.0547,0
1398,199,150.0,0.0547,0
1399,199,149.7,0.0553,0
1400,198,150.1,0.0548,0
1401,199,151.5,0.0545,0
1402,200,150.4,0.0544,0
1403,198,149.2,0.0543,0
1404,200,149.8,0.0548,0
1405,198,148.7,0.0549,0
1406,199,150.0,0.0551,0
1407,198,150.5,0.0555,0
1408,197,153.4,0.0565,0
1409,199,156.2,0.0569,0
1410,197,157.5,0.0574,0
1411,198,161.1,0.0571,0
1412,200,161.4,0.0570,0
1413,198,160.2,0.0574,0
1414,199,161.3,0.0583,0
1415,194,165.0,0.0584,0
1416,200,171.4,0.0571,0
1417,199,169.3,0.0572,0
1418,199,168.8,0.0572,0
1419,193,173.6,0.0573,0
1420,199,182.0,0.0562,0
1421,197,183.3,0.0556,0
1422,197,187.4,0.0559,0
1423,197,191.6,0.0558,0
1424,198,194.6,0.0557,0
1425,199,195.2,0.0555,0
1426,200,193.5,0.0553,0
1427,198,192.3,0.0556,0
1428,200,192.0,0.0564,0
1429,198,190.8,0.0562,0
1430,199,191.5,0.0559,0
1431,198,191.8,0.0565,0
1432,200,191.5,0.0564,0
1433,199,189.4,0.0566,0
1434,199,188.7,0.0571,0
1435,198,189.0,0.0575,0
1436,199,189.7,0.0568,0
1437,199,189.1,0.0570,0
1438,199,188.4,0.0574,0
1439,199,187.8,0.0569,0
1440,197,189.0,0.0567,0
1441,199,191.2,0.0573,0
1442,196,193.4,0.0582,0
1443,198,197.9,0.0587,0
1444,198,199.6,0.0583,0
1445,198,201.2,0.0583,0
1446,199,201.8,0.0583,0
1447,199,201.1,0.0578,0
1448,197,202.4,0.0581,0
1449,199,204.5,0.0580,0
1450,197,205.9,0.0581,0
1451,197,209.9,0.0576,0
1452,200,210.7,0.0580,0
1453,199,208.7,0.0583,0
1454,198,209.0,0.0584,0
1455,198,210.7,0.0588,0
1456,198,212.3,0.0591,0
1457,199,212.8,0.0592,0
1458,198,213.2,0.0587,0
1459,200,212.6,0.0583,0
1460,198,211.7,0.0579,0
1461,198,213.3,0.0574,0
1462,199,213.9,0.0582,0
1463,199,213.2,0.0582,0
1464,198,213.6,0.0573,0
1465,198,215.2,0.0577,0
1466,196,219.1,0.0582,0
1467,199,222.1,0.0594,0
1468,196,224.7,0.0587,0
1469,200,226.4,0.0588,0
1470,200,223.2,0.0588,0
1471,198,222.3,0.0590,0
1472,197,224.9,0.0598,0
1473,199,226.6,0.0599,0
1474,197,228.0,0.0589,0
1475,199,229.6,0.0586,0
1476,199,228.6,0.0587,0
1477,196,231.2,0.0587,0
1478,200,232.7,0.0598,0
1479,200,229.4,0.0598,0
1480,200,226.1,0.0598,0
1481,199,224.0,0.0598,0
1482,199,223.1,0.0599,0
1483,195,226.8,0.0606,0
1484,200,229.6,0.0619,0
1485,198,228.6,0.0622,0
1486,199,228.9,0.0626,0
1487,200,226.7,0.0624,0
1488,200,223.5,0.0624,0
1489,200,220.2,0.0624,0
1490,200,216.9,0.0624,0
1491,200,213.7,0.0624,0
1492,198,212.7,0.0627,0
1493,200,212.1,0.0629,0
1494,197,212.1,0.0636,0
1495,199,213.9,0.0631,0
1496,200,212.0,0.0629,0
1497,198,210.9,0.0633,0
1498,199,211.4,0.0625,0
1499,200,209.5,0.0627,0
1500,198,208.4,0.0624,0
1501,199,208.9,0.0618,0
1502,198,209.2,0.0614,0
1503,200,208.6,0.0615,0
1504,198,207.5,0.0601,0
1505,200,207.0,0.0601,0
1506,200,203.8,0.0601,0
1507,200,200.7,0.0601,0
1508,200,197.5,0.0601,0
1509,200,194.4,0.0601,0
1510,199,192.3,0.0602,0
1511,200,190.7,0.0601,0
1512,199,188.6,0.0604,0
1513,199,187.9,0.0599,0
1514,200,186.3,0.0598,0
1515,200,183.3,0.0598,0
1516,199,181.2,0.0595,0
1517,200,179.7,0.0592,0
1518,198,178.6,0.0596,0
1519,199,179.4,0.0598,0
1520,199,178.9,0.0596,0
1521,199,178.3,0.0602,0
1522,200,176.8,0.0604,0
1523,200,173.9,0.0604,0
1524,198,172.7,0.0603,0
1525,200,172.8,0.0598,0
1526,198,171.6,0.0600,0
1527,200,171.7,0.0605,0
1528,200,168.7,0.0605,0
1529,198,167.5,0.0607,0
1530,200,167.7,0.0616,0
1531,197,167.3,0.0622,0
1532,200,169.0,0.0622,0
1533,197,168.7,0.0619,0
1534,200,170.3,0.0614,0
1535,200,167.4,0.0614,0
1536,198,166.2,0.0613,0
1537,199,167.2,0.0610,0
1538,198,167.6,0.0610,0
1539,199,168.5,0.0614,0
1540,200,167.2,0.0612,0
1541,200,164.3,0.0612,0
1542,199,162.3,0.0614,0
1543,198,162.6,0.0614,0
1544,198,164.5,0.0615,0
1545,200,164.7,0.0616,0
1546,200,161.9,0.0616,0
1547,200,159.0,0.0616,0
1548,198,157.8,0.0619,0
1549,200,158.2,0.0620,0
1550,200,155.4,0.0620,0
1551,199,153.4,0.0612,0
1552,199,153.1,0.0604,0
1553,199,152.7,0.0605,0
1554,200,151.5,0.0603,0
1555,200,148.8,0.0603,0
1556,199,146.9,0.0605,0
1557,198,147.4,0.0600,0
1558,199,148.7,0.0602,0
1559,198,149.2,0.0598,0
1560,199,150.4,0.0599,0
1561,198,150.9,0.0602,0
1562,198,152.9,0.0604,0
1563,198,155.0,0.0611,0
1564,200,155.4,0.0610,0
1565,199,153.5,0.0611,0
1566,199,153.2,0.0606,0
1567,200,152.1,0.0605,0
1568,199,150.2,0.0606,0
1569,197,151.5,0.0600,0
1570,198,155.2,0.0605,0
1571,198,157.3,0.0607,0
1572,199,158.5,0.0606,0
1573,198,159.0,0.0606,0
1574,199,160.2,0.0606,0
1575,198,160.7,0.0608,0
1576,198,162.7,0.0615,0
1577,199,163.9,0.0617,0
1578,197,165.2,0.0623,0
1579,199,167.9,0.0629,0
1580,197,169.2,0.0628,0
1581,199,171.9,0.0622,0
1582,195,175.0,0.0619,0
1583,199,180.5,0.0627,0
1584,198,180.9,0.0625,0
1585,197,183.7,0.0622,0
1586,199,186.1,0.0629,0
1587,198,186.4,0.0636,0
1588,199,187.3,0.0633,0
1589,199,186.7,0.0629,0
1590,198,187.0,0.0629,0
1591,197,189.7,0.0633,0
1592,198,192.9,0.0651,0
1593,200,192.7,0.0649,0
1594,200,189.7,0.0649,0
1595,197,189.6,0.0646,0
1596,199,191.9,0.0670,0
1597,199,191.3,0.0666,0
1598,198,191.6,0.0669,0
1599,197,194.3,0.0668,0
1600,199,196.5,0.0684,0
1601,197,197.8,0.0693,0
1602,199,199.9,0.0701,0
1603,199,199.2,0.0706,0
1604,196,201.6,0.0699,0
1605,198,206.0,0.0686,0
1606,198,207.7,0.0686,0
1607,198,209.3,0.0690,0
1608,198,210.9,0.0699,0
1609,198,212.5,0.0710,0
1610,198,214.1,0.0706,0
1611,198,215.7,0.0698,0
1612,199,216.2,0.0706,0
1613,199,215.4,0.0705,0
1614,199,214.5,0.0710,0
1615,199,213.7,0.0709,0
1616,197,215.1,0.0709,0
1617,200,215.7,0.0711,0
1618,199,213.6,0.0714,0
1619,198,213.8,0.0709,0
1620,199,214.2,0.0703,0
1621,197,215.5,0.0699,0
1622,199,217.1,0.0699,0
1623,198,217.3,0.0704,0
1624,198,218.8,0.0703,0
1625,198,220.3,0.0708,0
1626,198,221.7,0.0704,0
1627,200,221.0,0.0708,0
1628,199,218.8,0.0706,0
1629,200,216.8,0.0703,0
1630,199,214.6,0.0701,0
1631,199,213.7,0.0705,0
1632,199,212.9,0.0698,0
1633,199,212.0,0.0692,0
1634,196,214.4,0.0696,0
1635,197,219.6,0.0693,0
1636,197,223.5,0.0702,0
1637,200,223.9,0.0705,0
1638,200,220.5,0.0705,0
1639,200,217.2,0.0705,0
1640,198,216.1,0.0704,0
1641,200,215.4,0.0698,0
1642,199,213.2,0.0693,0
1643,200,211.2,0.0695,0
1644,198,210.1,0.0698,0
1645,197,212.6,0.0692,0
1646,200,213.3,0.0693,0
1647,199,211.1,0.0695,0
1648,198,211.2,0.0701,0
1649,200,210.5,0.0696,0
1650,200,207.3,0.0696,0
1651,199,205.1,0.0699,0
1652,199,204.2,0.0700,0
1653,199,203.4,0.0695,0
1654,200,201.5,0.0703,0
1655,200,198.4,0.0703,0
1656,199,196.3,0.0706,0
1657,198,196.6,0.0711,0
1658,198,198.3,0.0712,0
1659,200,197.9,0.0719,0
1660,197,197.8,0.0718,0
1661,200,198.8,0.0722,0
1662,200,195.7,0.0722,0
1663,197,195.6,0.0722,0
1664,199,197.6,0.0719,0
1665,200,195.9,0.0718,0
1666,200,192.8,0.0718,0
1667,198,191.7,0.0719,0
1668,200,191.4,0.0725,0
1669,200,188.3,0.0725,0
1670,200,185.3,0.0725,0
1671,198,184.2,0.0729,0
1672,200,184.0,0.0726,0
1673,199,182.0,0.0729,0
1674,199,181.3,0.0730,0
1675,200,179.8,0.0730,0
1676,198,178.7,0.0734,0
1677,198,180.4,0.0737,0
1678,197,183.1,0.0739,0
1679,199,185.4,0.0739,0
1680,200,183.8,0.0737,0
1681,200,180.8,0.0737,0
1682,199,178.7,0.0740,0
1683,198,179.0,0.0736,0
1684,198,180.7,0.0739,0
1685,200,180.7,0.0740,0
1686,198,179.5,0.0746,0
1687,200,179.4,0.0748,0
1688,200,176.4,0.0748,0
1689,197,176.1,0.0752,0
1690,199,178.5,0.0740,0
1691,199,177.9,0.0738,0
1692,199,177.2,0.0735,0
1693,199,176.6,0.0734,0
1694,200,175.1,0.0734,0
1695,199,173.1,0.0731,0
1696,200,171.6,0.0732,0
1697,198,170.4,0.0724,0
1698,199,171.4,0.0725,0
1699,199,170.8,0.0725,0
1700,200,169.5,0.0723,0
1701,199,167.4,0.0726,0
1702,200,166.1,0.0724,0
1703,198,164.9,0.0726,0
1704,200,165.1,0.0731,0
1705,200,162.2,0.0731,0
1706,198,161.1,0.0730,0
1707,199,162.2,0.0728,0
1708,200,160.9,0.0725,0
1709,199,158.9,0.0729,0
1710,200,157.7,0.0735,0
1711,199,155.7,0.0733,0
1712,200,154.6,0.0734,0
1713,200,151.9,0.0734,0
1714,198,150.7,0.0733,0
1715,200,151.2,0.0727,0
1716,197,150.8,0.0734,0
1717,200,153.0,0.0726,0
1718,198,151.8,0.0726,0
1719,199,153.1,0.0724,0
1720,200,152.1,0.0721,0
1721,199,150.2,0.0722,0
1722,198,150.7,0.0731,0
1723,199,152.0,0.0722,0
1724,197,153.2,0.0719,0
1725,199,156.1,0.0718,0
1726,197,157.3,0.0724,0
1727,198,160.9,0.0718,0
1728,198,162.9,0.0720,0
1729,197,165.7,0.0718,0
1730,198,169.2,0.0719,0
1731,200,169.4,0.0716,0
1732,198,168.2,0.0721,0
1733,198,170.2,0.0716,0
1734,200,170.3,0.0720,0
1735,198,169.2,0.0719,0
1736,198,171.1,0.0714,0
1737,200,171.3,0.0711,0
1738,196,171.8,0.0716,0
1739,196,178.5,0.0677,0
1740,197,184.2,0.0686,0
1741,197,188.2,0.0690,0
1742,199,190.3,0.0695,0
1743,198,190.4,0.0702,0
1744,199,191.1,0.0695,0
1745,200,189.4,0.0692,0
1746,197,189.1,0.0692,0
1747,200,190.2,0.0695,0
1748,196,190.9,0.0692,0
1749,200,193.4,0.0691,0
1750,199,191.2,0.0691,0
1751,200,189.5,0.0691,0
1752,198,188.2,0.0696,0
1753,198,189.9,0.0695,0
1754,198,191.5,0.0693,0
1755,194,197.1,0.0687,0
1756,199,203.2,0.0677,0
1757,199,202.2,0.0677,0
1758,198,202.3,0.0669,0
1759,198,203.8,0.0678,0
1760,198,205.2,0.0675,0
1761,199,205.7,0.0666,0
1762,199,204.8,0.0670,0
1763,200,202.9,0.0667,0
1764,199,200.7,0.0662,0
1765,197,201.9,0.0654,0
1766,198,204.8,0.0651,0
1767,199,205.3,0.0654,0
1768,199,204.4,0.0656,0
1769,198,204.5,0.0649,0
1770,200,204.0,0.0649,0
1771,198,202.8,0.0652,0
1772,196,206.5,0.0649,0
1773,199,209.5,0.0665,0
1774,200,207.6,0.0666,0
1775,198,206.5,0.0661,0
1776,198,208.1,0.0665,0
1777,200,207.5,0.0660,0
1778,199,205.5,0.0663,0
1779,198,205.8,0.0661,0
1780,199,206.5,0.0656,0
1781,199,205.7,0.0659,0
1782,198,206.0,0.0663,0
1783,198,207.7,0.0670,0
1784,196,211.5,0.0663,0
1785,197,216.8,0.0668,0
1786,200,217.5,0.0670,0
1787,199,215.3,0.0671,0
1788,200,213.5,0.0672,0
1789,200,210.3,0.0672,0
1790,199,208.2,0.0675,0
1791,198,208.5,0.0677,0
1792,199,209.1,0.0670,0
1793,196,211.6,0.0676,0
1794,199,214.8,0.0664,0
1795,198,215.0,0.0673,0
1796,197,217.7,0.0662,0
1797,198,220.6,0.0660,0
1798,198,222.1,0.0666,0
1799,200,221.4,0.0673,0
1800,198,220.3,0.0670,0
1801,200,219.7,0.0667,0
1802,200,216.4,0.0667,0
1803,199,214.3,0.0669,0
1804,199,213.5,0.0672,0
1805,199,212.7,0.0679,0
1806,199,211.9,0.0682,0
1807,197,213.3,0.0669,0
1808,198,216.2,0.0671,0
1809,200,215.5,0.0667,0
1810,200,212.3,0.0667,0
1811,200,209.1,0.0667,0
1812,199,207.0,0.0669,0
1813,197,208.4,0.0667,0
1814,200,209.2,0.0670,0
1815,199,207.0,0.0671,0
1816,199,206.2,0.0679,0
1817,200,204.4,0.0683,0
1818,200,201.3,0.0683,0
1819,200,198.2,0.0683,0
1820,198,197.1,0.0683,0
1821,199,197.8,0.0680,0
1822,197,199.1,0.0669,0
1823,200,200.1,0.0664,0
1824,200,197.0,0.0664,0
1825,200,194.0,0.0664,0
1826,199,191.9,0.0665,0
1827,199,191.2,0.0661,0
1828,197,192.5,0.0656,0
1829,200,193.6,0.0659,0
1830,200,190.6,0.0659,0
1831,199,188.5,0.0658,0
1832,200,186.9,0.0658,0
1833,200,183.9,0.0658,0
1834,199,181.9,0.0655,0
1835,199,181.3,0.0659,0
1836,199,180.7,0.0663,0
1837,200,179.2,0.0660,0
1838,199,177.1,0.0663,0
1839,199,176.6,0.0662,0
1840,199,176.0,0.0663,0
1841,199,175.5,0.0659,0
1842,198,175.8,0.0662,0
1843,199,176.7,0.0670,0
1844,200,175.3,0.0672,0
1845,198,174.1,0.0674,0
1846,200,174.2,0.0672,0
1847,198,173.0,0.0669,0
1848,198,174.9,0.0677,0
1849,198,176.7,0.0674,0
1850,200,176.7,0.0670,0
1851,198,175.5,0.0673,0
1852,199,176.4,0.0676,0
1853,198,176.8,0.0672,0
1854,199,177.6,0.0675,0
1855,200,176.2,0.0673,0
1856,198,175.0,0.0670,0
1857,199,175.9,0.0672,0
1858,200,174.4,0.0672,0
1859,200,171.5,0.0672,0
1860,199,169.5,0.0674,0
1861,198,169.8,0.0680,0
1862,198,171.7,0.0676,0
1863,199,172.6,0.0686,0
1864,199,172.1,0.0689,0
1865,200,170.7,0.0686,0
1866,200,167.8,0.0686,0
1867,200,165.0,0.0686,0
1868,200,162.2,0.0686,0
1869,199,160.2,0.0688,0
1870,200,158.9,0.0690,0
1871,200,156.2,0.0690,0
1872,200,153.5,0.0690,0
1873,200,150.8,0.0690,0
1874,198,149.6,0.0696,0
1875,200,150.2,0.0698,0
1876,200,147.5,0.0698,0
1877,197,147.1,0.0702,0
1878,198,150.8,0.0707,0
1879,196,154.5,0.0704,0
1880,200,158.1,0.0704,0
1881,200,155.4,0.0704,0
1882,200,152.7,0.0704,0
1883,198,151.6,0.0700,0
1884,200,152.1,0.0700,0
1885,197,151.7,0.0700,0
1886,199,154.6,0.0696,0
1887,197,155.9,0.0694,0
1888,195,162.0,0.0705,0
1889,198,168.7,0.0708,0
1890,198,170.7,0.0704,0
1891,199,171.7,0.0705,0
1892,199,171.3,0.0707,0
1893,197,172.6,0.0718,0
1894,196,177.8,0.0709,0
1895,197,183.5,0.0720,0
1896,197,187.7,0.0719,0
1897,199,190.0,0.0723,0
1898,200,188.3,0.0728,0
1899,200,185.3,0.0728,0
1900,199,183.3,0.0727,0
1901,199,182.7,0.0736,0
1902,197,183.9,0.0735,0
1903,199,186.2,0.0741,0
1904,200,184.7,0.0741,0
1905,199,182.6,0.0740,0
1906,200,181.2,0.0738,0
1907,199,179.1,0.0732,0
1908,198,179.5,0.0736,0
1909,196,183.2,0.0730,0
1910,199,186.9,0.0735,0
1911,200,185.4,0.0739,0
1912,198,184.3,0.0735,0
1913,199,185.2,0.0742,0
1914,199,184.6,0.0745,0
1915,198,185.0,0.0746,0
1916,200,184.9,0.0752,0
1917,200,182.0,0.0752,0
1918,198,180.9,0.0759,0
1919,198,182.8,0.0767,0
1920,196,186.5,0.0777,0
1921,199,190.2,0.0776,0
1922,199,189.5,0.0776,0
1923,199,188.9,0.0779,0
1924,197,190.3,0.0792,0
1925,200,191.5,0.0800,0
1926,199,189.5,0.0803,0
1927,198,189.8,0.0797,0
1928,199,190.7,0.0800,0
1929,198,191.0,0.0801,0
1930,199,191.8,0.0808,0
1931,198,192.2,0.0810,0
1932,199,193.0,0.0808,0
1933,199,192.4,0.0808,0
1934,198,192.8,0.0812,0
1935,199,193.6,0.0816,0
1936,198,194.0,0.0813,0
1937,196,197.8,0.0819,0
1938,200,200.3,0.0822,0
1939,199,198.4,0.0821,0
1940,198,198.8,0.0822,0
1941,200,198.5,0.0823,0
1942,199,196.6,0.0826,0
1943,197,198.0,0.0823,0
1944,199,200.1,0.0833,0
1945,198,200.5,0.0839,0
1946,197,203.3,0.0831,0
1947,198,206.3,0.0831,0
1948,199,206.9,0.0839,0
1949,197,208.3,0.0857,0
1950,198,211.3,0.0862,0
1951,200,210.8,0.0862,0
1952,198,209.8,0.0860,0
1953,198,211.4,0.0860,0
1954,196,215.3,0.0860,0
1955,197,220.4,0.0865,0
1956,199,222.0,0.0870,0
1957,199,221.0,0.0872,0
1958,200,219.0,0.0875,0
1959,195,221.2,0.0874,0
1960,198,226.3,0.0887,0
1961,200,225.4,0.0889,0
1962,200,222.1,0.0889,0
1963,198,220.9,0.0887,0
1964,199,221.2,0.0883,0
1965,199,220.3,0.0884,0
1966,199,219.3,0.0890,0
1967,199,218.3,0.0890,0
1968,198,218.5,0.0885,0
1969,197,221.0,0.0890,0
1970,200,221.4,0.0896,0
1971,200,218.0,0.0896,0
1972,199,215.8,0.0899,0
1973,198,215.9,0.0904,0
1974,200,215.1,0.0902,0
1975,199,212.9,0.0905,0
1976,200,210.9,0.0904,0
1977,200,207.7,0.0904,0
1978,199,205.5,0.0906,0
1979,200,203.6,0.0903,0
1980,199,201.4,0.0903,0
1981,199,200.6,0.0903,0
1982,199,199.8,0.0906,0
1983,199,199.0,0.0901,0
1984,200,197.2,0.0901,0
1985,200,194.0,0.0901,0
1986,200,190.9,0.0901,0
1987,200,187.8,0.0901,0
1988,197,187.6,0.0899,0
1989,200,188.8,0.0904,0
1990,199,186.6,0.0904,0
1991,199,185.9,0.0906,0
1992,200,184.4,0.0907,0
1993,198,183.3,0.0906,0
1994,200,183.2,0.0899,0
1995,200,180.3,0.0899,0
1996,200,177.4,0.0899,0
1997,199,175.4,0.0895,0
1998,200,174.0,0.0894,0
1999,200,171.1,0.0894,0
2000,196,171.8,0.0907,0
