tick,pop,farms_built,avg_energy
1,20,0,783.1
2,20,0,766.5
3,20,0,750.3
4,20,0,734.3
5,20,0,718.7
6,20,0,703.4
7,20,0,688.4
8,20,0,673.7
9,20,0,659.3
10,20,0,645.2
11,20,0,631.4
12,40,0,543.9
13,60,0,514.8
14,60,0,513.8
15,60,0,512.7
16,61,0,510.9
17,61,0,510.0
18,62,0,508.4
19,62,0,507.4
20,63,0,505.9
21,66,0,503.1
22,69,0,500.8
23,73,0,498.6
24,78,0,496.8
25,87,0,494.1
26,99,0,491.9
27,123,0,488.7
28,158,0,486.6
29,160,0,482.9
30,160,0,478.6
31,160,0,475.0
32,160,0,472.0
33,160,0,470.9
34,160,0,467.2
35,160,0,464.9
36,160,0,460.6
37,160,0,459.4
38,160,0,456.9
39,160,0,455.0
40,160,0,452.1
41,160,0,449.8
42,160,0,447.1
43,160,0,445.4
44,160,0,443.4
45,160,0,440.7
46,160,0,439.1
47,160,0,436.8
48,160,0,434.8
49,160,0,433.2
50,160,0,431.2
51,160,0,428.5
52,160,0,426.8
53,160,0,424.8
54,160,0,423.0
55,160,0,421.5
56,160,0,420.4
57,160,0,417.6
58,160,0,414.9
59,160,0,414.4
60,160,0,413.0
61,160,0,411.4
62,160,0,409.1
63,160,0,408.4
64,160,0,405.8
65,160,0,404.1
66,160,0,402.2
67,160,0,402.1
68,160,0,400.4
69,160,0,398.1
70,160,0,396.2
71,160,0,394.1
72,160,0,393.6
73,160,0,391.4
74,160,0,390.3
75,160,0,389.2
76,160,0,386.9
77,160,0,384.9
78,160,0,384.8
79,160,0,382.6
80,160,0,379.8
81,160,0,379.7
82,160,0,378.6
83,160,0,376.8
84,160,0,374.5
85,160,0,373.0
86,160,0,372.1
87,160,0,370.2
88,160,0,367.8
89,160,0,367.9
90,160,0,365.7
91,160,0,363.9
92,160,0,362.1
93,160,0,361.2
94,160,0,360.1
95,160,0,358.2
96,160,0,356.9
97,159,0,357.3
98,160,0,356.3
99,160,0,355.0
100,160,0,354.0
101,160,0,352.2
102,160,0,349.9
103,160,0,348.9
104,160,0,347.3
105,160,0,346.4
106,160,0,344.2
107,160,0,342.0
108,159,0,345.0
109,160,0,342.8
110,160,0,341.4
111,160,0,340.8
112,160,0,339.2
113,159,0,339.1
114,159,0,340.6
115,160,0,340.3
116,160,0,340.1
117,160,0,336.9
118,160,0,336.6
119,160,0,334.9
120,160,0,332.9
121,159,0,334.4
122,159,0,336.0
123,160,0,334.1
124,160,0,333.1
125,160,0,333.3
126,160,0,330.4
127,160,0,329.5
128,160,0,327.5
129,160,0,326.7
130,159,0,326.4
131,160,0,327.2
132,160,0,325.1
133,160,0,323.8
134,160,0,323.6
135,160,0,321.0
136,160,0,321.4
137,160,0,319.4
138,160,0,317.0
139,160,0,315.7
140,159,0,318.0
141,159,0,319.6
142,160,0,317.9
143,160,0,318.1
144,160,0,316.5
145,160,0,314.3
146,160,0,314.3
147,160,0,312.4
148,159,0,313.8
149,160,0,313.4
150,159,0,313.1
151,160,0,314.9
152,160,0,312.4
153,160,0,311.3
154,160,0,310.9
155,160,0,309.5
156,160,0,309.0
157,160,0,307.7
158,160,0,306.1
159,160,0,305.5
160,160,0,304.1
161,160,0,303.1
162,160,0,302.2
163,160,0,302.0
164,160,0,299.9
165,160,0,299.7
166,160,0,298.2
167,160,0,297.8
168,160,0,295.6
169,160,0,296.0
170,159,0,296.7
171,160,0,296.8
172,159,0,298.0
173,160,0,297.5
174,157,0,303.0
175,159,0,307.1
176,159,0,308.8
177,160,0,309.9
178,159,0,310.4
179,160,0,309.4
180,160,0,309.0
181,158,0,312.8
182,156,0,322.4
183,158,0,328.7
184,158,0,334.7
185,160,0,335.2
186,160,0,333.8
187,159,0,333.5
188,160,0,334.1
189,160,0,333.3
190,159,0,333.8
191,160,0,333.6
192,160,0,332.2
193,160,0,330.8
194,160,0,329.8
195,160,0,330.4
196,159,0,329.5
197,159,0,331.6
198,160,0,332.6
199,159,0,332.6
200,160,0,332.3
201,160,0,332.4
202,160,0,330.7
203,160,0,329.7
204,160,0,329.5
205,160,0,328.2
206,160,0,327.2
207,160,0,326.1
208,160,0,326.9
209,160,0,323.4
210,160,0,324.5
211,160,0,323.0
212,160,0,321.6
213,160,0,321.2
214,160,0,319.3
215,159,0,322.0
216,160,0,321.0
217,159,0,322.9
218,160,0,324.1
219,160,0,322.1
220,160,0,321.5
221,160,0,320.2
222,160,0,320.6
223,160,0,320.0
224,160,0,318.7
225,160,0,317.6
226,160,0,318.6
227,160,0,316.6
228,160,0,317.0
229,160,0,315.8
230,160,0,315.0
231,160,0,314.1
232,160,0,313.9
233,160,0,313.0
234,160,0,312.8
235,160,0,312.9
236,160,0,310.8
237,160,0,311.5
238,160,0,309.4
239,159,0,311.9
240,160,0,312.8
241,160,0,310.9
242,160,0,312.5
243,160,0,310.2
244,160,0,310.7
245,160,0,309.7
246,160,0,309.2
247,160,0,308.0
248,160,0,308.6
249,160,0,308.8
250,159,0,309.2
251,160,0,309.5
252,160,0,308.9
253,160,0,308.0
254,160,0,308.0
255,160,0,307.9
256,160,0,308.6
257,160,0,305.8
258,160,0,306.2
259,160,0,305.9
260,160,0,305.2
261,160,0,305.8
262,160,0,304.5
263,160,0,303.8
264,160,0,303.5
265,160,0,304.4
266,160,0,301.5
267,160,0,302.1
268,160,0,302.2
269,160,0,302.0
270,160,0,301.3
271,160,0,299.3
272,160,0,299.4
273,160,0,298.8
274,160,0,299.9
275,160,0,298.9
276,160,0,296.9
277,160,0,299.2
278,160,0,297.8
279,160,0,298.1
280,160,0,295.9
281,160,0,296.2
282,160,0,296.0
283,160,0,295.2
284,160,0,295.3
285,160,0,295.2
286,160,0,294.6
287,160,0,293.6
288,160,0,293.7
289,160,0,292.5
290,160,0,292.8
291,160,0,292.9
292,160,0,292.7
293,160,0,291.6
294,160,0,291.1
295,160,0,291.7
296,160,0,291.1
297,160,0,289.6
298,160,0,290.3
299,160,0,288.4
300,159,0,291.9
301,160,0,291.9
302,160,0,291.1
303,160,0,291.8
304,159,0,293.2
305,160,0,292.8
306,160,0,293.5
307,160,0,293.2
308,160,0,292.1
309,160,0,292.1
310,160,0,291.6
311,160,0,291.8
312,160,0,291.9
313,160,0,291.4
314,160,0,289.5
315,160,0,289.9
316,160,0,288.9
317,160,0,290.4
318,160,0,288.7
319,160,0,289.2
320,160,0,287.0
321,160,0,287.9
322,160,0,289.1
323,160,0,286.4
324,160,0,286.0
325,160,0,288.2
326,160,0,286.1
327,160,0,286.8
328,160,0,283.9
329,160,0,285.5
330,160,0,284.9
331,160,0,285.1
332,160,0,283.8
333,160,0,284.9
334,160,0,284.5
335,160,0,283.4
336,160,0,281.8
337,160,0,282.8
338,160,0,283.3
339,160,0,281.8
340,160,0,280.6
341,160,0,281.9
342,160,0,281.1
343,160,0,281.0
344,160,0,280.1
345,160,0,281.0
346,160,0,278.9
347,160,0,279.0
348,160,0,277.9
349,160,0,279.4
350,160,0,278.0
351,160,0,278.5
352,160,0,277.6
353,160,0,278.7
354,160,0,277.3
355,160,0,277.4
356,160,0,277.3
357,160,0,276.6
358,160,0,275.5
359,160,0,275.8
360,160,0,274.9
361,160,0,276.1
362,160,0,274.8
363,160,0,274.8
364,160,0,275.5
365,160,0,274.2
366,160,0,274.1
367,160,0,274.1
368,160,0,272.6
369,160,0,272.2
370,160,0,274.1
371,160,0,272.2
372,160,0,273.7
373,160,0,271.3
374,160,0,271.7
375,160,0,271.1
376,160,0,271.2
377,160,0,272.1
378,160,0,270.1
379,160,0,269.9
380,160,0,270.2
381,160,0,269.1
382,160,0,269.0
383,160,0,268.1
384,160,0,268.9
385,160,0,267.7
386,160,0,267.1
387,160,0,268.0
388,160,0,266.5
389,160,0,267.3
390,160,0,267.3
391,160,0,265.9
392,160,0,265.5
393,160,0,266.1
394,160,0,265.5
395,160,0,265.2
396,160,0,265.8
397,160,0,264.4
398,160,0,264.3
399,160,0,263.6
400,160,0,262.7
401,160,0,263.7
402,160,0,262.8
403,160,0,263.0
404,160,0,262.7
405,160,0,261.3
406,160,0,262.7
407,160,0,260.8
408,160,0,260.3
409,160,0,260.9
410,160,0,260.5
411,160,0,259.3
412,160,0,260.4
413,160,0,259.6
414,160,0,258.6
415,160,0,258.5
416,160,0,258.7
417,160,0,258.3
418,160,0,257.7
419,160,0,256.6
420,160,0,256.6
421,160,0,257.0
422,160,0,255.7
423,160,0,255.2
424,160,0,256.2
425,160,0,254.9
426,160,0,254.9
427,160,0,253.5
428,160,0,254.7
429,160,0,253.2
430,160,0,254.6
431,160,0,253.4
432,160,0,252.9
433,160,0,252.3
434,160,0,251.4
435,160,0,252.1
436,160,0,252.2
437,160,0,251.5
438,160,0,252.0
439,160,0,249.6
440,160,0,250.4
441,160,0,251.2
442,160,0,250.1
443,160,0,250.1
444,160,0,249.3
445,160,0,248.8
446,160,0,249.2
447,160,0,248.3
448,160,0,248.1
449,160,0,247.9
450,160,0,247.1
451,160,0,247.9
452,160,0,247.4
453,160,0,246.2
454,160,0,246.1
455,160,0,246.5
456,160,0,246.2
457,160,0,244.0
458,160,0,245.6
459,160,0,244.8
460,160,0,245.2
461,160,0,245.0
462,160,0,243.5
463,160,0,243.2
464,160,0,243.5
465,160,0,242.1
466,160,0,242.6
467,160,0,242.6
468,160,0,242.1
469,160,0,242.6
470,160,0,242.4
471,160,0,241.2
472,160,0,240.9
473,160,0,239.3
474,160,0,240.3
475,160,0,240.1
476,160,0,240.6
477,160,0,239.9
478,160,0,239.7
479,160,0,239.5
480,160,0,237.8
481,160,0,238.6
482,160,0,236.6
483,160,0,238.6
484,160,0,236.6
485,160,0,237.2
486,160,0,236.8
487,160,0,236.6
488,160,0,237.0
489,160,0,235.3
490,160,0,235.2
491,160,0,235.4
492,160,0,235.2
493,160,0,235.7
494,160,0,234.4
495,160,0,234.1
496,160,0,233.8
497,160,0,233.6
498,160,0,233.4
499,160,0,232.8
500,160,0,232.2
501,160,0,232.7
502,160,0,232.5
503,160,0,232.2
504,160,0,232.5
505,160,0,232.4
506,160,0,231.1
507,160,0,230.4
508,160,0,231.1
509,160,0,232.1
510,160,0,229.5
511,160,0,230.0
512,160,0,230.3
513,160,0,229.8
514,160,0,228.7
515,160,0,229.5
516,160,0,228.9
517,160,0,228.1
518,160,0,228.4
519,160,0,229.2
520,160,0,228.5
521,160,0,226.8
522,160,0,226.7
523,160,0,227.1
524,160,0,227.5
525,160,0,226.7
526,160,0,227.2
527,160,0,225.5
528,160,0,225.5
529,160,0,225.4
530,160,0,224.3
531,160,0,224.7
532,160,0,224.5
533,160,0,224.1
534,160,0,223.8
535,160,0,223.1
536,160,0,223.2
537,160,0,224.1
538,160,0,222.4
539,160,0,222.1
540,160,0,221.4
541,160,0,221.3
542,160,0,221.7
543,160,0,220.5
544,160,0,220.4
545,160,0,220.1
546,160,0,219.7
547,160,0,219.1
548,160,0,219.3
549,160,0,218.4
550,160,0,218.3
551,160,0,218.6
552,160,0,217.8
553,160,0,218.2
554,160,0,217.1
555,160,0,217.0
556,160,0,216.0
557,160,0,217.1
558,160,0,215.6
559,160,0,216.0
560,160,0,215.2
561,160,0,215.7
562,160,0,214.9
563,160,0,215.4
564,160,0,213.7
565,160,0,214.5
566,160,0,213.7
567,160,0,214.0
568,160,0,213.0
569,160,0,213.2
570,160,0,212.1
571,160,0,212.3
572,160,0,212.5
573,160,0,211.6
574,160,0,211.2
575,160,0,210.8
576,160,0,210.3
577,160,0,210.9
578,160,0,209.6
579,160,0,210.3
580,160,0,209.2
581,160,0,210.0
582,160,0,208.7
583,160,0,208.9
584,160,0,207.7
585,160,0,209.0
586,160,0,208.6
587,160,0,208.1
588,160,0,207.9
589,160,0,205.9
590,160,0,206.6
591,160,0,206.6
592,160,0,206.0
593,160,0,205.6
594,160,0,205.8
595,160,0,205.5
596,160,0,204.1
597,160,0,204.8
598,160,0,204.5
599,160,0,205.2
600,160,0,203.4
601,160,0,203.2
602,160,0,203.3
603,160,0,203.5
604,160,0,202.6
605,160,0,202.6
606,160,0,202.1
607,160,0,201.9
608,160,0,201.3
609,160,0,201.9
610,160,0,200.3
611,160,0,200.9
612,160,0,200.4
613,160,0,200.1
614,160,0,200.2
615,160,0,199.3
616,160,0,199.5
617,160,0,199.2
618,160,0,198.5
619,160,0,199.5
620,160,0,198.2
621,160,0,198.6
622,160,0,197.3
623,160,0,196.8
624,160,0,197.9
625,160,0,196.8
626,160,0,197.4
627,160,0,196.2
628,160,0,196.1
629,160,0,196.5
630,160,0,195.5
631,160,0,195.5
632,160,0,194.8
633,160,0,195.7
634,160,0,193.9
635,160,0,194.1
636,160,0,194.4
637,160,0,193.0
638,160,0,193.4
639,160,0,193.3
640,160,0,193.1
641,160,0,193.5
642,160,0,192.6
643,160,0,191.9
644,160,0,192.2
645,160,0,191.5
646,160,0,192.3
647,160,0,191.5
648,160,0,191.4
649,160,0,190.6
650,160,0,191.1
651,160,0,190.7
652,160,0,190.6
653,160,0,189.9
654,160,0,189.0
655,160,0,189.8
656,160,0,189.4
657,160,0,189.2
658,160,0,188.5
659,160,0,188.7
660,160,0,188.9
661,160,0,188.1
662,160,0,187.7
663,160,0,187.1
664,160,0,187.3
665,160,0,186.4
666,160,0,186.8
667,160,0,186.9
668,160,0,186.4
669,160,0,186.2
670,160,0,185.2
671,160,0,185.9
672,160,0,185.9
673,160,0,185.4
674,160,0,185.5
675,160,0,185.1
676,160,0,184.2
677,160,0,184.2
678,160,0,184.4
679,160,0,183.9
680,160,0,183.8
681,160,0,183.4
682,160,0,182.9
683,160,0,183.0
684,160,0,183.0
685,160,0,182.4
686,160,0,182.9
687,160,0,182.2
688,160,0,181.4
689,160,0,181.6
690,160,0,180.9
691,160,0,181.0
692,160,0,180.9
693,160,0,180.4
694,160,0,180.4
695,160,0,179.8
696,160,0,179.8
697,160,0,179.2
698,160,0,179.3
699,160,0,179.2
700,160,0,178.5
701,160,0,179.0
702,160,0,178.3
703,160,0,177.4
704,160,0,178.0
705,160,0,177.3
706,160,0,177.2
707,160,0,177.7
708,160,0,177.0
709,160,0,177.0
710,160,0,176.2
711,160,0,176.2
712,160,0,176.2
713,160,0,175.5
714,160,0,175.4
715,160,0,175.4
716,160,0,174.7
717,160,0,174.6
718,160,0,174.4
719,160,0,174.9
720,160,0,174.1
721,160,0,173.5
722,160,0,173.5
723,160,0,172.9
724,160,0,172.7
725,160,0,173.2
726,160,0,173.5
727,160,0,172.2
728,160,0,172.2
729,160,0,172.0
730,160,0,171.3
731,160,0,171.7
732,160,0,171.5
733,160,0,171.3
734,160,0,171.1
735,160,0,170.0
736,160,0,170.4
737,160,0,169.7
738,160,0,169.6
739,160,0,170.0
740,160,0,169.8
741,160,0,169.0
742,160,0,169.3
743,160,0,169.2
744,160,0,168.4
745,160,0,168.2
746,160,0,168.6
747,160,0,167.7
748,160,0,168.1
749,160,0,167.9
750,160,0,167.6
751,160,0,166.9
752,160,0,167.2
753,160,0,166.4
754,160,0,166.2
755,160,0,166.6
756,160,0,166.2
757,160,0,166.0
758,160,0,165.7
759,160,0,165.4
760,160,0,165.7
761,160,0,165.0
762,160,0,164.2
763,160,0,164.5
764,160,0,164.8
765,160,0,163.9
766,160,0,163.7
767,160,0,164.0
768,160,0,163.7
769,160,0,163.4
770,160,0,163.1
771,160,0,162.8
772,160,0,163.1
773,160,0,162.3
774,160,0,161.5
775,160,0,161.9
776,160,0,162.2
777,160,0,161.3
778,160,0,161.0
779,160,0,161.3
780,160,0,161.0
781,160,0,161.3
782,160,0,160.4
783,160,0,160.7
784,160,0,160.3
785,160,0,160.5
786,160,0,159.7
787,160,0,159.3
788,160,0,159.6
789,160,0,159.8
790,160,0,158.9
791,160,0,158.6
792,160,0,158.8
793,160,0,159.1
794,160,0,158.6
795,160,0,158.3
796,160,0,157.9
797,160,0,157.5
798,160,0,157.8
799,160,0,157.4
800,160,0,157.0
801,160,0,156.7
802,160,0,157.0
803,160,0,157.1
804,160,0,156.1
805,160,0,156.4
806,160,0,156.0
807,160,0,155.6
808,160,0,155.8
809,160,0,155.5
810,160,0,155.6
811,160,0,154.7
812,160,0,154.9
813,160,0,155.1
814,160,0,154.1
815,160,0,154.3
816,160,0,154.0
817,160,0,154.2
818,160,0,153.7
819,160,0,153.3
820,160,0,153.5
821,160,0,153.7
822,160,0,152.7
823,160,0,152.9
824,160,0,152.5
825,160,0,152.7
826,160,0,152.2
827,160,0,152.4
828,160,0,152.0
829,160,0,151.6
830,160,0,151.2
831,160,0,151.4
832,160,0,151.5
833,160,0,151.6
834,160,0,150.6
835,160,0,150.2
836,160,0,150.4
837,160,0,150.6
838,160,0,150.1
839,160,0,150.2
840,160,0,149.8
841,160,0,149.4
842,160,0,149.0
843,160,0,149.1
844,160,0,149.3
845,160,0,149.4
846,160,0,148.9
847,160,0,147.9
848,160,0,148.1
849,160,0,148.3
850,160,0,147.8
851,160,0,147.9
852,160,0,148.0
853,160,0,147.6
854,160,0,146.6
855,160,0,146.8
856,160,0,146.9
857,160,0,147.1
858,160,0,146.5
859,160,0,146.7
860,160,0,146.2
861,160,0,145.8
862,160,0,146.0
863,160,0,145.5
864,160,0,145.6
865,160,0,145.7
866,160,0,145.8
867,160,0,144.7
868,160,0,144.8
869,160,0,144.4
870,160,0,144.6
871,160,0,144.7
872,160,0,144.1
873,160,0,144.2
874,160,0,143.8
875,160,0,143.9
876,160,0,143.4
877,160,0,143.5
878,160,0,143.0
879,160,0,143.2
880,160,0,143.2
881,160,0,142.7
882,160,0,142.3
883,160,0,142.4
884,160,0,142.5
885,160,0,142.5
886,160,0,142.0
887,160,0,142.0
888,160,0,141.6
889,160,0,141.6
890,160,0,141.7
891,160,0,140.6
892,160,0,140.7
893,160,0,140.9
894,160,0,140.9
895,160,0,141.0
896,160,0,140.4
897,160,0,140.4
898,160,0,140.5
899,160,0,140.5
900,160,0,139.9
901,160,0,138.8
902,160,0,139.0
903,160,0,139.1
904,160,0,139.2
905,160,0,139.3
906,160,0,139.3
907,160,0,138.7
908,160,0,138.7
909,160,0,138.8
910,160,0,138.7
911,160,0,138.7
912,160,0,138.1
913,160,0,138.1
914,160,0,137.6
915,160,0,137.6
916,160,0,137.6
917,160,0,137.6
918,160,0,137.0
919,160,0,137.1
920,160,0,137.1
921,160,0,137.1
922,160,0,137.0
923,160,0,137.0
924,160,0,136.3
925,160,0,136.3
926,160,0,136.3
927,160,0,136.3
928,160,0,136.2
929,160,0,136.1
930,160,0,135.5
931,160,0,135.4
932,160,0,135.4
933,160,0,135.4
934,160,0,135.3
935,160,0,135.2
936,160,0,135.2
937,160,0,134.5
938,160,0,134.4
939,160,0,134.4
940,160,0,134.4
941,160,0,134.3
942,160,0,134.2
943,160,0,134.1
944,160,0,133.4
945,160,0,133.4
946,160,0,133.4
947,160,0,133.3
948,160,0,133.3
949,160,0,133.2
950,160,0,133.1
951,160,0,132.4
952,160,0,132.4
953,160,0,132.3
954,160,0,132.3
955,160,0,132.2
956,160,0,132.1
957,160,0,132.1
958,160,0,132.0
959,160,0,131.3
960,160,0,131.2
961,160,0,131.2
962,160,0,131.1
963,160,0,131.1
964,160,0,131.0
965,160,0,130.9
966,160,0,130.8
967,160,0,130.1
968,160,0,130.1
969,160,0,130.1
970,160,0,130.0
971,160,0,129.9
972,160,0,129.9
973,160,0,129.8
974,160,0,129.7
975,160,0,129.6
976,160,0,128.9
977,160,0,128.8
978,160,0,128.8
979,160,0,128.8
980,160,0,128.7
981,160,0,128.6
982,160,0,128.5
983,160,0,128.4
984,160,0,128.3
985,160,0,128.2
986,160,0,128.1
987,160,0,127.4
988,160,0,127.4
989,160,0,127.3
990,160,0,127.3
991,160,0,127.2
992,160,0,127.1
993,160,0,127.0
994,160,0,126.9
995,160,0,126.8
996,160,0,126.7
997,160,0,126.6
998,160,0,126.5
999,160,0,126.4
1000,160,0,125.7
