tick,pop,avg_dist,at_food,knowledge_spread
1,50,84.8,0,0
2,50,84.8,0,0
3,50,84.8,0,0
4,50,84.8,0,0
5,50,84.8,0,0
6,50,84.8,0,0
7,50,84.8,0,0
8,50,84.7,0,0
9,50,84.7,0,0
10,50,84.7,0,0
11,50,84.7,0,0
12,50,84.7,0,0
13,50,84.7,0,0
14,50,84.7,0,0
15,50,84.6,0,0
16,50,84.6,0,0
17,50,84.6,0,0
18,50,84.6,0,0
19,50,84.6,0,0
20,50,84.6,0,0
21,50,84.6,0,0
22,50,84.5,0,0
23,50,84.5,0,0
24,50,84.5,0,0
25,50,84.5,0,0
26,50,84.5,0,0
27,50,84.5,0,0
28,50,84.5,0,0
29,50,84.4,0,0
30,50,84.4,0,0
31,50,84.4,0,0
32,50,84.4,0,0
33,50,84.4,0,0
34,50,84.4,0,0
35,50,84.4,0,0
36,50,84.3,0,0
37,50,84.3,0,0
38,50,84.3,0,0
39,50,84.3,0,0
40,50,84.3,0,0
41,50,84.3,0,0
42,50,84.3,0,0
43,50,84.2,0,0
44,50,84.2,0,0
45,50,84.2,0,0
46,50,84.2,0,0
47,50,84.2,0,0
48,50,84.2,0,0
49,50,84.2,0,0
50,50,84.1,0,0
51,50,84.1,0,0
52,50,84.1,0,0
53,50,84.1,0,0
54,50,84.1,0,0
55,50,84.1,0,0
56,50,84.1,0,0
57,50,84.1,0,0
58,50,84.0,0,0
59,50,84.0,0,0
60,50,84.0,0,0
61,50,84.0,0,0
62,50,84.0,0,0
63,50,84.0,0,0
64,50,84.0,0,0
65,50,83.9,0,0
66,50,83.9,0,0
67,50,83.9,0,0
68,50,83.9,0,0
69,50,83.9,0,0
70,50,83.9,0,0
71,50,83.9,0,0
72,50,83.8,0,0
73,50,83.8,0,0
74,50,83.8,0,0
75,50,83.8,0,0
76,50,83.8,0,0
77,50,83.8,0,0
78,50,83.8,0,0
79,50,83.7,0,0
80,50,83.7,0,0
81,50,83.7,0,0
82,50,83.7,0,0
83,50,83.7,0,0
84,50,83.7,0,0
85,50,83.7,0,0
86,50,83.6,0,0
87,50,83.6,0,0
88,50,83.6,0,0
89,50,83.6,0,0
90,50,83.6,0,0
91,50,83.6,0,0
92,50,83.6,0,0
93,50,83.5,0,0
94,50,83.5,0,0
95,50,83.5,0,0
96,50,83.5,0,0
97,50,83.5,0,0
98,50,83.5,0,0
99,50,83.5,0,0
100,50,83.4,0,0
101,50,83.4,0,0
102,50,83.4,0,0
103,50,83.4,0,0
104,50,83.4,0,0
105,50,83.4,0,0
106,50,83.4,0,0
107,50,83.3,0,0
108,50,83.3,0,0
109,50,83.3,0,0
110,50,83.3,0,0
111,50,83.3,0,0
112,50,83.3,0,0
113,50,83.3,0,0
114,50,83.2,0,0
115,50,83.2,0,0
116,50,83.2,0,0
117,50,83.2,0,0
118,50,83.2,0,0
119,50,83.2,0,0
120,50,83.2,0,0
121,50,83.2,0,0
122,50,83.1,0,0
123,50,83.1,0,0
124,50,83.1,0,0
125,50,83.1,0,0
126,50,83.1,0,0
127,50,83.1,0,0
128,50,83.1,0,0
129,50,83.0,0,0
130,50,83.0,0,0
131,50,83.0,0,0
132,50,83.0,0,0
133,50,83.0,0,0
134,50,83.0,0,0
135,50,83.0,0,0
136,50,82.9,0,0
137,50,82.9,0,0
138,50,82.9,0,0
139,50,82.9,0,0
140,50,82.9,0,0
141,50,82.9,0,0
142,50,82.9,0,0
143,50,82.8,0,0
144,50,82.8,0,0
145,50,82.8,0,0
146,50,82.8,0,0
147,50,82.8,0,0
148,50,82.8,0,0
149,50,82.8,0,0
150,50,82.7,0,0
151,50,82.7,0,0
152,50,82.7,0,0
153,50,82.7,0,0
154,50,82.7,0,0
155,50,82.7,0,0
156,50,82.7,0,0
157,50,82.6,0,0
158,50,82.6,0,0
159,50,82.6,0,0
160,50,82.6,0,0
161,50,82.6,0,0
162,50,82.6,0,0
163,50,82.6,0,0
164,50,82.5,0,0
165,50,82.5,0,0
166,50,82.5,0,0
167,50,82.5,0,0
168,50,82.5,0,0
169,50,82.5,0,0
170,50,82.5,0,0
171,50,82.4,0,0
172,50,82.4,0,0
173,50,82.4,0,0
174,50,82.4,0,0
175,50,82.4,0,0
176,50,82.4,0,0
177,50,82.4,0,0
178,50,82.3,0,0
179,50,82.3,0,0
180,50,82.3,0,0
181,50,82.3,0,0
182,50,82.3,0,0
183,50,82.3,0,0
184,50,82.3,0,0
185,50,82.2,0,0
186,50,82.2,0,0
187,50,82.2,0,0
188,50,82.2,0,0
189,50,82.2,0,0
190,50,82.2,0,0
191,50,82.2,0,0
192,50,82.1,0,0
193,50,82.1,0,0
194,50,82.1,0,0
195,50,82.1,0,0
196,50,82.1,0,0
197,50,82.1,0,0
198,50,82.1,0,0
199,50,82.1,0,0
200,50,82.0,0,0
201,50,82.0,0,0
202,50,82.0,0,0
203,50,82.0,0,0
204,50,82.0,0,0
205,50,82.0,0,0
206,50,82.0,0,0
207,50,81.9,0,0
208,50,81.9,0,0
209,50,81.9,0,0
210,50,81.9,0,0
211,50,81.9,0,0
212,50,81.9,0,0
213,50,81.9,0,0
214,50,81.8,0,0
215,50,81.8,0,0
216,50,81.8,0,0
217,50,81.8,0,0
218,50,81.8,0,0
219,50,81.8,0,0
220,50,81.8,0,0
221,50,81.7,0,0
222,50,81.7,0,0
223,50,81.7,0,0
224,50,81.7,0,0
225,50,81.7,0,0
226,50,81.7,0,0
227,50,81.7,0,0
228,50,81.6,0,0
229,50,81.6,0,0
230,50,81.6,0,0
231,50,81.6,0,0
232,50,81.6,0,0
233,50,81.6,0,0
234,50,81.6,0,0
235,50,81.5,0,0
236,50,81.5,0,0
237,50,81.5,0,0
238,50,81.5,0,0
239,50,81.5,0,0
240,50,81.5,0,0
241,50,81.5,0,0
242,50,81.4,0,0
243,50,81.4,0,0
244,50,81.4,0,0
245,50,81.4,0,0
246,50,81.4,0,0
247,50,81.4,0,0
248,50,81.4,0,0
249,50,81.3,0,0
250,50,81.3,0,0
251,50,81.3,0,0
252,50,81.3,0,0
253,50,81.3,0,0
254,50,81.3,0,0
255,50,81.3,0,0
256,50,81.2,0,0
257,50,81.2,0,0
258,50,81.2,0,0
259,50,81.2,0,0
260,50,81.2,0,0
261,50,81.2,0,0
262,50,81.2,0,0
263,50,81.2,0,0
264,50,81.1,0,0
265,50,81.1,0,0
266,50,81.1,0,0
267,50,81.1,0,0
268,50,81.1,0,0
269,50,81.1,0,0
270,50,81.1,0,0
271,50,81.0,0,0
272,50,81.0,0,0
273,50,81.0,0,0
274,50,81.0,0,0
275,50,81.0,0,0
276,50,81.0,0,0
277,50,81.0,0,0
278,50,80.9,0,0
279,50,80.9,0,0
280,50,80.9,0,0
281,50,80.9,0,0
282,50,80.9,0,0
283,50,80.9,0,0
284,50,80.9,0,0
285,50,80.8,0,0
286,50,80.8,0,0
287,50,80.8,0,0
288,50,80.8,0,0
289,50,80.8,0,0
290,50,80.8,0,0
291,50,80.8,0,0
292,50,80.7,0,0
293,50,80.7,0,0
294,50,80.7,0,0
295,50,80.7,0,0
296,50,80.7,0,0
297,50,80.7,0,0
298,50,80.7,0,0
299,50,80.6,0,0
300,50,80.6,0,0
301,50,80.6,0,0
302,50,80.6,0,0
303,50,80.6,0,0
304,50,80.6,0,0
305,50,80.6,0,0
306,50,80.5,0,0
307,50,80.5,0,0
308,50,80.5,0,0
309,50,80.5,0,0
310,50,80.5,0,0
311,50,80.5,0,0
312,50,80.5,0,0
313,50,80.4,0,0
314,50,80.4,0,0
315,50,80.4,0,0
316,50,80.4,0,0
317,50,80.4,0,0
318,50,80.4,0,0
319,50,80.4,0,0
320,50,80.3,0,0
321,50,80.3,0,0
322,50,80.3,0,0
323,50,80.3,0,0
324,50,80.3,0,0
325,50,80.3,0,0
326,50,80.3,0,0
327,50,80.2,0,0
328,50,80.2,0,0
329,50,80.2,0,0
330,50,80.2,0,0
331,50,80.2,0,0
332,50,80.2,0,0
333,50,80.2,0,0
334,50,80.2,0,0
335,50,80.1,0,0
336,50,80.1,0,0
337,50,80.1,0,0
338,50,80.1,0,0
339,50,80.1,0,0
340,50,80.1,0,0
341,50,80.1,0,0
342,50,80.0,0,0
343,50,80.0,0,0
344,50,80.0,0,0
345,50,80.0,0,0
346,50,80.0,0,0
347,50,80.0,0,0
348,50,80.0,0,0
349,50,79.9,0,0
350,50,79.9,0,0
351,50,79.9,0,0
352,50,79.9,0,0
353,50,79.9,0,0
354,50,79.9,0,0
355,50,79.9,0,0
356,50,79.8,0,0
357,50,79.8,0,0
358,50,79.8,0,0
359,50,79.8,0,0
360,50,79.8,0,0
361,50,79.8,0,0
362,50,79.8,0,0
363,50,79.7,0,0
364,50,79.7,0,0
365,50,79.7,0,0
366,50,79.7,0,0
367,50,79.7,0,0
368,50,79.7,0,0
369,50,79.7,0,0
370,50,79.6,0,0
371,50,79.6,0,0
372,50,79.6,0,0
373,50,79.6,0,0
374,50,79.6,0,0
375,50,79.6,0,0
376,50,79.6,0,0
377,50,79.5,0,0
378,50,79.5,0,0
379,50,79.5,0,0
380,50,79.5,0,0
381,50,79.5,0,0
382,50,79.5,0,0
383,50,79.5,0,0
384,50,79.5,0,0
385,50,79.4,0,0
386,50,79.4,0,0
387,50,79.4,0,0
388,50,79.4,0,0
389,50,79.4,0,0
390,50,79.4,0,0
391,50,79.4,0,0
392,50,79.3,0,0
393,50,79.3,0,0
394,50,79.3,0,0
395,50,79.3,0,0
396,50,79.3,0,0
397,50,79.3,0,0
398,50,79.3,0,0
399,50,79.2,0,0
400,50,79.2,0,0
401,50,79.2,0,0
402,50,79.2,0,0
403,50,79.2,0,0
404,50,79.2,0,0
405,50,79.2,0,0
406,50,79.1,0,0
407,50,79.1,0,0
408,50,79.1,0,0
409,50,79.1,0,0
410,50,79.1,0,0
411,50,79.1,0,0
412,50,79.1,0,0
413,50,79.0,0,0
414,50,79.0,0,0
415,50,79.0,0,0
416,50,79.0,0,0
417,50,79.0,0,0
418,50,79.0,0,0
419,50,79.0,0,0
420,50,78.9,0,0
421,50,78.9,0,0
422,50,78.9,0,0
423,50,78.9,0,0
424,50,78.9,0,0
425,50,78.9,0,0
426,50,78.9,0,0
427,50,78.8,0,0
428,50,78.8,0,0
429,50,78.8,0,0
430,50,78.8,0,0
431,50,78.8,0,0
432,50,78.8,0,0
433,50,78.8,0,0
434,50,78.7,0,0
435,50,78.7,0,0
436,50,78.7,0,0
437,50,78.7,0,0
438,50,78.7,0,0
439,50,78.7,0,0
440,50,78.7,0,0
441,50,78.6,0,0
442,50,78.6,0,0
443,50,78.6,0,0
444,50,78.6,0,0
445,50,78.6,0,0
446,50,78.6,0,0
447,50,78.6,0,0
448,50,78.6,0,0
449,50,78.5,0,0
450,50,78.5,0,0
451,50,78.5,0,0
452,50,78.5,0,0
453,50,78.5,0,0
454,50,78.5,0,0
455,50,78.5,0,0
456,50,78.4,0,0
457,50,78.4,0,0
458,50,78.4,0,0
459,50,78.4,0,0
460,50,78.4,0,0
461,50,78.4,0,0
462,50,78.4,0,0
463,50,78.3,0,0
464,50,78.3,0,0
465,50,78.3,0,0
466,50,78.3,0,0
467,50,78.3,0,0
468,50,78.3,0,0
469,50,78.3,0,0
470,50,78.2,0,0
471,50,78.2,0,0
472,50,78.2,0,0
473,50,78.2,0,0
474,50,78.2,0,0
475,50,78.2,0,0
476,50,78.2,0,0
477,50,78.1,0,0
478,50,78.1,0,0
479,50,78.1,0,0
480,50,78.1,0,0
481,50,78.1,0,0
482,50,78.1,0,0
483,50,78.1,0,0
484,50,78.0,0,0
485,50,78.0,0,0
486,50,78.0,0,0
487,50,78.0,0,0
488,50,78.0,0,0
489,50,78.0,0,0
490,50,78.0,0,0
491,50,77.9,0,0
492,50,77.9,0,0
493,50,77.9,0,0
494,50,77.9,0,0
495,50,77.9,0,0
496,50,77.9,0,0
497,50,77.9,0,0
498,50,77.8,0,0
499,50,77.8,0,0
500,50,77.8,0,0
501,50,77.8,0,0
502,50,77.8,0,0
503,50,77.8,0,0
504,50,77.8,0,0
505,50,77.7,0,0
506,50,77.7,0,0
507,50,77.7,0,0
508,50,77.7,0,0
509,50,77.7,0,0
510,50,77.7,0,0
511,50,77.7,0,0
512,50,77.7,0,0
513,50,77.6,0,0
514,50,77.6,0,0
515,50,77.6,0,0
516,50,77.6,0,0
517,50,77.6,0,0
518,50,77.6,0,0
519,50,77.6,0,0
520,50,77.5,0,0
521,50,77.5,0,0
522,50,77.5,0,0
523,50,77.5,0,0
524,50,77.5,0,0
525,50,77.5,0,0
526,50,77.5,0,0
527,50,77.4,0,0
528,50,77.4,0,0
529,50,77.4,0,0
530,50,77.4,0,0
531,50,77.4,0,0
532,50,77.4,0,0
533,50,77.4,0,0
534,50,77.3,0,0
535,50,77.3,0,0
536,50,77.3,0,0
537,50,77.3,0,0
538,50,77.3,0,0
539,50,77.3,0,0
540,50,77.3,0,0
541,50,77.2,0,0
542,50,77.2,0,0
543,50,77.2,0,0
544,50,77.2,0,0
545,50,77.2,0,0
546,50,77.2,0,0
547,50,77.2,0,0
548,50,77.1,0,0
549,50,77.1,0,0
550,50,77.1,0,0
551,50,77.1,0,0
552,50,77.1,0,0
553,50,77.1,0,0
554,50,77.1,0,0
555,50,77.0,0,0
556,50,77.0,0,0
557,50,77.0,0,0
558,50,77.0,0,0
559,50,77.0,0,0
560,50,77.0,0,0
561,50,77.0,0,0
562,50,76.9,0,0
563,50,76.9,0,0
564,50,76.9,0,0
565,50,76.9,0,0
566,50,76.9,0,0
567,50,76.9,0,0
568,50,76.9,0,0
569,50,76.9,0,0
570,50,76.8,0,0
571,50,76.8,0,0
572,50,76.8,0,0
573,50,76.8,0,0
574,50,76.8,0,0
575,50,76.8,0,0
576,50,76.8,0,0
577,50,76.7,0,0
578,50,76.7,0,0
579,50,76.7,0,0
580,50,76.7,0,0
581,50,76.7,0,0
582,50,76.7,0,0
583,50,76.7,0,0
584,50,76.6,0,0
585,50,76.6,0,0
586,50,76.6,0,0
587,50,76.6,0,0
588,50,76.6,0,0
589,50,76.6,0,0
590,50,76.6,0,0
591,50,76.5,0,0
592,50,76.5,0,0
593,50,76.5,0,0
594,50,76.5,0,0
595,50,76.5,0,0
596,50,76.5,0,0
597,50,76.5,0,0
598,50,76.4,0,0
599,50,76.4,0,0
600,50,76.4,0,0
601,50,76.4,0,0
602,50,76.4,0,0
603,50,76.4,0,0
604,50,76.4,0,0
605,50,76.3,0,0
606,50,76.3,0,0
607,50,76.3,0,0
608,50,76.3,0,0
609,50,76.3,0,0
610,50,76.3,0,0
611,50,76.3,0,0
612,50,76.2,0,0
613,50,76.2,0,0
614,50,76.2,0,0
615,50,76.2,0,0
616,50,76.2,0,0
617,50,76.2,0,0
618,50,76.2,0,0
619,50,76.2,0,0
620,50,76.1,0,0
621,50,76.1,0,0
622,50,76.1,0,0
623,50,76.1,0,0
624,50,76.1,0,0
625,50,76.1,0,0
626,50,76.1,0,0
627,50,76.0,0,0
628,50,76.0,0,0
629,50,76.0,0,0
630,50,76.0,0,0
631,50,76.0,0,0
632,50,76.0,0,0
633,50,76.0,0,0
634,50,75.9,0,0
635,50,75.9,0,0
636,50,75.9,0,0
637,50,75.9,0,0
638,50,75.9,0,0
639,50,75.9,0,0
640,50,75.9,0,0
641,50,75.8,0,0
642,50,75.8,0,0
643,50,75.8,0,0
644,50,75.8,0,0
645,50,75.8,0,0
646,50,75.8,0,0
647,50,75.8,0,0
648,50,75.7,0,0
649,50,75.7,0,0
650,50,75.7,0,0
651,50,75.7,0,0
652,50,75.7,0,0
653,50,75.7,0,0
654,50,75.7,0,0
655,50,75.6,0,0
656,50,75.6,0,0
657,50,75.6,0,0
658,50,75.6,0,0
659,50,75.6,0,0
660,50,75.6,0,0
661,50,75.6,0,0
662,50,75.5,0,0
663,50,75.5,0,0
664,50,75.5,0,0
665,50,75.5,0,0
666,50,75.5,0,0
667,50,75.5,0,0
668,50,75.5,0,0
669,50,75.4,0,0
670,50,75.4,0,0
671,50,75.4,0,0
672,50,75.4,0,0
673,50,75.4,0,0
674,50,75.4,0,0
675,50,75.4,0,0
676,50,75.3,0,0
677,50,75.3,0,0
678,50,75.3,0,0
679,50,75.3,0,0
680,50,75.3,0,0
681,50,75.3,0,0
682,50,75.3,0,0
683,50,75.2,0,0
684,50,75.2,0,0
685,50,75.2,0,0
686,50,75.2,0,0
687,50,75.2,0,0
688,50,75.2,0,0
689,50,75.2,0,0
690,50,75.1,0,0
691,50,75.1,0,0
692,50,75.1,0,0
693,50,75.1,0,0
694,50,75.1,0,0
695,50,75.1,0,0
696,50,75.1,0,0
697,50,75.0,0,0
698,50,75.0,0,0
699,50,75.0,0,0
700,50,75.0,0,0
701,50,75.0,0,0
702,50,75.0,0,0
703,50,75.0,0,0
704,50,75.0,0,0
705,50,74.9,0,0
706,50,74.9,0,0
707,50,74.9,0,0
708,50,74.9,0,0
709,50,74.9,0,0
710,50,74.9,0,0
711,50,74.9,0,0
712,50,74.8,0,0
713,50,74.8,0,0
714,50,74.8,0,0
715,50,74.8,0,0
716,50,74.8,0,0
717,50,74.8,0,0
718,50,74.8,0,0
719,50,74.7,0,0
720,50,74.7,0,0
721,50,74.7,0,0
722,50,74.7,0,0
723,50,74.7,0,0
724,50,74.7,0,0
725,50,74.7,0,0
726,50,74.6,0,0
727,50,74.6,0,0
728,50,74.6,0,0
729,50,74.6,0,0
730,50,74.6,0,0
731,50,74.6,0,0
732,50,74.6,0,0
733,50,74.5,0,0
734,50,74.5,0,0
735,50,74.5,0,0
736,50,74.5,0,0
737,50,74.5,0,0
738,50,74.5,0,0
739,50,74.5,0,0
740,50,74.4,0,0
741,50,74.4,0,0
742,50,74.4,0,0
743,50,74.4,0,0
744,50,74.4,0,0
745,50,74.4,0,0
746,50,74.4,0,0
747,50,74.3,0,0
748,50,74.3,0,0
749,50,74.3,0,0
750,50,74.3,0,0
751,50,74.3,0,0
752,50,74.3,0,0
753,50,74.3,0,0
754,50,74.2,0,0
755,50,74.2,0,0
756,50,74.2,0,0
757,50,74.2,0,0
758,50,74.2,0,0
759,50,74.2,0,0
760,50,74.2,0,0
761,50,74.1,0,0
762,50,74.1,0,0
763,50,74.1,0,0
764,50,74.1,0,0
765,50,74.1,0,0
766,50,74.1,0,0
767,50,74.1,0,0
768,50,74.0,0,0
769,50,74.0,0,0
770,50,74.0,0,0
771,50,74.0,0,0
772,50,74.0,0,0
773,50,74.0,0,0
774,50,74.0,0,0
775,50,73.9,0,0
776,50,73.9,0,0
777,50,73.9,0,0
778,50,73.9,0,0
779,50,73.9,0,0
780,50,73.9,0,0
781,50,73.9,0,0
782,50,73.8,0,0
783,50,73.8,0,0
784,50,73.8,0,0
785,50,73.8,0,0
786,50,73.8,0,0
787,50,73.8,0,0
788,50,73.8,0,0
789,50,73.8,0,0
790,50,73.7,0,0
791,50,73.7,0,0
792,50,73.7,0,0
793,50,73.7,0,0
794,50,73.7,0,0
795,50,73.7,0,0
796,50,73.7,0,0
797,50,73.6,0,0
798,50,73.6,0,0
799,50,73.6,0,0
800,50,73.6,0,0
801,50,73.6,0,0
802,50,73.6,0,0
803,50,73.5,0,0
804,50,73.5,0,0
805,50,73.5,0,0
806,50,73.5,0,0
807,50,73.5,0,0
808,50,73.5,0,0
809,50,73.5,0,0
810,50,73.5,0,0
811,50,73.4,0,0
812,50,73.4,0,0
813,50,73.4,0,0
814,50,73.4,0,0
815,50,73.4,0,0
816,50,73.4,0,0
817,50,73.4,0,0
818,50,73.3,0,0
819,50,73.3,0,0
820,50,73.3,0,0
821,50,73.3,0,0
822,50,73.3,0,0
823,50,73.3,0,0
824,50,73.3,0,0
825,50,73.2,0,0
826,50,73.2,0,0
827,50,73.2,0,0
828,50,73.2,0,0
829,50,73.2,0,0
830,50,73.2,0,0
831,50,73.2,0,0
832,50,73.1,0,0
833,50,73.1,0,0
834,50,73.1,0,0
835,50,73.1,0,0
836,50,73.1,0,0
837,50,73.1,0,0
838,50,73.1,0,0
839,50,73.0,0,0
840,50,73.0,0,0
841,50,73.0,0,0
842,50,73.0,0,0
843,50,73.0,0,0
844,50,73.0,0,0
845,50,73.0,0,0
846,50,72.9,0,0
847,50,72.9,0,0
848,50,72.9,0,0
849,50,72.9,0,0
850,50,72.9,0,0
851,50,72.9,0,0
852,50,72.9,0,0
853,50,72.8,0,0
854,50,72.8,0,0
855,50,72.8,0,0
856,50,72.8,0,0
857,50,72.8,0,0
858,50,72.8,0,0
859,50,72.8,0,0
860,50,72.7,0,0
861,50,72.7,0,0
862,50,72.7,0,0
863,50,72.7,0,0
864,50,72.7,0,0
865,50,72.7,0,0
866,50,72.7,0,0
867,50,72.6,0,0
868,50,72.6,0,0
869,50,72.6,0,0
870,50,72.6,0,0
871,50,72.6,0,0
872,50,72.6,0,0
873,50,72.6,0,0
874,50,72.5,0,0
875,50,72.5,0,0
876,50,72.5,0,0
877,50,72.5,0,0
878,50,72.5,0,0
879,50,72.5,0,0
880,50,72.5,0,0
881,50,72.5,0,0
882,50,72.4,0,0
883,50,72.4,0,0
884,50,72.4,0,0
885,50,72.4,0,0
886,50,72.4,0,0
887,50,72.4,0,0
888,50,72.4,0,0
889,50,72.3,0,0
890,50,72.3,0,0
891,50,72.3,0,0
892,50,72.3,0,0
893,50,72.3,0,0
894,50,72.3,0,0
895,50,72.3,0,0
896,50,72.2,0,0
897,50,72.2,0,0
898,50,72.2,0,0
899,50,72.2,0,0
900,50,72.2,0,0
901,50,72.2,0,0
902,50,72.2,0,0
903,50,72.1,0,0
904,50,72.1,0,0
905,50,72.1,0,0
906,50,72.1,0,0
907,50,72.1,0,0
908,50,72.1,0,0
909,50,72.1,0,0
910,50,72.1,0,0
911,50,72.0,0,0
912,50,72.0,0,0
913,50,72.0,0,0
914,50,72.0,0,0
915,50,72.0,0,0
916,50,72.0,0,0
917,50,72.0,0,0
918,50,71.9,0,0
919,50,71.9,0,0
920,50,71.9,0,0
921,50,71.9,0,0
922,50,71.9,0,0
923,50,71.9,0,0
924,50,71.9,0,0
925,50,71.8,0,0
926,50,71.8,0,0
927,50,71.8,0,0
928,50,71.8,0,0
929,50,71.8,0,0
930,50,71.8,0,0
931,50,71.8,0,0
932,50,71.7,0,0
933,50,71.7,0,0
934,50,71.7,0,0
935,50,71.7,0,0
936,50,71.7,0,0
937,50,71.7,0,0
938,50,71.7,0,0
939,50,71.6,0,0
940,50,71.6,0,0
941,50,71.6,0,0
942,50,71.6,0,0
943,50,71.6,0,0
944,50,71.6,0,0
945,50,71.6,0,0
946,50,71.5,0,0
947,50,71.5,0,0
948,50,71.5,0,0
949,50,71.5,0,0
950,50,71.5,0,0
951,50,71.5,0,0
952,50,71.5,0,0
953,50,71.4,0,0
954,50,71.4,0,0
955,50,71.4,0,0
956,50,71.4,0,0
957,50,71.4,0,0
958,50,71.4,0,0
959,50,71.4,0,0
960,50,71.3,0,0
961,50,71.3,0,0
962,50,71.3,0,0
963,50,71.3,0,0
964,50,71.3,0,0
965,50,71.3,0,0
966,50,71.3,0,0
967,50,71.2,0,0
968,50,71.2,0,0
969,50,71.2,0,0
970,50,71.2,0,0
971,50,71.2,0,0
972,50,71.2,0,0
973,50,71.2,0,0
974,50,71.1,0,0
975,50,71.1,0,0
976,50,71.1,0,0
977,50,71.1,0,0
978,50,71.1,0,0
979,50,71.1,0,0
980,50,71.1,0,0
981,50,71.1,0,0
982,50,71.0,0,0
983,50,71.0,0,0
984,50,71.0,0,0
985,50,71.0,0,0
986,50,71.0,0,0
987,50,71.0,0,0
988,50,71.0,0,0
989,50,70.9,0,0
990,50,70.9,0,0
991,50,70.9,0,0
992,50,70.9,0,0
993,50,70.9,0,0
994,50,70.9,0,0
995,50,70.9,0,0
996,50,70.8,0,0
997,50,70.8,0,0
998,50,70.8,0,0
999,50,70.8,0,0
1000,50,70.8,0,0
1001,50,70.8,0,0
1002,50,70.8,0,0
1003,50,70.7,0,0
1004,50,70.7,0,0
1005,50,70.7,0,0
1006,50,70.7,0,0
1007,50,70.7,0,0
1008,50,70.7,0,0
1009,50,70.7,0,0
1010,50,70.6,0,0
1011,50,70.6,0,0
1012,50,70.6,0,0
1013,50,70.6,0,0
1014,50,70.6,0,0
1015,50,70.6,0,0
1016,50,70.6,0,0
1017,50,70.5,0,0
1018,50,70.5,0,0
1019,50,70.5,0,0
1020,50,70.5,0,0
1021,50,70.5,0,0
1022,50,70.5,0,0
1023,50,70.5,0,0
1024,50,70.4,0,0
1025,50,70.4,0,0
1026,50,70.4,0,0
1027,50,70.4,0,0
1028,50,70.4,0,0
1029,50,70.4,0,0
1030,50,70.4,0,0
1031,50,70.4,0,0
1032,50,70.3,0,0
1033,50,70.3,0,0
1034,50,70.3,0,0
1035,50,70.3,0,0
1036,50,70.3,0,0
1037,50,70.3,0,0
1038,50,70.3,0,0
1039,50,70.2,0,0
1040,50,70.2,0,0
1041,50,70.2,0,0
1042,50,70.2,0,0
1043,50,70.2,0,0
1044,50,70.2,0,0
1045,50,70.2,0,0
1046,50,70.1,0,0
1047,50,70.1,0,0
1048,50,70.1,0,0
1049,50,70.1,0,0
1050,50,70.1,0,0
1051,50,70.1,0,0
1052,50,70.1,0,0
1053,50,70.0,0,0
1054,50,70.0,0,0
1055,50,70.0,0,0
1056,50,70.0,0,0
1057,50,70.0,0,0
1058,50,70.0,0,0
1059,50,70.0,0,0
1060,50,69.9,0,0
1061,50,69.9,0,0
1062,50,69.9,0,0
1063,50,69.9,0,0
1064,50,69.9,0,0
1065,50,69.9,0,0
1066,50,69.9,0,0
1067,50,69.8,0,0
1068,50,69.8,0,0
1069,50,69.8,0,0
1070,50,69.8,0,0
1071,50,69.8,0,0
1072,50,69.8,0,0
1073,50,69.8,0,0
1074,50,69.7,0,0
1075,50,69.7,0,0
1076,50,69.7,0,0
1077,50,69.7,0,0
1078,50,69.7,0,0
1079,50,69.7,0,0
1080,50,69.7,0,0
1081,50,69.6,0,0
1082,50,69.6,0,0
1083,50,69.6,0,0
1084,50,69.6,0,0
1085,50,69.6,0,0
1086,50,69.6,0,0
1087,50,69.6,0,0
1088,50,69.5,0,0
1089,50,69.5,0,0
1090,50,69.5,0,0
1091,50,69.5,0,0
1092,50,69.5,0,0
1093,50,69.5,0,0
1094,50,69.5,0,0
1095,50,69.4,0,0
1096,50,69.4,0,0
1097,50,69.4,0,0
1098,50,69.4,0,0
1099,50,69.4,0,0
1100,50,69.4,0,0
1101,50,69.4,0,0
1102,50,69.4,0,0
1103,50,69.3,0,0
1104,50,69.3,0,0
1105,50,69.3,0,0
1106,50,69.3,0,0
1107,50,69.3,0,0
1108,50,69.3,0,0
1109,50,69.3,0,0
1110,50,69.2,0,0
1111,50,69.2,0,0
1112,50,69.2,0,0
1113,50,69.2,0,0
1114,50,69.2,0,0
1115,50,69.2,0,0
1116,50,69.2,0,0
1117,50,69.1,0,0
1118,50,69.1,0,0
1119,50,69.1,0,0
1120,50,69.1,0,0
1121,50,69.1,0,0
1122,50,69.1,0,0
1123,50,69.1,0,0
1124,50,69.0,0,0
1125,50,69.0,0,0
1126,50,69.0,0,0
1127,50,69.0,0,0
1128,50,69.0,0,0
1129,50,69.0,0,0
1130,50,69.0,0,0
1131,50,68.9,0,0
1132,50,68.9,0,0
1133,50,68.9,0,0
1134,50,68.9,0,0
1135,50,68.9,0,0
1136,50,68.9,0,0
1137,50,68.9,0,0
1138,50,68.8,0,0
1139,50,68.8,0,0
1140,50,68.8,0,0
1141,50,68.8,0,0
1142,50,68.8,0,0
1143,50,68.8,0,0
1144,50,68.8,0,0
1145,50,68.8,0,0
1146,50,68.7,0,0
1147,50,68.7,0,0
1148,50,68.7,0,0
1149,50,68.7,0,0
1150,50,68.7,0,0
1151,50,68.7,0,0
1152,50,68.7,0,0
1153,50,68.6,0,0
1154,50,68.6,0,0
1155,50,68.6,0,0
1156,50,68.6,0,0
1157,50,68.6,0,0
1158,50,68.6,0,0
1159,50,68.6,0,0
1160,50,68.5,0,0
1161,50,68.5,0,0
1162,50,68.5,0,0
1163,50,68.5,0,0
1164,50,68.5,0,0
1165,50,68.5,0,0
1166,50,68.5,0,0
1167,50,68.4,0,0
1168,50,68.4,0,0
1169,50,68.4,0,0
1170,50,68.4,0,0
1171,50,68.4,0,0
1172,50,68.4,0,0
1173,50,68.4,0,0
1174,50,68.3,0,0
1175,50,68.3,0,0
1176,50,68.3,0,0
1177,50,68.3,0,0
1178,50,68.3,0,0
1179,50,68.3,0,0
1180,50,68.3,0,0
1181,50,68.2,0,0
1182,50,68.2,0,0
1183,50,68.2,0,0
1184,50,68.2,0,0
1185,50,68.2,0,0
1186,50,68.2,0,0
1187,50,68.2,0,0
1188,50,68.2,0,0
1189,50,68.1,0,0
1190,50,68.1,0,0
1191,50,68.1,0,0
1192,50,68.1,0,0
1193,50,68.1,0,0
1194,50,68.1,0,0
1195,50,68.1,0,0
1196,50,68.0,0,0
1197,50,68.0,0,0
1198,50,68.0,0,0
1199,50,68.0,0,0
1200,50,68.0,0,0
1201,50,68.0,0,0
1202,50,68.0,0,0
1203,50,67.9,0,0
1204,50,67.9,0,0
1205,50,67.9,0,0
1206,50,67.9,0,0
1207,50,67.9,0,0
1208,50,67.9,0,0
1209,50,67.9,0,0
1210,50,67.8,0,0
1211,50,67.8,0,0
1212,50,67.8,0,0
1213,50,67.8,0,0
1214,50,67.8,0,0
1215,50,67.8,0,0
1216,50,67.8,0,0
1217,50,67.7,0,0
1218,50,67.7,0,0
1219,50,67.7,0,0
1220,50,67.7,0,0
1221,50,67.7,0,0
1222,50,67.7,0,0
1223,50,67.7,0,0
1224,50,67.6,0,0
1225,50,67.6,0,0
1226,50,67.6,0,0
1227,50,67.6,0,0
1228,50,67.6,0,0
1229,50,67.6,0,0
1230,50,67.6,0,0
1231,50,67.5,0,0
1232,50,67.5,0,0
1233,50,67.5,0,0
1234,50,67.5,0,0
1235,50,67.5,0,0
1236,50,67.5,0,0
1237,50,67.5,0,0
1238,50,67.4,0,0
1239,50,67.4,0,0
1240,50,67.4,0,0
1241,50,67.4,0,0
1242,50,67.4,0,0
1243,50,67.4,0,0
1244,50,67.4,0,0
1245,50,67.3,0,0
1246,50,67.3,0,0
1247,50,67.3,0,0
1248,50,67.3,0,0
1249,50,67.3,0,0
1250,50,67.3,0,0
1251,50,67.3,0,0
1252,50,67.2,0,0
1253,50,67.2,0,0
1254,50,67.2,0,0
1255,50,67.2,0,0
1256,50,67.2,0,0
1257,50,67.2,0,0
1258,50,67.2,0,0
1259,50,67.1,0,0
1260,50,67.1,0,0
1261,50,67.1,0,0
1262,50,67.1,0,0
1263,50,67.1,0,0
1264,50,67.1,0,0
1265,50,67.1,0,0
1266,50,67.1,0,0
1267,50,67.0,0,0
1268,50,67.0,0,0
1269,50,67.0,0,0
1270,50,67.0,0,0
1271,50,67.0,0,0
1272,50,67.0,0,0
1273,50,66.9,0,0
1274,50,66.9,0,0
1275,50,66.9,0,0
1276,50,66.9,0,0
1277,50,66.9,0,0
1278,50,66.9,0,0
1279,50,66.9,0,0
1280,50,66.9,0,0
1281,50,66.8,0,0
1282,50,66.8,0,0
1283,50,66.8,0,0
1284,50,66.8,0,0
1285,50,66.8,0,0
1286,50,66.8,0,0
1287,50,66.8,0,0
1288,50,66.7,0,0
1289,50,66.7,0,0
1290,50,66.7,0,0
1291,50,66.7,0,0
1292,50,66.7,0,0
1293,50,66.7,0,0
1294,50,66.7,0,0
1295,50,66.6,0,0
1296,50,66.6,0,0
1297,50,66.6,0,0
1298,50,66.6,0,0
1299,50,66.6,0,0
1300,50,66.6,0,0
1301,50,66.6,0,0
1302,50,66.5,0,0
1303,50,66.5,0,0
1304,50,66.5,0,0
1305,50,66.5,0,0
1306,50,66.5,0,0
1307,50,66.5,0,0
1308,50,66.5,0,0
1309,50,66.4,0,0
1310,50,66.4,0,0
1311,50,66.4,0,0
1312,50,66.4,0,0
1313,50,66.4,0,0
1314,50,66.4,0,0
1315,50,66.4,0,0
1316,50,66.3,0,0
1317,50,66.3,0,0
1318,50,66.3,0,0
1319,50,66.3,0,0
1320,50,66.3,0,0
1321,50,66.3,0,0
1322,50,66.3,0,0
1323,50,66.2,0,0
1324,50,66.2,0,0
1325,50,66.2,0,0
1326,50,66.2,0,0
1327,50,66.2,0,0
1328,50,66.2,0,0
1329,50,66.2,0,0
1330,50,66.1,0,0
1331,50,66.1,0,0
1332,50,66.1,0,0
1333,50,66.1,0,0
1334,50,66.1,0,0
1335,50,66.1,0,0
1336,50,66.1,0,0
1337,50,66.0,0,0
1338,50,66.0,0,0
1339,50,66.0,0,0
1340,50,66.0,0,0
1341,50,66.0,0,0
1342,50,66.0,0,0
1343,50,66.0,0,0
1344,50,65.9,0,0
1345,50,65.9,0,0
1346,50,65.9,0,0
1347,50,65.9,0,0
1348,50,65.9,0,0
1349,50,65.9,0,0
1350,50,65.9,0,0
1351,50,65.9,0,0
1352,50,65.8,0,0
1353,50,65.8,0,0
1354,50,65.8,0,0
1355,50,65.8,0,0
1356,50,65.8,0,0
1357,50,65.8,0,0
1358,50,65.8,0,0
1359,50,65.7,0,0
1360,50,65.7,0,0
1361,50,65.7,0,0
1362,50,65.7,0,0
1363,50,65.7,0,0
1364,50,65.7,0,0
1365,50,65.7,0,0
1366,50,65.6,0,0
1367,50,65.6,0,0
1368,50,65.6,0,0
1369,50,65.6,0,0
1370,50,65.6,0,0
1371,50,65.6,0,0
1372,50,65.6,0,0
1373,50,65.5,0,0
1374,50,65.5,0,0
1375,50,65.5,0,0
1376,50,65.5,0,0
1377,50,65.5,0,0
1378,50,65.5,0,0
1379,50,65.5,0,0
1380,50,65.4,0,0
1381,50,65.4,0,0
1382,50,65.4,0,0
1383,50,65.4,0,0
1384,50,65.4,0,0
1385,50,65.4,0,0
1386,50,65.4,0,0
1387,50,65.3,0,0
1388,50,65.3,0,0
1389,50,65.3,0,0
1390,50,65.3,0,0
1391,50,65.3,0,0
1392,50,65.3,0,0
1393,50,65.3,0,0
1394,50,65.2,0,0
1395,50,65.2,0,0
1396,50,65.2,0,0
1397,50,65.2,0,0
1398,50,65.2,0,0
1399,50,65.2,0,0
1400,50,65.2,0,0
1401,50,65.2,0,0
1402,50,65.1,0,0
1403,50,65.1,0,0
1404,50,65.1,0,0
1405,50,65.1,0,0
1406,50,65.1,0,0
1407,50,65.1,0,0
1408,50,65.1,0,0
1409,50,65.0,0,0
1410,50,65.0,0,0
1411,50,65.0,0,0
1412,50,65.0,0,0
1413,50,65.0,0,0
1414,50,65.0,0,0
1415,50,65.0,0,0
1416,50,64.9,0,0
1417,50,64.9,0,0
1418,50,64.9,0,0
1419,50,64.9,0,0
1420,50,64.9,0,0
1421,50,64.9,0,0
1422,50,64.9,0,0
1423,50,64.8,0,0
1424,50,64.8,0,0
1425,50,64.8,0,0
1426,50,64.8,0,0
1427,50,64.8,0,0
1428,50,64.8,0,0
1429,50,64.8,0,0
1430,50,64.7,0,0
1431,50,64.7,0,0
1432,50,64.7,0,0
1433,50,64.7,0,0
1434,50,64.7,0,0
1435,50,64.7,0,0
1436,50,64.7,0,0
1437,50,64.6,0,0
1438,50,64.6,0,0
1439,50,64.6,0,0
1440,50,64.6,0,0
1441,50,64.6,0,0
1442,50,64.6,0,0
1443,50,64.6,0,0
1444,50,64.5,0,0
1445,50,64.5,0,0
1446,50,64.5,0,0
1447,50,64.5,0,0
1448,50,64.5,0,0
1449,50,64.5,0,0
1450,50,64.5,0,0
1451,50,64.4,0,0
1452,50,64.4,0,0
1453,50,64.4,0,0
1454,50,64.4,0,0
1455,50,64.4,0,0
1456,50,64.4,0,0
1457,50,64.4,0,0
1458,50,64.3,0,0
1459,50,64.3,0,0
1460,50,64.3,0,0
1461,50,64.3,0,0
1462,50,64.3,0,0
1463,50,64.3,0,0
1464,50,64.3,0,0
1465,50,64.2,0,0
1466,50,64.2,0,0
1467,50,64.2,0,0
1468,50,64.2,0,0
1469,50,64.2,0,0
1470,50,64.2,0,0
1471,50,64.2,0,0
1472,50,64.1,0,0
1473,50,64.1,0,0
1474,50,64.1,0,0
1475,50,64.1,0,0
1476,50,64.1,0,0
1477,50,64.1,0,0
1478,50,64.1,0,0
1479,50,64.1,0,0
1480,50,64.0,0,0
1481,50,64.0,0,0
1482,50,64.0,0,0
1483,50,64.0,0,0
1484,50,64.0,0,0
1485,50,64.0,0,0
1486,50,63.9,0,0
1487,50,63.9,0,0
1488,50,63.9,0,0
1489,50,63.9,0,0
1490,50,63.9,0,0
1491,50,63.9,0,0
1492,50,63.9,0,0
1493,50,63.8,0,0
1494,50,63.8,0,0
1495,50,63.8,0,0
1496,50,63.8,0,0
1497,50,63.8,0,0
1498,50,63.8,0,0
1499,50,63.8,0,0
1500,50,63.8,0,0
1501,50,63.7,0,0
1502,50,63.7,0,0
1503,50,63.7,0,0
1504,50,63.7,0,0
1505,50,63.7,0,0
1506,50,63.7,0,0
1507,50,63.7,0,0
1508,50,63.6,0,0
1509,50,63.6,0,0
1510,50,63.6,0,0
1511,50,63.6,0,0
1512,50,63.6,0,0
1513,50,63.6,0,0
1514,50,63.6,0,0
1515,50,63.5,0,0
1516,50,63.5,0,0
1517,50,63.5,0,0
1518,50,63.5,0,0
1519,50,63.5,0,0
1520,50,63.5,0,0
1521,50,63.5,0,0
1522,50,63.4,0,0
1523,50,63.4,0,0
1524,50,63.4,0,0
1525,50,63.4,0,0
1526,50,63.4,0,0
1527,50,63.4,0,0
1528,50,63.4,0,0
1529,50,63.3,0,0
1530,50,63.3,0,0
1531,50,63.3,0,0
1532,50,63.3,0,0
1533,50,63.3,0,0
1534,50,63.3,0,0
1535,50,63.3,0,0
1536,50,63.3,0,0
1537,50,63.2,0,0
1538,50,63.2,0,0
1539,50,63.2,0,0
1540,50,63.2,0,0
1541,50,63.2,0,0
1542,50,63.2,0,0
1543,50,63.2,0,0
1544,50,63.1,0,0
1545,50,63.1,0,0
1546,50,63.1,0,0
1547,50,63.1,0,0
1548,50,63.1,0,0
1549,50,63.1,0,0
1550,50,63.1,0,0
1551,50,63.0,0,0
1552,50,63.0,0,0
1553,50,63.0,0,0
1554,50,63.0,0,0
1555,50,63.0,0,0
1556,50,63.0,0,0
1557,50,63.0,0,0
1558,50,63.0,0,0
1559,50,62.9,0,0
1560,50,62.9,0,0
1561,50,62.9,0,0
1562,50,62.9,0,0
1563,50,62.9,0,0
1564,50,62.9,0,0
1565,50,62.9,0,0
1566,50,62.8,0,0
1567,50,62.8,0,0
1568,50,62.8,0,0
1569,50,62.8,0,0
1570,50,62.8,0,0
1571,50,62.8,0,0
1572,50,62.8,0,0
1573,50,62.7,0,0
1574,50,62.7,0,0
1575,50,62.7,0,0
1576,50,62.7,0,0
1577,50,62.7,0,0
1578,50,62.7,0,0
1579,50,62.7,0,0
1580,50,62.6,0,0
1581,50,62.6,0,0
1582,50,62.6,0,0
1583,50,62.6,0,0
1584,50,62.6,0,0
1585,50,62.6,0,0
1586,50,62.6,0,0
1587,50,62.5,0,0
1588,50,62.5,0,0
1589,50,62.5,0,0
1590,50,62.5,0,0
1591,50,62.5,0,0
1592,50,62.5,0,0
1593,50,62.5,0,0
1594,50,62.4,0,0
1595,50,62.4,0,0
1596,50,62.4,0,0
1597,50,62.4,0,0
1598,50,62.4,0,0
1599,50,62.4,0,0
1600,50,62.4,0,0
1601,50,62.3,0,0
1602,50,62.3,0,0
1603,50,62.3,0,0
1604,50,62.3,0,0
1605,50,62.3,0,0
1606,50,62.3,0,0
1607,50,62.3,0,0
1608,50,62.2,0,0
1609,50,62.2,0,0
1610,50,62.2,0,0
1611,50,62.2,0,0
1612,50,62.2,0,0
1613,50,62.2,0,0
1614,50,62.2,0,0
1615,50,62.1,0,0
1616,50,62.1,0,0
1617,50,62.1,0,0
1618,50,62.1,0,0
1619,50,62.1,0,0
1620,50,62.1,0,0
1621,50,62.1,0,0
1622,50,62.0,0,0
1623,50,62.0,0,0
1624,50,62.0,0,0
1625,50,62.0,0,0
1626,50,62.0,0,0
1627,50,62.0,0,0
1628,50,62.0,0,0
1629,50,61.9,0,0
1630,50,61.9,0,0
1631,50,61.9,0,0
1632,50,61.9,0,0
1633,50,61.9,0,0
1634,50,61.9,0,0
1635,50,61.9,0,0
1636,50,61.8,0,0
1637,50,61.8,0,0
1638,50,61.8,0,0
1639,50,61.8,0,0
1640,50,61.8,0,0
1641,50,61.8,0,0
1642,50,61.8,0,0
1643,50,61.8,0,0
1644,50,61.7,0,0
1645,50,61.7,0,0
1646,50,61.7,0,0
1647,50,61.7,0,0
1648,50,61.7,0,0
1649,50,61.7,0,0
1650,50,61.6,0,0
1651,50,61.6,0,0
1652,50,61.6,0,0
1653,50,61.6,0,0
1654,50,61.6,0,0
1655,50,61.6,0,0
1656,50,61.6,0,0
1657,50,61.6,0,0
1658,50,61.5,0,0
1659,50,61.5,0,0
1660,50,61.5,0,0
1661,50,61.5,0,0
1662,50,61.5,0,0
1663,50,61.5,0,0
1664,50,61.5,0,0
1665,50,61.4,0,0
1666,50,61.4,0,0
1667,50,61.4,0,0
1668,50,61.4,0,0
1669,50,61.4,0,0
1670,50,61.4,0,0
1671,50,61.4,0,0
1672,50,61.3,0,0
1673,50,61.3,0,0
1674,50,61.3,0,0
1675,50,61.3,0,0
1676,50,61.3,0,0
1677,50,61.3,0,0
1678,50,61.3,0,0
1679,50,61.2,0,0
1680,50,61.2,0,0
1681,50,61.2,0,0
1682,50,61.2,0,0
1683,50,61.2,0,0
1684,50,61.2,0,0
1685,50,61.2,0,0
1686,50,61.1,0,0
1687,50,61.1,0,0
1688,50,61.1,0,0
1689,50,61.1,0,0
1690,50,61.1,0,0
1691,50,61.1,0,0
1692,50,61.1,0,0
1693,50,61.0,0,0
1694,50,61.0,0,0
1695,50,61.0,0,0
1696,50,61.0,0,0
1697,50,61.0,0,0
1698,50,61.0,0,0
1699,50,61.0,0,0
1700,50,60.9,0,0
1701,50,60.9,0,0
1702,50,60.9,0,0
1703,50,60.9,0,0
1704,50,60.9,0,0
1705,50,60.9,0,0
1706,50,60.9,0,0
1707,50,60.8,0,0
1708,50,60.8,0,0
1709,50,60.8,0,0
1710,50,60.8,0,0
1711,50,60.8,0,0
1712,50,60.8,0,0
1713,50,60.8,0,0
1714,50,60.7,0,0
1715,50,60.7,0,0
1716,50,60.7,0,0
1717,50,60.7,0,0
1718,50,60.7,0,0
1719,50,60.7,0,0
1720,50,60.7,0,0
1721,50,60.6,0,0
1722,50,60.6,0,0
1723,50,60.6,0,0
1724,50,60.6,0,0
1725,50,60.6,0,0
1726,50,60.6,0,0
1727,50,60.6,0,0
1728,50,60.5,0,0
1729,50,60.5,0,0
1730,50,60.5,0,0
1731,50,60.5,0,0
1732,50,60.5,0,0
1733,50,60.5,0,0
1734,50,60.5,0,0
1735,50,60.4,0,0
1736,50,60.4,0,0
1737,50,60.4,0,0
1738,50,60.4,0,0
1739,50,60.4,0,0
1740,50,60.4,0,0
1741,50,60.4,0,0
1742,50,60.3,0,0
1743,50,60.3,0,0
1744,50,60.3,0,0
1745,50,60.3,0,0
1746,50,60.3,0,0
1747,50,60.3,0,0
1748,50,60.3,0,0
1749,50,60.3,0,0
1750,50,60.2,0,0
1751,50,60.2,0,0
1752,50,60.2,0,0
1753,50,60.2,0,0
1754,50,60.2,0,0
1755,50,60.2,0,0
1756,50,60.2,0,0
1757,50,60.1,0,0
1758,50,60.1,0,0
1759,50,60.1,0,0
1760,50,60.1,0,0
1761,50,60.1,0,0
1762,50,60.1,0,0
1763,50,60.1,0,0
1764,50,60.0,0,0
1765,50,60.0,0,0
1766,50,60.0,0,0
1767,50,60.0,0,0
1768,50,60.0,0,0
1769,50,60.0,0,0
1770,50,60.0,0,0
1771,50,59.9,0,0
1772,50,59.9,0,0
1773,50,59.9,0,0
1774,50,59.9,0,0
1775,50,59.9,0,0
1776,50,59.9,0,0
1777,50,59.9,0,0
1778,50,59.8,0,0
1779,50,59.8,0,0
1780,50,59.8,0,0
1781,50,59.8,0,0
1782,50,59.8,0,0
1783,50,59.8,0,0
1784,50,59.8,0,0
1785,50,59.8,0,0
1786,50,59.7,0,0
1787,50,59.7,0,0
1788,50,59.7,0,0
1789,50,59.7,0,0
1790,50,59.7,0,0
1791,50,59.7,0,0
1792,50,59.7,0,0
1793,50,59.6,0,0
1794,50,59.6,0,0
1795,50,59.6,0,0
1796,50,59.6,0,0
1797,50,59.6,0,0
1798,50,59.6,0,0
1799,50,59.6,0,0
1800,50,59.5,0,0
1801,50,59.5,0,0
1802,50,59.5,0,0
1803,50,59.5,0,0
1804,50,59.5,0,0
1805,50,59.5,0,0
1806,50,59.5,0,0
1807,50,59.4,0,0
1808,50,59.4,0,0
1809,50,59.4,0,0
1810,50,59.4,0,0
1811,50,59.4,0,0
1812,50,59.4,0,0
1813,50,59.4,0,0
1814,50,59.3,0,0
1815,50,59.3,0,0
1816,50,59.3,0,0
1817,50,59.3,0,0
1818,50,59.3,0,0
1819,50,59.3,0,0
1820,50,59.3,0,0
1821,50,59.2,0,0
1822,50,59.2,0,0
1823,50,59.2,0,0
1824,50,59.2,0,0
1825,50,59.2,0,0
1826,50,59.2,0,0
1827,50,59.2,0,0
1828,50,59.1,0,0
1829,50,59.1,0,0
1830,50,59.1,0,0
1831,50,59.1,0,0
1832,50,59.1,0,0
1833,50,59.1,0,0
1834,50,59.1,0,0
1835,50,59.1,0,0
1836,50,59.0,0,0
1837,50,59.0,0,0
1838,50,59.0,0,0
1839,50,59.0,0,0
1840,50,59.0,0,0
1841,50,59.0,0,0
1842,50,59.0,0,0
1843,50,58.9,0,0
1844,50,58.9,0,0
1845,50,58.9,0,0
1846,50,58.9,0,0
1847,50,58.9,0,0
1848,50,58.9,0,0
1849,50,58.9,0,0
1850,50,58.8,0,0
1851,50,58.8,0,0
1852,50,58.8,0,0
1853,50,58.8,0,0
1854,50,58.8,0,0
1855,50,58.8,0,0
1856,50,58.8,0,0
1857,50,58.7,0,0
1858,50,58.7,0,0
1859,50,58.7,0,0
1860,50,58.7,0,0
1861,50,58.7,0,0
1862,50,58.7,0,0
1863,50,58.7,0,0
1864,50,58.6,0,0
1865,50,58.6,0,0
1866,50,58.6,0,0
1867,50,58.6,0,0
1868,50,58.6,0,0
1869,50,58.6,0,0
1870,50,58.6,0,0
1871,50,58.5,0,0
1872,50,58.5,0,0
1873,50,58.5,0,0
1874,50,58.5,0,0
1875,50,58.5,0,0
1876,50,58.5,0,0
1877,50,58.5,0,0
1878,50,58.4,0,0
1879,50,58.4,0,0
1880,50,58.4,0,0
1881,50,58.4,0,0
1882,50,58.4,0,0
1883,50,58.4,0,0
1884,50,58.4,0,0
1885,50,58.3,0,0
1886,50,58.3,0,0
1887,50,58.3,0,0
1888,50,58.3,0,0
1889,50,58.3,0,0
1890,50,58.3,0,0
1891,50,58.3,0,0
1892,50,58.3,0,0
1893,50,58.2,0,0
1894,50,58.2,0,0
1895,50,58.2,0,0
1896,50,58.2,0,0
1897,50,58.2,0,0
1898,50,58.2,0,0
1899,50,58.1,0,0
1900,50,58.1,0,0
1901,50,58.1,0,0
1902,50,58.1,0,0
1903,50,58.1,0,0
1904,50,58.1,0,0
1905,50,58.1,0,0
1906,50,58.0,0,0
1907,50,58.0,0,0
1908,50,58.0,0,0
1909,50,58.0,0,0
1910,50,58.0,0,0
1911,50,58.0,0,0
1912,50,58.0,0,0
1913,50,57.9,0,0
1914,50,57.9,0,0
1915,50,57.9,0,0
1916,50,57.9,0,0
1917,50,57.9,0,0
1918,50,57.9,0,0
1919,50,57.9,0,0
1920,50,57.9,0,0
1921,50,57.8,0,0
1922,50,57.8,0,0
1923,50,57.8,0,0
1924,50,57.8,0,0
1925,50,57.8,0,0
1926,50,57.8,0,0
1927,50,57.7,0,0
1928,50,57.7,0,0
1929,50,57.7,0,0
1930,50,57.7,0,0
1931,50,57.7,0,0
1932,50,57.7,0,0
1933,50,57.7,0,0
1934,50,57.7,0,0
1935,50,57.6,0,0
1936,50,57.6,0,0
1937,50,57.6,0,0
1938,50,57.6,0,0
1939,50,57.6,0,0
1940,50,57.6,0,0
1941,50,57.6,0,0
1942,50,57.5,0,0
1943,50,57.5,0,0
1944,50,57.5,0,0
1945,50,57.5,0,0
1946,50,57.5,0,0
1947,50,57.5,0,0
1948,50,57.5,0,0
1949,50,57.4,0,0
1950,50,57.4,0,0
1951,50,57.4,0,0
1952,50,57.4,0,0
1953,50,57.4,0,0
1954,50,57.4,0,0
1955,50,57.4,0,0
1956,50,57.3,0,0
1957,50,57.3,0,0
1958,50,57.3,0,0
1959,50,57.3,0,0
1960,50,57.3,0,0
1961,50,57.3,0,0
1962,50,57.3,0,0
1963,50,57.2,0,0
1964,50,57.2,0,0
1965,50,57.2,0,0
1966,50,57.2,0,0
1967,50,57.2,0,0
1968,50,57.2,0,0
1969,50,57.2,0,0
1970,50,57.2,0,0
1971,50,57.1,0,0
1972,50,57.1,0,0
1973,50,57.1,0,0
1974,50,57.1,0,0
1975,50,57.1,0,0
1976,50,57.1,0,0
1977,50,57.1,0,0
1978,50,57.0,0,0
1979,50,57.0,0,0
1980,50,57.0,0,0
1981,50,57.0,0,0
1982,50,57.0,0,0
1983,50,57.0,0,0
1984,50,57.0,0,0
1985,50,56.9,0,0
1986,50,56.9,0,0
1987,50,56.9,0,0
1988,50,56.9,0,0
1989,50,56.9,0,0
1990,50,56.9,0,0
1991,50,56.9,0,0
1992,50,56.8,0,0
1993,50,56.8,0,0
1994,50,56.8,0,0
1995,50,56.8,0,0
1996,50,56.8,0,0
1997,50,56.8,0,0
1998,50,56.8,0,0
1999,50,56.7,0,0
2000,50,56.7,0,0
